batch_size,run_id,seed,warmups_discarded,inner_repeat,descriptor_hash_ms,batch_hash_ms,hmac_generate_ms,hmac_verify_ms,signature_generate_ms,signature_verify_ms,total_preprocess_ms,pipeline_with_verification_ms,batch_hash_hex_chars,batch_digest_bytes,signature_der_bytes,success,error,protocol_version
10,1,12026,20,20,0.049955000,0.000000000,,,0.000000000,0.100030000,0.049955000,0.149985000,64,32,71,true,,PP-RETF-PREPROCESSING-v2
10,2,12026,20,20,0.000000000,0.050010000,,,0.000000000,0.049950000,0.050010000,0.099960000,64,32,72,true,,PP-RETF-PREPROCESSING-v2
10,3,12026,20,20,0.000000000,0.075270000,,,0.000000000,0.122785000,0.075270000,0.198055000,64,32,70,true,,PP-RETF-PREPROCESSING-v2
10,4,12026,20,20,0.000000000,0.000000000,,,0.049990000,0.099990000,0.049990000,0.149980000,64,32,70,true,,PP-RETF-PREPROCESSING-v2
10,5,12026,20,20,0.000000000,0.050025000,,,0.000000000,0.167495000,0.050025000,0.217520000,64,32,70,true,,PP-RETF-PREPROCESSING-v2
10,6,12026,20,20,0.000000000,0.000000000,,,0.025230000,0.100435000,0.025230000,0.125665000,64,32,71,true,,PP-RETF-PREPROCESSING-v2
10,7,12026,20,20,0.000000000,0.000000000,,,0.050000000,0.099995000,0.050000000,0.149995000,64,32,71,true,,PP-RETF-PREPROCESSING-v2
10,8,12026,20,20,0.000000000,0.000000000,,,0.050070000,0.099955000,0.050070000,0.150025000,64,32,71,true,,PP-RETF-PREPROCESSING-v2
10,9,12026,20,20,0.000000000,0.000000000,,,0.000000000,0.125140000,0.000000000,0.125140000,64,32,70,true,,PP-RETF-PREPROCESSING-v2
10,10,12026,20,20,0.000000000,0.000000000,,,0.050290000,0.100080000,0.050290000,0.150370000,64,32,71,true,,PP-RETF-PREPROCESSING-v2
10,11,12026,20,20,0.000000000,0.000000000,,,0.025350000,0.100110000,0.025350000,0.125460000,64,32,71,true,,PP-RETF-PREPROCESSING-v2
10,12,12026,20,20,0.000000000,0.000000000,,,0.000000000,0.100030000,0.000000000,0.100030000,64,32,71,true,,PP-RETF-PREPROCESSING-v2
10,13,12026,20,20,0.000000000,0.000000000,,,0.049965000,0.100010000,0.049965000,0.149975000,64,32,72,true,,PP-RETF-PREPROCESSING-v2
10,14,12026,20,20,0.000000000,0.025375000,,,0.000000000,0.125675000,0.025375000,0.151050000,64,32,71,true,,PP-RETF-PREPROCESSING-v2
10,15,12026,20,20,0.000000000,0.000000000,,,0.050010000,0.099985000,0.050010000,0.149995000,64,32,70,true,,PP-RETF-PREPROCESSING-v2
10,16,12026,20,20,0.000000000,0.000000000,,,0.000000000,0.100005000,0.000000000,0.100005000,64,32,70,true,,PP-RETF-PREPROCESSING-v2
10,17,12026,20,20,0.000000000,0.049965000,,,0.000000000,0.075325000,0.049965000,0.125290000,64,32,72,true,,PP-RETF-PREPROCESSING-v2
10,18,12026,20,20,0.000000000,0.058445000,,,0.000000000,0.104655000,0.058445000,0.163100000,64,32,71,true,,PP-RETF-PREPROCESSING-v2
10,19,12026,20,20,0.000000000,0.000000000,,,0.049990000,0.049995000,0.049990000,0.099985000,64,32,71,true,,PP-RETF-PREPROCESSING-v2
10,20,12026,20,20,0.072765000,0.000000000,,,0.000000000,0.111735000,0.072765000,0.184500000,64,32,70,true,,PP-RETF-PREPROCESSING-v2
10,21,12026,20,20,0.000000000,0.000000000,,,0.000000000,0.127895000,0.000000000,0.127895000,64,32,71,true,,PP-RETF-PREPROCESSING-v2
10,22,12026,20,20,0.000000000,0.000000000,,,0.049950000,0.099955000,0.049950000,0.149905000,64,32,71,true,,PP-RETF-PREPROCESSING-v2
10,23,12026,20,20,0.000000000,0.052335000,,,0.000000000,0.112005000,0.052335000,0.164340000,64,32,71,true,,PP-RETF-PREPROCESSING-v2
10,24,12026,20,20,0.000000000,0.000000000,,,0.049965000,0.100010000,0.049965000,0.149975000,64,32,71,true,,PP-RETF-PREPROCESSING-v2
10,25,12026,20,20,0.000000000,0.000000000,,,0.000000000,0.134240000,0.000000000,0.134240000,64,32,72,true,,PP-RETF-PREPROCESSING-v2
10,26,12026,20,20,0.000000000,0.000000000,,,0.000000000,0.103570000,0.000000000,0.103570000,64,32,71,true,,PP-RETF-PREPROCESSING-v2
10,27,12026,20,20,0.000000000,0.050620000,,,0.000000000,0.100330000,0.050620000,0.150950000,64,32,71,true,,PP-RETF-PREPROCESSING-v2
10,28,12026,20,20,0.000000000,0.000000000,,,0.000000000,0.125205000,0.000000000,0.125205000,64,32,71,true,,PP-RETF-PREPROCESSING-v2
10,29,12026,20,20,0.000000000,0.000000000,,,0.000000000,0.119870000,0.000000000,0.119870000,64,32,72,true,,PP-RETF-PREPROCESSING-v2
10,30,12026,20,20,0.000000000,0.000000000,,,0.049890000,0.100005000,0.049890000,0.149895000,64,32,72,true,,PP-RETF-PREPROCESSING-v2
10,31,12026,20,20,0.000000000,0.050055000,,,0.000000000,0.108455000,0.050055000,0.158510000,64,32,71,true,,PP-RETF-PREPROCESSING-v2
10,32,12026,20,20,0.000000000,0.000000000,,,0.000000000,0.125770000,0.000000000,0.125770000,64,32,72,true,,PP-RETF-PREPROCESSING-v2
10,33,12026,20,20,0.000000000,0.000000000,,,0.049970000,0.049965000,0.049970000,0.099935000,64,32,72,true,,PP-RETF-PREPROCESSING-v2
10,34,12026,20,20,0.000000000,0.000000000,,,0.050025000,0.104590000,0.050025000,0.154615000,64,32,70,true,,PP-RETF-PREPROCESSING-v2
10,35,12026,20,20,0.000000000,0.000000000,,,0.049990000,0.049950000,0.049990000,0.099940000,64,32,72,true,,PP-RETF-PREPROCESSING-v2
10,36,12026,20,20,0.000000000,0.000000000,,,0.000000000,0.112330000,0.000000000,0.112330000,64,32,71,true,,PP-RETF-PREPROCESSING-v2
10,37,12026,20,20,0.058370000,0.000000000,,,0.030615000,0.050280000,0.088985000,0.139265000,64,32,70,true,,PP-RETF-PREPROCESSING-v2
10,38,12026,20,20,0.000000000,0.000000000,,,0.049975000,0.100030000,0.049975000,0.150005000,64,32,70,true,,PP-RETF-PREPROCESSING-v2
10,39,12026,20,20,0.000000000,0.000000000,,,0.050110000,0.103375000,0.050110000,0.153485000,64,32,72,true,,PP-RETF-PREPROCESSING-v2
10,40,12026,20,20,0.000000000,0.000000000,,,0.000000000,0.127495000,0.000000000,0.127495000,64,32,71,true,,PP-RETF-PREPROCESSING-v2
10,41,12026,20,20,0.000000000,0.000000000,,,0.056685000,0.072495000,0.056685000,0.129180000,64,32,71,true,,PP-RETF-PREPROCESSING-v2
10,42,12026,20,20,0.000000000,0.000000000,,,0.050140000,0.099880000,0.050140000,0.150020000,64,32,70,true,,PP-RETF-PREPROCESSING-v2
10,43,12026,20,20,0.000000000,0.000000000,,,0.059200000,0.058305000,0.059200000,0.117505000,64,32,71,true,,PP-RETF-PREPROCESSING-v2
10,44,12026,20,20,0.000000000,0.000000000,,,0.075200000,0.100185000,0.075200000,0.175385000,64,32,70,true,,PP-RETF-PREPROCESSING-v2
10,45,12026,20,20,0.000000000,0.000000000,,,0.050110000,0.049990000,0.050110000,0.100100000,64,32,71,true,,PP-RETF-PREPROCESSING-v2
10,46,12026,20,20,0.049950000,0.000000000,,,0.000000000,0.099975000,0.049950000,0.149925000,64,32,71,true,,PP-RETF-PREPROCESSING-v2
10,47,12026,20,20,0.000000000,0.000000000,,,0.049995000,0.050255000,0.049995000,0.100250000,64,32,71,true,,PP-RETF-PREPROCESSING-v2
10,48,12026,20,20,0.000000000,0.075275000,,,0.000000000,0.114965000,0.075275000,0.190240000,64,32,72,true,,PP-RETF-PREPROCESSING-v2
10,49,12026,20,20,0.000000000,0.000000000,,,0.049970000,0.049930000,0.049970000,0.099900000,64,32,70,true,,PP-RETF-PREPROCESSING-v2
10,50,12026,20,20,0.000000000,0.000000000,,,0.050060000,0.099930000,0.050060000,0.149990000,64,32,71,true,,PP-RETF-PREPROCESSING-v2
10,51,12026,20,20,0.000000000,0.000000000,,,0.000000000,0.150025000,0.000000000,0.150025000,64,32,71,true,,PP-RETF-PREPROCESSING-v2
10,52,12026,20,20,0.000000000,0.000000000,,,0.025485000,0.066850000,0.025485000,0.092335000,64,32,71,true,,PP-RETF-PREPROCESSING-v2
10,53,12026,20,20,0.000000000,0.000000000,,,0.063535000,0.105135000,0.063535000,0.168670000,64,32,70,true,,PP-RETF-PREPROCESSING-v2
10,54,12026,20,20,0.000000000,0.000000000,,,0.067190000,0.100020000,0.067190000,0.167210000,64,32,70,true,,PP-RETF-PREPROCESSING-v2
10,55,12026,20,20,0.000000000,0.000000000,,,0.075275000,0.159850000,0.075275000,0.235125000,64,32,72,true,,PP-RETF-PREPROCESSING-v2
10,56,12026,20,20,0.000000000,0.000000000,,,0.049940000,0.099980000,0.049940000,0.149920000,64,32,72,true,,PP-RETF-PREPROCESSING-v2
10,57,12026,20,20,0.000000000,0.000000000,,,0.075000000,0.049965000,0.075000000,0.124965000,64,32,71,true,,PP-RETF-PREPROCESSING-v2
10,58,12026,20,20,0.000000000,0.000000000,,,0.100975000,0.125795000,0.100975000,0.226770000,64,32,70,true,,PP-RETF-PREPROCESSING-v2
10,59,12026,20,20,0.000000000,0.000000000,,,0.049935000,0.099935000,0.049935000,0.149870000,64,32,70,true,,PP-RETF-PREPROCESSING-v2
10,60,12026,20,20,0.000000000,0.049980000,,,0.000000000,0.125205000,0.049980000,0.175185000,64,32,72,true,,PP-RETF-PREPROCESSING-v2
10,61,12026,20,20,0.000000000,0.000000000,,,0.025805000,0.100585000,0.025805000,0.126390000,64,32,71,true,,PP-RETF-PREPROCESSING-v2
10,62,12026,20,20,0.000000000,0.000000000,,,0.066300000,0.099980000,0.066300000,0.166280000,64,32,72,true,,PP-RETF-PREPROCESSING-v2
10,63,12026,20,20,0.000000000,0.000000000,,,0.049920000,0.149970000,0.049920000,0.199890000,64,32,72,true,,PP-RETF-PREPROCESSING-v2
10,64,12026,20,20,0.000000000,0.000000000,,,0.050075000,0.058320000,0.050075000,0.108395000,64,32,72,true,,PP-RETF-PREPROCESSING-v2
10,65,12026,20,20,0.000000000,0.067255000,,,0.000000000,0.099940000,0.067255000,0.167195000,64,32,71,true,,PP-RETF-PREPROCESSING-v2
10,66,12026,20,20,0.000000000,0.000000000,,,0.050015000,0.100090000,0.050015000,0.150105000,64,32,71,true,,PP-RETF-PREPROCESSING-v2
10,67,12026,20,20,0.000000000,0.000000000,,,0.000000000,0.139740000,0.000000000,0.139740000,64,32,72,true,,PP-RETF-PREPROCESSING-v2
10,68,12026,20,20,0.000000000,0.000000000,,,0.050810000,0.116680000,0.050810000,0.167490000,64,32,70,true,,PP-RETF-PREPROCESSING-v2
10,69,12026,20,20,0.000000000,0.000000000,,,0.050490000,0.050055000,0.050490000,0.100545000,64,32,70,true,,PP-RETF-PREPROCESSING-v2
10,70,12026,20,20,0.000000000,0.000000000,,,0.063290000,0.099915000,0.063290000,0.163205000,64,32,70,true,,PP-RETF-PREPROCESSING-v2
10,71,12026,20,20,0.000000000,0.000000000,,,0.000000000,0.175760000,0.000000000,0.175760000,64,32,71,true,,PP-RETF-PREPROCESSING-v2
10,72,12026,20,20,0.000000000,0.000000000,,,0.000000000,0.140975000,0.000000000,0.140975000,64,32,70,true,,PP-RETF-PREPROCESSING-v2
10,73,12026,20,20,0.000000000,0.000000000,,,0.000000000,0.099915000,0.000000000,0.099915000,64,32,71,true,,PP-RETF-PREPROCESSING-v2
10,74,12026,20,20,0.058515000,0.000000000,,,0.000000000,0.125740000,0.058515000,0.184255000,64,32,71,true,,PP-RETF-PREPROCESSING-v2
10,75,12026,20,20,0.000000000,0.000000000,,,0.000000000,0.155630000,0.000000000,0.155630000,64,32,72,true,,PP-RETF-PREPROCESSING-v2
10,76,12026,20,20,0.000000000,0.000000000,,,0.000000000,0.116355000,0.000000000,0.116355000,64,32,72,true,,PP-RETF-PREPROCESSING-v2
10,77,12026,20,20,0.000000000,0.049980000,,,0.000000000,0.099985000,0.049980000,0.149965000,64,32,71,true,,PP-RETF-PREPROCESSING-v2
10,78,12026,20,20,0.000000000,0.000000000,,,0.050000000,0.102865000,0.050000000,0.152865000,64,32,71,true,,PP-RETF-PREPROCESSING-v2
10,79,12026,20,20,0.000000000,0.000000000,,,0.000000000,0.138740000,0.000000000,0.138740000,64,32,70,true,,PP-RETF-PREPROCESSING-v2
10,80,12026,20,20,0.000000000,0.000000000,,,0.050360000,0.099945000,0.050360000,0.150305000,64,32,70,true,,PP-RETF-PREPROCESSING-v2
10,81,12026,20,20,0.000000000,0.000000000,,,0.050075000,0.068195000,0.050075000,0.118270000,64,32,71,true,,PP-RETF-PREPROCESSING-v2
10,82,12026,20,20,0.050000000,0.000000000,,,0.000000000,0.122900000,0.050000000,0.172900000,64,32,71,true,,PP-RETF-PREPROCESSING-v2
10,83,12026,20,20,0.000000000,0.000000000,,,0.000000000,0.100335000,0.000000000,0.100335000,64,32,72,true,,PP-RETF-PREPROCESSING-v2
10,84,12026,20,20,0.000000000,0.000000000,,,0.099875000,0.091555000,0.099875000,0.191430000,64,32,70,true,,PP-RETF-PREPROCESSING-v2
10,85,12026,20,20,0.000000000,0.000000000,,,0.050075000,0.100895000,0.050075000,0.150970000,64,32,72,true,,PP-RETF-PREPROCESSING-v2
10,86,12026,20,20,0.000000000,0.000000000,,,0.000000000,0.099885000,0.000000000,0.099885000,64,32,71,true,,PP-RETF-PREPROCESSING-v2
10,87,12026,20,20,0.000000000,0.050720000,,,0.000000000,0.099965000,0.050720000,0.150685000,64,32,71,true,,PP-RETF-PREPROCESSING-v2
10,88,12026,20,20,0.000000000,0.000000000,,,0.049995000,0.099995000,0.049995000,0.149990000,64,32,70,true,,PP-RETF-PREPROCESSING-v2
10,89,12026,20,20,0.000000000,0.000000000,,,0.075200000,0.063735000,0.075200000,0.138935000,64,32,70,true,,PP-RETF-PREPROCESSING-v2
10,90,12026,20,20,0.050135000,0.000000000,,,0.000000000,0.103440000,0.050135000,0.153575000,64,32,71,true,,PP-RETF-PREPROCESSING-v2
10,91,12026,20,20,0.000000000,0.000000000,,,0.050455000,0.107130000,0.050455000,0.157585000,64,32,70,true,,PP-RETF-PREPROCESSING-v2
10,92,12026,20,20,0.050045000,0.000000000,,,0.025365000,0.134020000,0.075410000,0.209430000,64,32,70,true,,PP-RETF-PREPROCESSING-v2
10,93,12026,20,20,0.000000000,0.050720000,,,0.000000000,0.100535000,0.050720000,0.151255000,64,32,70,true,,PP-RETF-PREPROCESSING-v2
10,94,12026,20,20,0.000000000,0.000000000,,,0.075010000,0.125930000,0.075010000,0.200940000,64,32,72,true,,PP-RETF-PREPROCESSING-v2
10,95,12026,20,20,0.000000000,0.000000000,,,0.050035000,0.050200000,0.050035000,0.100235000,64,32,71,true,,PP-RETF-PREPROCESSING-v2
10,96,12026,20,20,0.000000000,0.000000000,,,0.079975000,0.150680000,0.079975000,0.230655000,64,32,71,true,,PP-RETF-PREPROCESSING-v2
10,97,12026,20,20,0.000000000,0.000000000,,,0.050630000,0.049990000,0.050630000,0.100620000,64,32,72,true,,PP-RETF-PREPROCESSING-v2
10,98,12026,20,20,0.074225000,0.000000000,,,0.000000000,0.099745000,0.074225000,0.173970000,64,32,71,true,,PP-RETF-PREPROCESSING-v2
10,99,12026,20,20,0.052760000,0.000000000,,,0.000000000,0.121465000,0.052760000,0.174225000,64,32,71,true,,PP-RETF-PREPROCESSING-v2
10,100,12026,20,20,0.000000000,0.000000000,,,0.050150000,0.102545000,0.050150000,0.152695000,64,32,70,true,,PP-RETF-PREPROCESSING-v2
50,1,52026,20,20,0.078270000,0.026745000,,,0.025950000,0.242720000,0.130965000,0.373685000,64,32,70,true,,PP-RETF-PREPROCESSING-v2
50,2,52026,20,20,0.055640000,0.026735000,,,0.079085000,0.157060000,0.161460000,0.318520000,64,32,71,true,,PP-RETF-PREPROCESSING-v2
50,3,52026,20,20,0.053005000,0.026155000,,,0.060550000,0.215550000,0.139710000,0.355260000,64,32,72,true,,PP-RETF-PREPROCESSING-v2
50,4,52026,20,20,0.026980000,0.026820000,,,0.056175000,0.188570000,0.109975000,0.298545000,64,32,71,true,,PP-RETF-PREPROCESSING-v2
50,5,52026,20,20,0.026560000,0.052645000,,,0.052915000,0.180115000,0.132120000,0.312235000,64,32,70,true,,PP-RETF-PREPROCESSING-v2
50,6,52026,20,20,0.050460000,0.084360000,,,0.069685000,0.243950000,0.204505000,0.448455000,64,32,71,true,,PP-RETF-PREPROCESSING-v2
50,7,52026,20,20,0.113460000,0.000000000,,,0.150320000,0.168405000,0.263780000,0.432185000,64,32,72,true,,PP-RETF-PREPROCESSING-v2
50,8,52026,20,20,0.025335000,0.050410000,,,0.050035000,0.227325000,0.125780000,0.353105000,64,32,71,true,,PP-RETF-PREPROCESSING-v2
50,9,52026,20,20,0.058190000,0.049905000,,,0.000000000,0.198810000,0.108095000,0.306905000,64,32,71,true,,PP-RETF-PREPROCESSING-v2
50,10,52026,20,20,0.051130000,0.056180000,,,0.049965000,0.149920000,0.157275000,0.307195000,64,32,71,true,,PP-RETF-PREPROCESSING-v2
50,11,52026,20,20,0.075335000,0.000000000,,,0.050365000,0.200055000,0.125700000,0.325755000,64,32,71,true,,PP-RETF-PREPROCESSING-v2
50,12,52026,20,20,0.050025000,0.049980000,,,0.050015000,0.217435000,0.150020000,0.367455000,64,32,71,true,,PP-RETF-PREPROCESSING-v2
50,13,52026,20,20,0.000000000,0.049845000,,,0.049950000,0.227450000,0.099795000,0.327245000,64,32,71,true,,PP-RETF-PREPROCESSING-v2
50,14,52026,20,20,0.050240000,0.049825000,,,0.075735000,0.205715000,0.175800000,0.381515000,64,32,71,true,,PP-RETF-PREPROCESSING-v2
50,15,52026,20,20,0.050345000,0.073370000,,,0.049865000,0.225785000,0.173580000,0.399365000,64,32,70,true,,PP-RETF-PREPROCESSING-v2
50,16,52026,20,20,0.050065000,0.069380000,,,0.065535000,0.184395000,0.184980000,0.369375000,64,32,70,true,,PP-RETF-PREPROCESSING-v2
50,17,52026,20,20,0.052005000,0.000000000,,,0.100755000,0.192175000,0.152760000,0.344935000,64,32,71,true,,PP-RETF-PREPROCESSING-v2
50,18,52026,20,20,0.050415000,0.000000000,,,0.049920000,0.225680000,0.100335000,0.326015000,64,32,72,true,,PP-RETF-PREPROCESSING-v2
50,19,52026,20,20,0.049910000,0.000000000,,,0.100070000,0.150160000,0.149980000,0.300140000,64,32,71,true,,PP-RETF-PREPROCESSING-v2
50,20,52026,20,20,0.075505000,0.000000000,,,0.100525000,0.175915000,0.176030000,0.351945000,64,32,71,true,,PP-RETF-PREPROCESSING-v2
50,21,52026,20,20,0.050095000,0.050100000,,,0.063435000,0.175610000,0.163630000,0.339240000,64,32,72,true,,PP-RETF-PREPROCESSING-v2
50,22,52026,20,20,0.050010000,0.029505000,,,0.100395000,0.175830000,0.179910000,0.355740000,64,32,72,true,,PP-RETF-PREPROCESSING-v2
50,23,52026,20,20,0.000000000,0.050210000,,,0.052050000,0.201300000,0.102260000,0.303560000,64,32,71,true,,PP-RETF-PREPROCESSING-v2
50,24,52026,20,20,0.050425000,0.049940000,,,0.099985000,0.193695000,0.200350000,0.394045000,64,32,71,true,,PP-RETF-PREPROCESSING-v2
50,25,52026,20,20,0.050320000,0.000000000,,,0.101315000,0.211630000,0.151635000,0.363265000,64,32,71,true,,PP-RETF-PREPROCESSING-v2
50,26,52026,20,20,0.069620000,0.000000000,,,0.122740000,0.252445000,0.192360000,0.444805000,64,32,71,true,,PP-RETF-PREPROCESSING-v2
50,27,52026,20,20,0.000000000,0.075895000,,,0.060445000,0.150030000,0.136340000,0.286370000,64,32,71,true,,PP-RETF-PREPROCESSING-v2
50,28,52026,20,20,0.099990000,0.049840000,,,0.049870000,0.207380000,0.199700000,0.407080000,64,32,72,true,,PP-RETF-PREPROCESSING-v2
50,29,52026,20,20,0.000000000,0.055485000,,,0.054080000,0.177670000,0.109565000,0.287235000,64,32,71,true,,PP-RETF-PREPROCESSING-v2
50,30,52026,20,20,0.050030000,0.000000000,,,0.071385000,0.210320000,0.121415000,0.331735000,64,32,71,true,,PP-RETF-PREPROCESSING-v2
50,31,52026,20,20,0.050005000,0.000000000,,,0.049985000,0.231430000,0.099990000,0.331420000,64,32,71,true,,PP-RETF-PREPROCESSING-v2
50,32,52026,20,20,0.050275000,0.000000000,,,0.049975000,0.181740000,0.100250000,0.281990000,64,32,71,true,,PP-RETF-PREPROCESSING-v2
50,33,52026,20,20,0.063640000,0.000000000,,,0.050030000,0.179680000,0.113670000,0.293350000,64,32,71,true,,PP-RETF-PREPROCESSING-v2
50,34,52026,20,20,0.049995000,0.000000000,,,0.049995000,0.175685000,0.099990000,0.275675000,64,32,72,true,,PP-RETF-PREPROCESSING-v2
50,35,52026,20,20,0.049945000,0.000000000,,,0.052355000,0.204245000,0.102300000,0.306545000,64,32,70,true,,PP-RETF-PREPROCESSING-v2
50,36,52026,20,20,0.000000000,0.051935000,,,0.049890000,0.200320000,0.101825000,0.302145000,64,32,71,true,,PP-RETF-PREPROCESSING-v2
50,37,52026,20,20,0.000000000,0.050085000,,,0.025370000,0.200655000,0.075455000,0.276110000,64,32,72,true,,PP-RETF-PREPROCESSING-v2
50,38,52026,20,20,0.050000000,0.000000000,,,0.116220000,0.180845000,0.166220000,0.347065000,64,32,72,true,,PP-RETF-PREPROCESSING-v2
50,39,52026,20,20,0.049855000,0.049955000,,,0.050140000,0.155540000,0.149950000,0.305490000,64,32,72,true,,PP-RETF-PREPROCESSING-v2
50,40,52026,20,20,0.050055000,0.063220000,,,0.049915000,0.174795000,0.163190000,0.337985000,64,32,70,true,,PP-RETF-PREPROCESSING-v2
50,41,52026,20,20,0.050545000,0.000000000,,,0.049920000,0.167275000,0.100465000,0.267740000,64,32,72,true,,PP-RETF-PREPROCESSING-v2
50,42,52026,20,20,0.075415000,0.000000000,,,0.052105000,0.235100000,0.127520000,0.362620000,64,32,70,true,,PP-RETF-PREPROCESSING-v2
50,43,52026,20,20,0.050030000,0.000000000,,,0.072860000,0.157170000,0.122890000,0.280060000,64,32,72,true,,PP-RETF-PREPROCESSING-v2
50,44,52026,20,20,0.072900000,0.000000000,,,0.068475000,0.186755000,0.141375000,0.328130000,64,32,71,true,,PP-RETF-PREPROCESSING-v2
50,45,52026,20,20,0.050285000,0.000000000,,,0.030575000,0.183045000,0.080860000,0.263905000,64,32,71,true,,PP-RETF-PREPROCESSING-v2
50,46,52026,20,20,0.050565000,0.050300000,,,0.000000000,0.232470000,0.100865000,0.333335000,64,32,71,true,,PP-RETF-PREPROCESSING-v2
50,47,52026,20,20,0.000000000,0.050165000,,,0.000000000,0.235675000,0.050165000,0.285840000,64,32,72,true,,PP-RETF-PREPROCESSING-v2
50,48,52026,20,20,0.025200000,0.050430000,,,0.000000000,0.265205000,0.075630000,0.340835000,64,32,72,true,,PP-RETF-PREPROCESSING-v2
50,49,52026,20,20,0.000000000,0.050120000,,,0.049930000,0.178635000,0.100050000,0.278685000,64,32,70,true,,PP-RETF-PREPROCESSING-v2
50,50,52026,20,20,0.050495000,0.050055000,,,0.000000000,0.170755000,0.100550000,0.271305000,64,32,70,true,,PP-RETF-PREPROCESSING-v2
50,51,52026,20,20,0.057600000,0.050615000,,,0.050070000,0.168480000,0.158285000,0.326765000,64,32,71,true,,PP-RETF-PREPROCESSING-v2
50,52,52026,20,20,0.074110000,0.025180000,,,0.075810000,0.167835000,0.175100000,0.342935000,64,32,72,true,,PP-RETF-PREPROCESSING-v2
50,53,52026,20,20,0.080675000,0.026190000,,,0.026335000,0.178110000,0.133200000,0.311310000,64,32,71,true,,PP-RETF-PREPROCESSING-v2
50,54,52026,20,20,0.051895000,0.050045000,,,0.073445000,0.155385000,0.175385000,0.330770000,64,32,70,true,,PP-RETF-PREPROCESSING-v2
50,55,52026,20,20,0.063560000,0.000000000,,,0.075160000,0.170810000,0.138720000,0.309530000,64,32,72,true,,PP-RETF-PREPROCESSING-v2
50,56,52026,20,20,0.000000000,0.050570000,,,0.000000000,0.260525000,0.050570000,0.311095000,64,32,72,true,,PP-RETF-PREPROCESSING-v2
50,57,52026,20,20,0.025355000,0.000000000,,,0.050395000,0.209045000,0.075750000,0.284795000,64,32,72,true,,PP-RETF-PREPROCESSING-v2
50,58,52026,20,20,0.050150000,0.000000000,,,0.049865000,0.204990000,0.100015000,0.305005000,64,32,70,true,,PP-RETF-PREPROCESSING-v2
50,59,52026,20,20,0.000000000,0.000000000,,,0.070260000,0.149780000,0.070260000,0.220040000,64,32,70,true,,PP-RETF-PREPROCESSING-v2
50,60,52026,20,20,0.062990000,0.000000000,,,0.050620000,0.215370000,0.113610000,0.328980000,64,32,70,true,,PP-RETF-PREPROCESSING-v2
50,61,52026,20,20,0.000000000,0.050415000,,,0.000000000,0.193855000,0.050415000,0.244270000,64,32,72,true,,PP-RETF-PREPROCESSING-v2
50,62,52026,20,20,0.050510000,0.000000000,,,0.057235000,0.125970000,0.107745000,0.233715000,64,32,72,true,,PP-RETF-PREPROCESSING-v2
50,63,52026,20,20,0.072615000,0.000000000,,,0.050540000,0.171325000,0.123155000,0.294480000,64,32,71,true,,PP-RETF-PREPROCESSING-v2
50,64,52026,20,20,0.072850000,0.000000000,,,0.063395000,0.176730000,0.136245000,0.312975000,64,32,72,true,,PP-RETF-PREPROCESSING-v2
50,65,52026,20,20,0.050145000,0.000000000,,,0.061025000,0.199985000,0.111170000,0.311155000,64,32,71,true,,PP-RETF-PREPROCESSING-v2
50,66,52026,20,20,0.053635000,0.000000000,,,0.050300000,0.209350000,0.103935000,0.313285000,64,32,71,true,,PP-RETF-PREPROCESSING-v2
50,67,52026,20,20,0.071545000,0.000000000,,,0.049950000,0.175600000,0.121495000,0.297095000,64,32,70,true,,PP-RETF-PREPROCESSING-v2
50,68,52026,20,20,0.056520000,0.000000000,,,0.050005000,0.115745000,0.106525000,0.222270000,64,32,71,true,,PP-RETF-PREPROCESSING-v2
50,69,52026,20,20,0.072575000,0.050520000,,,0.000000000,0.201815000,0.123095000,0.324910000,64,32,70,true,,PP-RETF-PREPROCESSING-v2
50,70,52026,20,20,0.049980000,0.000000000,,,0.049960000,0.150150000,0.099940000,0.250090000,64,32,71,true,,PP-RETF-PREPROCESSING-v2
50,71,52026,20,20,0.100010000,0.000000000,,,0.075290000,0.150450000,0.175300000,0.325750000,64,32,72,true,,PP-RETF-PREPROCESSING-v2
50,72,52026,20,20,0.073300000,0.000000000,,,0.117745000,0.175405000,0.191045000,0.366450000,64,32,71,true,,PP-RETF-PREPROCESSING-v2
50,73,52026,20,20,0.000000000,0.050400000,,,0.049920000,0.167765000,0.100320000,0.268085000,64,32,70,true,,PP-RETF-PREPROCESSING-v2
50,74,52026,20,20,0.049985000,0.000000000,,,0.049970000,0.275515000,0.099955000,0.375470000,64,32,71,true,,PP-RETF-PREPROCESSING-v2
50,75,52026,20,20,0.050005000,0.049960000,,,0.000000000,0.151205000,0.099965000,0.251170000,64,32,72,true,,PP-RETF-PREPROCESSING-v2
50,76,52026,20,20,0.069660000,0.000000000,,,0.079990000,0.202315000,0.149650000,0.351965000,64,32,71,true,,PP-RETF-PREPROCESSING-v2
50,77,52026,20,20,0.000000000,0.079425000,,,0.050275000,0.207575000,0.129700000,0.337275000,64,32,71,true,,PP-RETF-PREPROCESSING-v2
50,78,52026,20,20,0.000000000,0.052710000,,,0.000000000,0.176655000,0.052710000,0.229365000,64,32,71,true,,PP-RETF-PREPROCESSING-v2
50,79,52026,20,20,0.071290000,0.000000000,,,0.080435000,0.230315000,0.151725000,0.382040000,64,32,72,true,,PP-RETF-PREPROCESSING-v2
50,80,52026,20,20,0.053030000,0.027075000,,,0.053625000,0.183630000,0.133730000,0.317360000,64,32,71,true,,PP-RETF-PREPROCESSING-v2
50,81,52026,20,20,0.026000000,0.026410000,,,0.052770000,0.314205000,0.105180000,0.419385000,64,32,70,true,,PP-RETF-PREPROCESSING-v2
50,82,52026,20,20,0.050030000,0.050040000,,,0.075310000,0.184585000,0.175380000,0.359965000,64,32,72,true,,PP-RETF-PREPROCESSING-v2
50,83,52026,20,20,0.053275000,0.000000000,,,0.052275000,0.246360000,0.105550000,0.351910000,64,32,70,true,,PP-RETF-PREPROCESSING-v2
50,84,52026,20,20,0.052280000,0.026125000,,,0.052575000,0.163390000,0.130980000,0.294370000,64,32,71,true,,PP-RETF-PREPROCESSING-v2
50,85,52026,20,20,0.026340000,0.052725000,,,0.051900000,0.164775000,0.130965000,0.295740000,64,32,70,true,,PP-RETF-PREPROCESSING-v2
50,86,52026,20,20,0.052735000,0.026475000,,,0.052905000,0.180675000,0.132115000,0.312790000,64,32,72,true,,PP-RETF-PREPROCESSING-v2
50,87,52026,20,20,0.000000000,0.050265000,,,0.025660000,0.186525000,0.075925000,0.262450000,64,32,71,true,,PP-RETF-PREPROCESSING-v2
50,88,52026,20,20,0.061110000,0.000000000,,,0.061865000,0.194170000,0.122975000,0.317145000,64,32,72,true,,PP-RETF-PREPROCESSING-v2
50,89,52026,20,20,0.050145000,0.000000000,,,0.062815000,0.187065000,0.112960000,0.300025000,64,32,71,true,,PP-RETF-PREPROCESSING-v2
50,90,52026,20,20,0.050530000,0.000000000,,,0.075635000,0.210120000,0.126165000,0.336285000,64,32,71,true,,PP-RETF-PREPROCESSING-v2
50,91,52026,20,20,0.000000000,0.050035000,,,0.050015000,0.175490000,0.100050000,0.275540000,64,32,72,true,,PP-RETF-PREPROCESSING-v2
50,92,52026,20,20,0.050310000,0.000000000,,,0.049950000,0.200845000,0.100260000,0.301105000,64,32,72,true,,PP-RETF-PREPROCESSING-v2
50,93,52026,20,20,0.050065000,0.000000000,,,0.049975000,0.175580000,0.100040000,0.275620000,64,32,71,true,,PP-RETF-PREPROCESSING-v2
50,94,52026,20,20,0.062560000,0.000000000,,,0.050550000,0.217585000,0.113110000,0.330695000,64,32,71,true,,PP-RETF-PREPROCESSING-v2
50,95,52026,20,20,0.050005000,0.000000000,,,0.075645000,0.150655000,0.125650000,0.276305000,64,32,72,true,,PP-RETF-PREPROCESSING-v2
50,96,52026,20,20,0.061930000,0.050585000,,,0.049975000,0.252530000,0.162490000,0.415020000,64,32,71,true,,PP-RETF-PREPROCESSING-v2
50,97,52026,20,20,0.000000000,0.000000000,,,0.072575000,0.175250000,0.072575000,0.247825000,64,32,71,true,,PP-RETF-PREPROCESSING-v2
50,98,52026,20,20,0.075815000,0.000000000,,,0.050855000,0.177030000,0.126670000,0.303700000,64,32,71,true,,PP-RETF-PREPROCESSING-v2
50,99,52026,20,20,0.050425000,0.000000000,,,0.049910000,0.152280000,0.100335000,0.252615000,64,32,71,true,,PP-RETF-PREPROCESSING-v2
50,100,52026,20,20,0.072665000,0.000000000,,,0.050835000,0.151665000,0.123500000,0.275165000,64,32,71,true,,PP-RETF-PREPROCESSING-v2
100,1,102026,20,20,0.075405000,0.031280000,,,0.100620000,0.199740000,0.207305000,0.407045000,64,32,72,true,,PP-RETF-PREPROCESSING-v2
100,2,102026,20,20,0.100050000,0.000000000,,,0.125790000,0.268700000,0.225840000,0.494540000,64,32,71,true,,PP-RETF-PREPROCESSING-v2
100,3,102026,20,20,0.112275000,0.075310000,,,0.052050000,0.384195000,0.239635000,0.623830000,64,32,72,true,,PP-RETF-PREPROCESSING-v2
100,4,102026,20,20,0.075395000,0.060270000,,,0.100000000,0.249990000,0.235665000,0.485655000,64,32,71,true,,PP-RETF-PREPROCESSING-v2
100,5,102026,20,20,0.125360000,0.050395000,,,0.049935000,0.288600000,0.225690000,0.514290000,64,32,72,true,,PP-RETF-PREPROCESSING-v2
100,6,102026,20,20,0.093015000,0.050425000,,,0.069965000,0.234915000,0.213405000,0.448320000,64,32,72,true,,PP-RETF-PREPROCESSING-v2
100,7,102026,20,20,0.150525000,0.025615000,,,0.082040000,0.226855000,0.258180000,0.485035000,64,32,70,true,,PP-RETF-PREPROCESSING-v2
100,8,102026,20,20,0.099860000,0.000000000,,,0.125560000,0.200075000,0.225420000,0.425495000,64,32,72,true,,PP-RETF-PREPROCESSING-v2
100,9,102026,20,20,0.103305000,0.068020000,,,0.085370000,0.252705000,0.256695000,0.509400000,64,32,71,true,,PP-RETF-PREPROCESSING-v2
100,10,102026,20,20,0.049840000,0.115525000,,,0.049940000,0.311795000,0.215305000,0.527100000,64,32,71,true,,PP-RETF-PREPROCESSING-v2
100,11,102026,20,20,0.049935000,0.050375000,,,0.075110000,0.398090000,0.175420000,0.573510000,64,32,71,true,,PP-RETF-PREPROCESSING-v2
100,12,102026,20,20,0.112105000,0.075480000,,,0.050330000,0.307800000,0.237915000,0.545715000,64,32,71,true,,PP-RETF-PREPROCESSING-v2
100,13,102026,20,20,0.064005000,0.049960000,,,0.050130000,0.293605000,0.164095000,0.457700000,64,32,71,true,,PP-RETF-PREPROCESSING-v2
100,14,102026,20,20,0.053975000,0.053905000,,,0.100485000,0.270405000,0.208365000,0.478770000,64,32,70,true,,PP-RETF-PREPROCESSING-v2
100,15,102026,20,20,0.050020000,0.066095000,,,0.058025000,0.287805000,0.174140000,0.461945000,64,32,72,true,,PP-RETF-PREPROCESSING-v2
100,16,102026,20,20,0.050595000,0.100235000,,,0.103235000,0.317335000,0.254065000,0.571400000,64,32,71,true,,PP-RETF-PREPROCESSING-v2
100,17,102026,20,20,0.100285000,0.071160000,,,0.075450000,0.266135000,0.246895000,0.513030000,64,32,71,true,,PP-RETF-PREPROCESSING-v2
100,18,102026,20,20,0.049905000,0.069710000,,,0.049985000,0.299780000,0.169600000,0.469380000,64,32,72,true,,PP-RETF-PREPROCESSING-v2
100,19,102026,20,20,0.100395000,0.049965000,,,0.066690000,0.271105000,0.217050000,0.488155000,64,32,72,true,,PP-RETF-PREPROCESSING-v2
100,20,102026,20,20,0.105610000,0.000000000,,,0.050035000,0.310335000,0.155645000,0.465980000,64,32,71,true,,PP-RETF-PREPROCESSING-v2
100,21,102026,20,20,0.050015000,0.051020000,,,0.100450000,0.259925000,0.201485000,0.461410000,64,32,71,true,,PP-RETF-PREPROCESSING-v2
100,22,102026,20,20,0.100590000,0.049900000,,,0.066950000,0.286560000,0.217440000,0.504000000,64,32,72,true,,PP-RETF-PREPROCESSING-v2
100,23,102026,20,20,0.050060000,0.050605000,,,0.109135000,0.217435000,0.209800000,0.427235000,64,32,71,true,,PP-RETF-PREPROCESSING-v2
100,24,102026,20,20,0.100455000,0.062610000,,,0.049900000,0.275355000,0.212965000,0.488320000,64,32,71,true,,PP-RETF-PREPROCESSING-v2
100,25,102026,20,20,0.050375000,0.049995000,,,0.099950000,0.250240000,0.200320000,0.450560000,64,32,72,true,,PP-RETF-PREPROCESSING-v2
100,26,102026,20,20,0.000000000,0.075290000,,,0.100440000,0.271540000,0.175730000,0.447270000,64,32,71,true,,PP-RETF-PREPROCESSING-v2
100,27,102026,20,20,0.057785000,0.000000000,,,0.101305000,0.287910000,0.159090000,0.447000000,64,32,71,true,,PP-RETF-PREPROCESSING-v2
100,28,102026,20,20,0.080545000,0.060260000,,,0.050665000,0.263785000,0.191470000,0.455255000,64,32,71,true,,PP-RETF-PREPROCESSING-v2
100,29,102026,20,20,0.067405000,0.100685000,,,0.049775000,0.292190000,0.217865000,0.510055000,64,32,70,true,,PP-RETF-PREPROCESSING-v2
100,30,102026,20,20,0.100310000,0.050025000,,,0.100180000,0.275535000,0.250515000,0.526050000,64,32,71,true,,PP-RETF-PREPROCESSING-v2
100,31,102026,20,20,0.049980000,0.050190000,,,0.128030000,0.369505000,0.228200000,0.597705000,64,32,70,true,,PP-RETF-PREPROCESSING-v2
100,32,102026,20,20,0.050010000,0.071635000,,,0.025230000,0.274040000,0.146875000,0.420915000,64,32,71,true,,PP-RETF-PREPROCESSING-v2
100,33,102026,20,20,0.099960000,0.049895000,,,0.081945000,0.248725000,0.231800000,0.480525000,64,32,71,true,,PP-RETF-PREPROCESSING-v2
100,34,102026,20,20,0.050035000,0.049960000,,,0.075250000,0.276125000,0.175245000,0.451370000,64,32,71,true,,PP-RETF-PREPROCESSING-v2
100,35,102026,20,20,0.049925000,0.100015000,,,0.053200000,0.238050000,0.203140000,0.441190000,64,32,72,true,,PP-RETF-PREPROCESSING-v2
100,36,102026,20,20,0.049985000,0.050005000,,,0.061625000,0.254565000,0.161615000,0.416180000,64,32,72,true,,PP-RETF-PREPROCESSING-v2
100,37,102026,20,20,0.051840000,0.026050000,,,0.104270000,0.238560000,0.182160000,0.420720000,64,32,71,true,,PP-RETF-PREPROCESSING-v2
100,38,102026,20,20,0.052430000,0.050375000,,,0.063640000,0.269880000,0.166445000,0.436325000,64,32,71,true,,PP-RETF-PREPROCESSING-v2
100,39,102026,20,20,0.100020000,0.075455000,,,0.100510000,0.236750000,0.275985000,0.512735000,64,32,71,true,,PP-RETF-PREPROCESSING-v2
100,40,102026,20,20,0.099980000,0.000000000,,,0.121010000,0.250355000,0.220990000,0.471345000,64,32,72,true,,PP-RETF-PREPROCESSING-v2
100,41,102026,20,20,0.100100000,0.050015000,,,0.075330000,0.275955000,0.225445000,0.501400000,64,32,71,true,,PP-RETF-PREPROCESSING-v2
100,42,102026,20,20,0.050035000,0.050120000,,,0.125440000,0.295940000,0.225595000,0.521535000,64,32,70,true,,PP-RETF-PREPROCESSING-v2
100,43,102026,20,20,0.049985000,0.072540000,,,0.100150000,0.293285000,0.222675000,0.515960000,64,32,72,true,,PP-RETF-PREPROCESSING-v2
100,44,102026,20,20,0.056175000,0.050040000,,,0.111295000,0.280165000,0.217510000,0.497675000,64,32,71,true,,PP-RETF-PREPROCESSING-v2
100,45,102026,20,20,0.050855000,0.072835000,,,0.071095000,0.279130000,0.194785000,0.473915000,64,32,71,true,,PP-RETF-PREPROCESSING-v2
100,46,102026,20,20,0.115165000,0.049845000,,,0.069730000,0.264175000,0.234740000,0.498915000,64,32,70,true,,PP-RETF-PREPROCESSING-v2
100,47,102026,20,20,0.125600000,0.000000000,,,0.106785000,0.426955000,0.232385000,0.659340000,64,32,71,true,,PP-RETF-PREPROCESSING-v2
100,48,102026,20,20,0.025335000,0.050165000,,,0.075360000,0.277850000,0.150860000,0.428710000,64,32,70,true,,PP-RETF-PREPROCESSING-v2
100,49,102026,20,20,0.110705000,0.000000000,,,0.120335000,0.250365000,0.231040000,0.481405000,64,32,70,true,,PP-RETF-PREPROCESSING-v2
100,50,102026,20,20,0.069020000,0.049870000,,,0.097620000,0.232790000,0.216510000,0.449300000,64,32,72,true,,PP-RETF-PREPROCESSING-v2
100,51,102026,20,20,0.053145000,0.052000000,,,0.050090000,0.290300000,0.155235000,0.445535000,64,32,71,true,,PP-RETF-PREPROCESSING-v2
100,52,102026,20,20,0.050015000,0.049950000,,,0.050025000,0.294530000,0.149990000,0.444520000,64,32,70,true,,PP-RETF-PREPROCESSING-v2
100,53,102026,20,20,0.110580000,0.056660000,,,0.066875000,0.253505000,0.234115000,0.487620000,64,32,70,true,,PP-RETF-PREPROCESSING-v2
100,54,102026,20,20,0.100315000,0.050060000,,,0.049895000,0.283845000,0.200270000,0.484115000,64,32,72,true,,PP-RETF-PREPROCESSING-v2
100,55,102026,20,20,0.104920000,0.000000000,,,0.050815000,0.298230000,0.155735000,0.453965000,64,32,71,true,,PP-RETF-PREPROCESSING-v2
100,56,102026,20,20,0.116990000,0.050010000,,,0.050185000,0.357480000,0.217185000,0.574665000,64,32,72,true,,PP-RETF-PREPROCESSING-v2
100,57,102026,20,20,0.090465000,0.073340000,,,0.055160000,0.278450000,0.218965000,0.497415000,64,32,72,true,,PP-RETF-PREPROCESSING-v2
100,58,102026,20,20,0.102540000,0.049960000,,,0.049980000,0.275865000,0.202480000,0.478345000,64,32,70,true,,PP-RETF-PREPROCESSING-v2
100,59,102026,20,20,0.075300000,0.050335000,,,0.100060000,0.249990000,0.225695000,0.475685000,64,32,71,true,,PP-RETF-PREPROCESSING-v2
100,60,102026,20,20,0.049975000,0.075335000,,,0.063650000,0.292225000,0.188960000,0.481185000,64,32,72,true,,PP-RETF-PREPROCESSING-v2
100,61,102026,20,20,0.049905000,0.050160000,,,0.049870000,0.335560000,0.149935000,0.485495000,64,32,70,true,,PP-RETF-PREPROCESSING-v2
100,62,102026,20,20,0.050280000,0.100070000,,,0.075345000,0.263845000,0.225695000,0.489540000,64,32,70,true,,PP-RETF-PREPROCESSING-v2
100,63,102026,20,20,0.050205000,0.107030000,,,0.000000000,0.347720000,0.157235000,0.504955000,64,32,70,true,,PP-RETF-PREPROCESSING-v2
100,64,102026,20,20,0.049935000,0.049970000,,,0.099985000,0.245625000,0.199890000,0.445515000,64,32,72,true,,PP-RETF-PREPROCESSING-v2
100,65,102026,20,20,0.049975000,0.050075000,,,0.104360000,0.251500000,0.204410000,0.455910000,64,32,70,true,,PP-RETF-PREPROCESSING-v2
100,66,102026,20,20,0.100005000,0.050005000,,,0.050015000,0.337825000,0.200025000,0.537850000,64,32,72,true,,PP-RETF-PREPROCESSING-v2
100,67,102026,20,20,0.100530000,0.053720000,,,0.050000000,0.301605000,0.204250000,0.505855000,64,32,71,true,,PP-RETF-PREPROCESSING-v2
100,68,102026,20,20,0.100095000,0.050080000,,,0.099995000,0.203610000,0.250170000,0.453780000,64,32,72,true,,PP-RETF-PREPROCESSING-v2
100,69,102026,20,20,0.107010000,0.054765000,,,0.050210000,0.282010000,0.211985000,0.493995000,64,32,70,true,,PP-RETF-PREPROCESSING-v2
100,70,102026,20,20,0.052105000,0.049980000,,,0.050015000,0.275240000,0.152100000,0.427340000,64,32,71,true,,PP-RETF-PREPROCESSING-v2
100,71,102026,20,20,0.100330000,0.049955000,,,0.049990000,0.224160000,0.200275000,0.424435000,64,32,71,true,,PP-RETF-PREPROCESSING-v2
100,72,102026,20,20,0.090925000,0.051245000,,,0.050465000,0.267315000,0.192635000,0.459950000,64,32,71,true,,PP-RETF-PREPROCESSING-v2
100,73,102026,20,20,0.061190000,0.075390000,,,0.000000000,0.294140000,0.136580000,0.430720000,64,32,72,true,,PP-RETF-PREPROCESSING-v2
100,74,102026,20,20,0.099930000,0.050065000,,,0.075215000,0.207800000,0.225210000,0.433010000,64,32,71,true,,PP-RETF-PREPROCESSING-v2
100,75,102026,20,20,0.061320000,0.075150000,,,0.049940000,0.239640000,0.186410000,0.426050000,64,32,71,true,,PP-RETF-PREPROCESSING-v2
100,76,102026,20,20,0.100090000,0.000000000,,,0.061940000,0.304980000,0.162030000,0.467010000,64,32,72,true,,PP-RETF-PREPROCESSING-v2
100,77,102026,20,20,0.049965000,0.050035000,,,0.049970000,0.250390000,0.149970000,0.400360000,64,32,71,true,,PP-RETF-PREPROCESSING-v2
100,78,102026,20,20,0.050005000,0.051380000,,,0.106345000,0.217685000,0.207730000,0.425415000,64,32,71,true,,PP-RETF-PREPROCESSING-v2
100,79,102026,20,20,0.050005000,0.100100000,,,0.025330000,0.271895000,0.175435000,0.447330000,64,32,72,true,,PP-RETF-PREPROCESSING-v2
100,80,102026,20,20,0.049980000,0.049985000,,,0.061045000,0.289265000,0.161010000,0.450275000,64,32,71,true,,PP-RETF-PREPROCESSING-v2
100,81,102026,20,20,0.049930000,0.049950000,,,0.050535000,0.253575000,0.150415000,0.403990000,64,32,71,true,,PP-RETF-PREPROCESSING-v2
100,82,102026,20,20,0.099970000,0.000000000,,,0.139070000,0.274125000,0.239040000,0.513165000,64,32,72,true,,PP-RETF-PREPROCESSING-v2
100,83,102026,20,20,0.055180000,0.051015000,,,0.105540000,0.331960000,0.211735000,0.543695000,64,32,70,true,,PP-RETF-PREPROCESSING-v2
100,84,102026,20,20,0.049870000,0.065300000,,,0.071545000,0.291345000,0.186715000,0.478060000,64,32,70,true,,PP-RETF-PREPROCESSING-v2
100,85,102026,20,20,0.052485000,0.060575000,,,0.079520000,0.268105000,0.192580000,0.460685000,64,32,71,true,,PP-RETF-PREPROCESSING-v2
100,86,102026,20,20,0.080505000,0.025935000,,,0.105800000,0.266905000,0.212240000,0.479145000,64,32,72,true,,PP-RETF-PREPROCESSING-v2
100,87,102026,20,20,0.078095000,0.026070000,,,0.108085000,0.261605000,0.212250000,0.473855000,64,32,71,true,,PP-RETF-PREPROCESSING-v2
100,88,102026,20,20,0.051580000,0.051735000,,,0.085935000,0.271725000,0.189250000,0.460975000,64,32,70,true,,PP-RETF-PREPROCESSING-v2
100,89,102026,20,20,0.053090000,0.079585000,,,0.080630000,0.265985000,0.213305000,0.479290000,64,32,72,true,,PP-RETF-PREPROCESSING-v2
100,90,102026,20,20,0.116315000,0.053910000,,,0.107560000,0.268665000,0.277785000,0.546450000,64,32,70,true,,PP-RETF-PREPROCESSING-v2
100,91,102026,20,20,0.052270000,0.051980000,,,0.107645000,0.264715000,0.211895000,0.476610000,64,32,71,true,,PP-RETF-PREPROCESSING-v2
100,92,102026,20,20,0.049950000,0.000000000,,,0.130770000,0.264925000,0.180720000,0.445645000,64,32,71,true,,PP-RETF-PREPROCESSING-v2
100,93,102026,20,20,0.053205000,0.052395000,,,0.055910000,0.292440000,0.161510000,0.453950000,64,32,71,true,,PP-RETF-PREPROCESSING-v2
100,94,102026,20,20,0.052250000,0.051935000,,,0.052295000,0.278995000,0.156480000,0.435475000,64,32,70,true,,PP-RETF-PREPROCESSING-v2
100,95,102026,20,20,0.052885000,0.052740000,,,0.078970000,0.234580000,0.184595000,0.419175000,64,32,70,true,,PP-RETF-PREPROCESSING-v2
100,96,102026,20,20,0.078885000,0.025850000,,,0.078375000,0.242165000,0.183110000,0.425275000,64,32,72,true,,PP-RETF-PREPROCESSING-v2
100,97,102026,20,20,0.051815000,0.054065000,,,0.084975000,0.235375000,0.190855000,0.426230000,64,32,71,true,,PP-RETF-PREPROCESSING-v2
100,98,102026,20,20,0.078250000,0.025980000,,,0.078280000,0.269135000,0.182510000,0.451645000,64,32,71,true,,PP-RETF-PREPROCESSING-v2
100,99,102026,20,20,0.080745000,0.025430000,,,0.082150000,0.263785000,0.188325000,0.452110000,64,32,71,true,,PP-RETF-PREPROCESSING-v2
100,100,102026,20,20,0.052325000,0.056085000,,,0.115390000,0.264945000,0.223800000,0.488745000,64,32,72,true,,PP-RETF-PREPROCESSING-v2
500,1,502026,20,20,0.343565000,0.240290000,,,0.290425000,0.945270000,0.874280000,1.819550000,64,32,71,true,,PP-RETF-PREPROCESSING-v2
500,2,502026,20,20,0.361930000,0.247160000,,,0.403520000,0.965360000,1.012610000,1.977970000,64,32,71,true,,PP-RETF-PREPROCESSING-v2
500,3,502026,20,20,0.346550000,0.199665000,,,0.263770000,0.957010000,0.809985000,1.766995000,64,32,71,true,,PP-RETF-PREPROCESSING-v2
500,4,502026,20,20,0.330565000,0.221795000,,,0.276005000,0.872555000,0.828365000,1.700920000,64,32,71,true,,PP-RETF-PREPROCESSING-v2
500,5,502026,20,20,0.353650000,0.237290000,,,0.249970000,0.945230000,0.840910000,1.786140000,64,32,72,true,,PP-RETF-PREPROCESSING-v2
500,6,502026,20,20,0.394680000,0.236305000,,,0.357555000,1.176655000,0.988540000,2.165195000,64,32,71,true,,PP-RETF-PREPROCESSING-v2
500,7,502026,20,20,0.413565000,0.277685000,,,0.259670000,1.069435000,0.950920000,2.020355000,64,32,72,true,,PP-RETF-PREPROCESSING-v2
500,8,502026,20,20,0.330410000,0.240985000,,,0.297275000,0.980495000,0.868670000,1.849165000,64,32,71,true,,PP-RETF-PREPROCESSING-v2
500,9,502026,20,20,0.483890000,0.195750000,,,0.330170000,1.129530000,1.009810000,2.139340000,64,32,71,true,,PP-RETF-PREPROCESSING-v2
500,10,502026,20,20,0.417150000,0.318195000,,,0.345160000,1.070045000,1.080505000,2.150550000,64,32,70,true,,PP-RETF-PREPROCESSING-v2
500,11,502026,20,20,0.377290000,0.268550000,,,0.316875000,0.962800000,0.962715000,1.925515000,64,32,72,true,,PP-RETF-PREPROCESSING-v2
500,12,502026,20,20,0.341455000,0.231700000,,,0.370345000,0.957245000,0.943500000,1.900745000,64,32,70,true,,PP-RETF-PREPROCESSING-v2
500,13,502026,20,20,0.425070000,0.251395000,,,0.274075000,0.923780000,0.950540000,1.874320000,64,32,70,true,,PP-RETF-PREPROCESSING-v2
500,14,502026,20,20,0.356925000,0.259260000,,,0.281285000,0.932650000,0.897470000,1.830120000,64,32,72,true,,PP-RETF-PREPROCESSING-v2
500,15,502026,20,20,0.325675000,0.227390000,,,0.238600000,0.940020000,0.791665000,1.731685000,64,32,71,true,,PP-RETF-PREPROCESSING-v2
500,16,502026,20,20,0.407385000,0.284815000,,,0.225765000,0.981115000,0.917965000,1.899080000,64,32,71,true,,PP-RETF-PREPROCESSING-v2
500,17,502026,20,20,0.400380000,0.256560000,,,0.294545000,0.937510000,0.951485000,1.888995000,64,32,71,true,,PP-RETF-PREPROCESSING-v2
500,18,502026,20,20,0.373765000,0.283130000,,,0.294785000,1.026870000,0.951680000,1.978550000,64,32,72,true,,PP-RETF-PREPROCESSING-v2
500,19,502026,20,20,0.328615000,0.263920000,,,0.250515000,0.949450000,0.843050000,1.792500000,64,32,72,true,,PP-RETF-PREPROCESSING-v2
500,20,502026,20,20,0.356820000,0.249990000,,,0.219215000,0.950255000,0.826025000,1.776280000,64,32,71,true,,PP-RETF-PREPROCESSING-v2
500,21,502026,20,20,0.348345000,0.248145000,,,0.298410000,0.955785000,0.894900000,1.850685000,64,32,70,true,,PP-RETF-PREPROCESSING-v2
500,22,502026,20,20,0.331515000,0.225080000,,,0.280880000,0.941395000,0.837475000,1.778870000,64,32,71,true,,PP-RETF-PREPROCESSING-v2
500,23,502026,20,20,0.346420000,0.234295000,,,0.235490000,0.924110000,0.816205000,1.740315000,64,32,72,true,,PP-RETF-PREPROCESSING-v2
500,24,502026,20,20,0.417735000,0.200070000,,,0.352180000,1.067385000,0.969985000,2.037370000,64,32,72,true,,PP-RETF-PREPROCESSING-v2
500,25,502026,20,20,0.435130000,0.250150000,,,0.285485000,0.950370000,0.970765000,1.921135000,64,32,72,true,,PP-RETF-PREPROCESSING-v2
500,26,502026,20,20,0.365125000,0.244705000,,,0.250025000,0.973805000,0.859855000,1.833660000,64,32,71,true,,PP-RETF-PREPROCESSING-v2
500,27,502026,20,20,0.335230000,0.241180000,,,0.309595000,0.926560000,0.886005000,1.812565000,64,32,72,true,,PP-RETF-PREPROCESSING-v2
500,28,502026,20,20,0.322845000,0.235840000,,,0.307850000,0.962620000,0.866535000,1.829155000,64,32,71,true,,PP-RETF-PREPROCESSING-v2
500,29,502026,20,20,0.343750000,0.229135000,,,0.283390000,1.046750000,0.856275000,1.903025000,64,32,72,true,,PP-RETF-PREPROCESSING-v2
500,30,502026,20,20,0.468015000,0.262865000,,,0.341550000,1.038745000,1.072430000,2.111175000,64,32,71,true,,PP-RETF-PREPROCESSING-v2
500,31,502026,20,20,0.369725000,0.311140000,,,0.357940000,1.091835000,1.038805000,2.130640000,64,32,72,true,,PP-RETF-PREPROCESSING-v2
500,32,502026,20,20,0.368200000,0.262320000,,,0.319535000,0.950515000,0.950055000,1.900570000,64,32,71,true,,PP-RETF-PREPROCESSING-v2
500,33,502026,20,20,0.383190000,0.295550000,,,0.349795000,1.387705000,1.028535000,2.416240000,64,32,72,true,,PP-RETF-PREPROCESSING-v2
500,34,502026,20,20,0.468375000,0.293530000,,,0.314270000,1.160270000,1.076175000,2.236445000,64,32,71,true,,PP-RETF-PREPROCESSING-v2
500,35,502026,20,20,0.383240000,0.261080000,,,0.290740000,0.985165000,0.935060000,1.920225000,64,32,71,true,,PP-RETF-PREPROCESSING-v2
500,36,502026,20,20,0.344230000,0.236055000,,,0.269120000,0.882490000,0.849405000,1.731895000,64,32,70,true,,PP-RETF-PREPROCESSING-v2
500,37,502026,20,20,0.368560000,0.241420000,,,0.238500000,1.112080000,0.848480000,1.960560000,64,32,71,true,,PP-RETF-PREPROCESSING-v2
500,38,502026,20,20,0.373305000,0.264590000,,,0.275070000,0.942035000,0.912965000,1.855000000,64,32,71,true,,PP-RETF-PREPROCESSING-v2
500,39,502026,20,20,0.388155000,0.201785000,,,0.278405000,0.923820000,0.868345000,1.792165000,64,32,71,true,,PP-RETF-PREPROCESSING-v2
500,40,502026,20,20,0.378200000,0.255240000,,,0.287925000,0.845120000,0.921365000,1.766485000,64,32,71,true,,PP-RETF-PREPROCESSING-v2
500,41,502026,20,20,0.370930000,0.263060000,,,0.265985000,0.975700000,0.899975000,1.875675000,64,32,72,true,,PP-RETF-PREPROCESSING-v2
500,42,502026,20,20,0.351575000,0.225485000,,,0.280965000,0.874445000,0.858025000,1.732470000,64,32,70,true,,PP-RETF-PREPROCESSING-v2
500,43,502026,20,20,0.350195000,0.242800000,,,0.250065000,0.854825000,0.843060000,1.697885000,64,32,71,true,,PP-RETF-PREPROCESSING-v2
500,44,502026,20,20,0.387610000,0.175675000,,,0.280890000,0.911990000,0.844175000,1.756165000,64,32,71,true,,PP-RETF-PREPROCESSING-v2
500,45,502026,20,20,0.261985000,0.270105000,,,0.250590000,0.887020000,0.782680000,1.669700000,64,32,71,true,,PP-RETF-PREPROCESSING-v2
500,46,502026,20,20,0.325415000,0.205710000,,,0.229360000,0.911435000,0.760485000,1.671920000,64,32,70,true,,PP-RETF-PREPROCESSING-v2
500,47,502026,20,20,0.326155000,0.250290000,,,0.251350000,0.883715000,0.827795000,1.711510000,64,32,70,true,,PP-RETF-PREPROCESSING-v2
500,48,502026,20,20,0.319380000,0.230295000,,,0.204540000,0.886205000,0.754215000,1.640420000,64,32,71,true,,PP-RETF-PREPROCESSING-v2
500,49,502026,20,20,0.325435000,0.225495000,,,0.275650000,0.878405000,0.826580000,1.704985000,64,32,72,true,,PP-RETF-PREPROCESSING-v2
500,50,502026,20,20,0.284110000,0.236605000,,,0.193480000,0.910650000,0.714195000,1.624845000,64,32,72,true,,PP-RETF-PREPROCESSING-v2
500,51,502026,20,20,0.336425000,0.221600000,,,0.201595000,0.882670000,0.759620000,1.642290000,64,32,70,true,,PP-RETF-PREPROCESSING-v2
500,52,502026,20,20,0.365925000,0.179210000,,,0.284710000,0.910850000,0.829845000,1.740695000,64,32,72,true,,PP-RETF-PREPROCESSING-v2
500,53,502026,20,20,0.281125000,0.231660000,,,0.275235000,1.068150000,0.788020000,1.856170000,64,32,70,true,,PP-RETF-PREPROCESSING-v2
500,54,502026,20,20,0.397075000,0.274755000,,,0.261215000,0.952365000,0.933045000,1.885410000,64,32,71,true,,PP-RETF-PREPROCESSING-v2
500,55,502026,20,20,0.374345000,0.260480000,,,0.238375000,0.936690000,0.873200000,1.809890000,64,32,71,true,,PP-RETF-PREPROCESSING-v2
500,56,502026,20,20,0.341925000,0.208590000,,,0.293445000,0.895565000,0.843960000,1.739525000,64,32,72,true,,PP-RETF-PREPROCESSING-v2
500,57,502026,20,20,0.315825000,0.238325000,,,0.261975000,1.035355000,0.816125000,1.851480000,64,32,72,true,,PP-RETF-PREPROCESSING-v2
500,58,502026,20,20,0.343915000,0.239280000,,,0.279445000,0.890080000,0.862640000,1.752720000,64,32,71,true,,PP-RETF-PREPROCESSING-v2
500,59,502026,20,20,0.369060000,0.250795000,,,0.265565000,0.896340000,0.885420000,1.781760000,64,32,72,true,,PP-RETF-PREPROCESSING-v2
500,60,502026,20,20,0.302510000,0.282640000,,,0.295355000,0.918655000,0.880505000,1.799160000,64,32,71,true,,PP-RETF-PREPROCESSING-v2
500,61,502026,20,20,0.435675000,0.279885000,,,0.312890000,0.984955000,1.028450000,2.013405000,64,32,70,true,,PP-RETF-PREPROCESSING-v2
500,62,502026,20,20,0.429990000,0.248390000,,,0.313805000,1.025230000,0.992185000,2.017415000,64,32,71,true,,PP-RETF-PREPROCESSING-v2
500,63,502026,20,20,0.373075000,0.239590000,,,0.294565000,0.945620000,0.907230000,1.852850000,64,32,71,true,,PP-RETF-PREPROCESSING-v2
500,64,502026,20,20,0.351085000,0.223615000,,,0.289915000,0.927550000,0.864615000,1.792165000,64,32,71,true,,PP-RETF-PREPROCESSING-v2
500,65,502026,20,20,0.330165000,0.229525000,,,0.249980000,0.927600000,0.809670000,1.737270000,64,32,71,true,,PP-RETF-PREPROCESSING-v2
500,66,502026,20,20,0.358515000,0.200010000,,,0.251140000,0.952490000,0.809665000,1.762155000,64,32,72,true,,PP-RETF-PREPROCESSING-v2
500,67,502026,20,20,0.316260000,0.235425000,,,0.266845000,0.867745000,0.818530000,1.686275000,64,32,72,true,,PP-RETF-PREPROCESSING-v2
500,68,502026,20,20,0.314605000,0.209420000,,,0.214650000,0.941765000,0.738675000,1.680440000,64,32,72,true,,PP-RETF-PREPROCESSING-v2
500,69,502026,20,20,0.334325000,0.183160000,,,0.368435000,1.012965000,0.885920000,1.898885000,64,32,72,true,,PP-RETF-PREPROCESSING-v2
500,70,502026,20,20,0.317825000,0.236215000,,,0.245595000,0.897330000,0.799635000,1.696965000,64,32,71,true,,PP-RETF-PREPROCESSING-v2
500,71,502026,20,20,0.339365000,0.216720000,,,0.241060000,0.914670000,0.797145000,1.711815000,64,32,70,true,,PP-RETF-PREPROCESSING-v2
500,72,502026,20,20,0.311335000,0.245880000,,,0.252655000,0.895225000,0.809870000,1.705095000,64,32,70,true,,PP-RETF-PREPROCESSING-v2
500,73,502026,20,20,0.360595000,0.224905000,,,0.221590000,1.010035000,0.807090000,1.817125000,64,32,72,true,,PP-RETF-PREPROCESSING-v2
500,74,502026,20,20,0.335700000,0.275175000,,,0.243940000,0.970485000,0.854815000,1.825300000,64,32,71,true,,PP-RETF-PREPROCESSING-v2
500,75,502026,20,20,0.331945000,0.208945000,,,0.347575000,0.970730000,0.888465000,1.859195000,64,32,70,true,,PP-RETF-PREPROCESSING-v2
500,76,502026,20,20,0.410380000,0.240050000,,,0.295825000,0.993430000,0.946255000,1.939685000,64,32,72,true,,PP-RETF-PREPROCESSING-v2
500,77,502026,20,20,0.368930000,0.297820000,,,0.289855000,0.970825000,0.956605000,1.927430000,64,32,71,true,,PP-RETF-PREPROCESSING-v2
500,78,502026,20,20,0.367640000,0.302650000,,,0.269820000,0.864800000,0.940110000,1.804910000,64,32,70,true,,PP-RETF-PREPROCESSING-v2
500,79,502026,20,20,0.369840000,0.341905000,,,0.319330000,0.955035000,1.031075000,1.986110000,64,32,70,true,,PP-RETF-PREPROCESSING-v2
500,80,502026,20,20,0.363980000,0.238145000,,,0.215650000,0.936580000,0.817775000,1.754355000,64,32,71,true,,PP-RETF-PREPROCESSING-v2
500,81,502026,20,20,0.334770000,0.250040000,,,0.217805000,0.879170000,0.802615000,1.681785000,64,32,70,true,,PP-RETF-PREPROCESSING-v2
500,82,502026,20,20,0.356560000,0.199945000,,,0.259330000,0.951825000,0.815835000,1.767660000,64,32,70,true,,PP-RETF-PREPROCESSING-v2
500,83,502026,20,20,0.334980000,0.225705000,,,0.267630000,1.105835000,0.828315000,1.934150000,64,32,70,true,,PP-RETF-PREPROCESSING-v2
500,84,502026,20,20,0.394200000,0.252555000,,,0.294340000,0.950440000,0.941095000,1.891535000,64,32,71,true,,PP-RETF-PREPROCESSING-v2
500,85,502026,20,20,0.335655000,0.200655000,,,0.275890000,0.925115000,0.812200000,1.737315000,64,32,72,true,,PP-RETF-PREPROCESSING-v2
500,86,502026,20,20,0.276895000,0.258165000,,,0.211655000,0.997190000,0.746715000,1.743905000,64,32,70,true,,PP-RETF-PREPROCESSING-v2
500,87,502026,20,20,0.375935000,0.219200000,,,0.281425000,1.087730000,0.876560000,1.964290000,64,32,70,true,,PP-RETF-PREPROCESSING-v2
500,88,502026,20,20,0.459175000,0.212805000,,,0.309255000,0.889840000,0.981235000,1.871075000,64,32,71,true,,PP-RETF-PREPROCESSING-v2
500,89,502026,20,20,0.354340000,0.216670000,,,0.310245000,0.938990000,0.881255000,1.820245000,64,32,70,true,,PP-RETF-PREPROCESSING-v2
500,90,502026,20,20,0.350915000,0.202670000,,,0.269945000,0.942445000,0.823530000,1.765975000,64,32,71,true,,PP-RETF-PREPROCESSING-v2
500,91,502026,20,20,0.331020000,0.217045000,,,0.265295000,0.928375000,0.813360000,1.741735000,64,32,70,true,,PP-RETF-PREPROCESSING-v2
500,92,502026,20,20,0.439200000,0.268700000,,,0.246645000,0.948050000,0.954545000,1.902595000,64,32,70,true,,PP-RETF-PREPROCESSING-v2
500,93,502026,20,20,0.500850000,0.256310000,,,0.266305000,0.906560000,1.023465000,1.930025000,64,32,70,true,,PP-RETF-PREPROCESSING-v2
500,94,502026,20,20,0.326010000,0.250390000,,,0.288930000,0.974395000,0.865330000,1.839725000,64,32,71,true,,PP-RETF-PREPROCESSING-v2
500,95,502026,20,20,0.341185000,0.331590000,,,0.204605000,1.031415000,0.877380000,1.908795000,64,32,72,true,,PP-RETF-PREPROCESSING-v2
500,96,502026,20,20,0.509175000,0.301450000,,,0.206320000,1.162950000,1.016945000,2.179895000,64,32,71,true,,PP-RETF-PREPROCESSING-v2
500,97,502026,20,20,0.370090000,0.240380000,,,0.297655000,1.031880000,0.908125000,1.940005000,64,32,71,true,,PP-RETF-PREPROCESSING-v2
500,98,502026,20,20,0.359090000,0.261565000,,,0.323070000,1.039435000,0.943725000,1.983160000,64,32,71,true,,PP-RETF-PREPROCESSING-v2
500,99,502026,20,20,0.416335000,0.261310000,,,0.321705000,0.955150000,0.999350000,1.954500000,64,32,70,true,,PP-RETF-PREPROCESSING-v2
500,100,502026,20,20,0.327275000,0.200250000,,,0.322220000,0.995655000,0.849745000,1.845400000,64,32,71,true,,PP-RETF-PREPROCESSING-v2
1000,1,1002026,20,20,0.678010000,0.441165000,,,0.486425000,1.765240000,1.605600000,3.370840000,64,32,71,true,,PP-RETF-PREPROCESSING-v2
1000,2,1002026,20,20,0.630160000,0.448835000,,,0.529735000,1.846655000,1.608730000,3.455385000,64,32,71,true,,PP-RETF-PREPROCESSING-v2
1000,3,1002026,20,20,0.626590000,0.475150000,,,0.542265000,1.721525000,1.644005000,3.365530000,64,32,71,true,,PP-RETF-PREPROCESSING-v2
1000,4,1002026,20,20,0.665455000,0.397940000,,,0.493430000,1.722185000,1.556825000,3.279010000,64,32,72,true,,PP-RETF-PREPROCESSING-v2
1000,5,1002026,20,20,0.723280000,0.436655000,,,0.533135000,1.766610000,1.693070000,3.459680000,64,32,70,true,,PP-RETF-PREPROCESSING-v2
1000,6,1002026,20,20,0.718460000,0.560865000,,,0.553450000,1.993280000,1.832775000,3.826055000,64,32,71,true,,PP-RETF-PREPROCESSING-v2
1000,7,1002026,20,20,0.726740000,0.488675000,,,0.566425000,2.124375000,1.781840000,3.906215000,64,32,71,true,,PP-RETF-PREPROCESSING-v2
1000,8,1002026,20,20,1.016160000,0.512255000,,,0.539315000,1.810830000,2.067730000,3.878560000,64,32,72,true,,PP-RETF-PREPROCESSING-v2
1000,9,1002026,20,20,0.773750000,0.460450000,,,0.530000000,1.882765000,1.764200000,3.646965000,64,32,71,true,,PP-RETF-PREPROCESSING-v2
1000,10,1002026,20,20,0.774960000,0.521420000,,,0.538960000,1.794035000,1.835340000,3.629375000,64,32,72,true,,PP-RETF-PREPROCESSING-v2
1000,11,1002026,20,20,0.713835000,0.478365000,,,0.529125000,1.797610000,1.721325000,3.518935000,64,32,71,true,,PP-RETF-PREPROCESSING-v2
1000,12,1002026,20,20,0.700330000,0.468460000,,,0.500920000,1.821550000,1.669710000,3.491260000,64,32,72,true,,PP-RETF-PREPROCESSING-v2
1000,13,1002026,20,20,0.706570000,0.479280000,,,0.509385000,1.747240000,1.695235000,3.442475000,64,32,71,true,,PP-RETF-PREPROCESSING-v2
1000,14,1002026,20,20,0.729645000,0.478880000,,,0.486530000,1.848080000,1.695055000,3.543135000,64,32,71,true,,PP-RETF-PREPROCESSING-v2
1000,15,1002026,20,20,0.653035000,0.494315000,,,0.532295000,1.866440000,1.679645000,3.546085000,64,32,70,true,,PP-RETF-PREPROCESSING-v2
1000,16,1002026,20,20,0.858765000,0.547670000,,,0.572825000,2.046870000,1.979260000,4.026130000,64,32,72,true,,PP-RETF-PREPROCESSING-v2
1000,17,1002026,20,20,0.785600000,0.470855000,,,0.575030000,1.966185000,1.831485000,3.797670000,64,32,72,true,,PP-RETF-PREPROCESSING-v2
1000,18,1002026,20,20,0.862950000,0.489850000,,,0.495330000,2.057800000,1.848130000,3.905930000,64,32,71,true,,PP-RETF-PREPROCESSING-v2
1000,19,1002026,20,20,0.700045000,0.488200000,,,0.535785000,1.869605000,1.724030000,3.593635000,64,32,72,true,,PP-RETF-PREPROCESSING-v2
1000,20,1002026,20,20,0.777920000,0.455975000,,,0.521185000,1.867840000,1.755080000,3.622920000,64,32,71,true,,PP-RETF-PREPROCESSING-v2
1000,21,1002026,20,20,0.684250000,0.516615000,,,0.480765000,1.858680000,1.681630000,3.540310000,64,32,72,true,,PP-RETF-PREPROCESSING-v2
1000,22,1002026,20,20,0.707605000,0.431405000,,,0.525215000,1.809990000,1.664225000,3.474215000,64,32,72,true,,PP-RETF-PREPROCESSING-v2
1000,23,1002026,20,20,0.715590000,0.503820000,,,0.472090000,1.802550000,1.691500000,3.494050000,64,32,71,true,,PP-RETF-PREPROCESSING-v2
1000,24,1002026,20,20,0.764580000,0.473515000,,,0.510350000,1.794250000,1.748445000,3.542695000,64,32,70,true,,PP-RETF-PREPROCESSING-v2
1000,25,1002026,20,20,0.666845000,0.452535000,,,0.411075000,1.754150000,1.530455000,3.284605000,64,32,71,true,,PP-RETF-PREPROCESSING-v2
1000,26,1002026,20,20,0.679990000,0.484120000,,,0.449790000,1.770115000,1.613900000,3.384015000,64,32,70,true,,PP-RETF-PREPROCESSING-v2
1000,27,1002026,20,20,0.696815000,0.425515000,,,0.482830000,1.741250000,1.605160000,3.346410000,64,32,71,true,,PP-RETF-PREPROCESSING-v2
1000,28,1002026,20,20,0.636410000,0.457665000,,,0.467625000,1.772415000,1.561700000,3.334115000,64,32,72,true,,PP-RETF-PREPROCESSING-v2
1000,29,1002026,20,20,0.754990000,0.487800000,,,0.562250000,1.910565000,1.805040000,3.715605000,64,32,70,true,,PP-RETF-PREPROCESSING-v2
1000,30,1002026,20,20,0.669700000,0.534320000,,,0.595765000,2.056310000,1.799785000,3.856095000,64,32,71,true,,PP-RETF-PREPROCESSING-v2
1000,31,1002026,20,20,0.748870000,0.518495000,,,0.475845000,1.740875000,1.743210000,3.484085000,64,32,71,true,,PP-RETF-PREPROCESSING-v2
1000,32,1002026,20,20,0.648250000,0.519540000,,,0.452565000,2.417710000,1.620355000,4.038065000,64,32,72,true,,PP-RETF-PREPROCESSING-v2
1000,33,1002026,20,20,0.776330000,0.510400000,,,0.613460000,1.935915000,1.900190000,3.836105000,64,32,71,true,,PP-RETF-PREPROCESSING-v2
1000,34,1002026,20,20,0.681800000,0.556225000,,,0.651115000,1.961095000,1.889140000,3.850235000,64,32,72,true,,PP-RETF-PREPROCESSING-v2
1000,35,1002026,20,20,0.773360000,0.503960000,,,0.545665000,2.014400000,1.822985000,3.837385000,64,32,71,true,,PP-RETF-PREPROCESSING-v2
1000,36,1002026,20,20,0.822145000,0.622360000,,,0.702100000,2.148975000,2.146605000,4.295580000,64,32,71,true,,PP-RETF-PREPROCESSING-v2
1000,37,1002026,20,20,0.695855000,0.515050000,,,0.522015000,2.422205000,1.732920000,4.155125000,64,32,71,true,,PP-RETF-PREPROCESSING-v2
1000,38,1002026,20,20,0.775945000,0.504750000,,,0.548485000,1.945170000,1.829180000,3.774350000,64,32,71,true,,PP-RETF-PREPROCESSING-v2
1000,39,1002026,20,20,0.750365000,0.905775000,,,0.908555000,2.986455000,2.564695000,5.551150000,64,32,71,true,,PP-RETF-PREPROCESSING-v2
1000,40,1002026,20,20,1.107810000,0.507430000,,,0.594075000,1.991355000,2.209315000,4.200670000,64,32,70,true,,PP-RETF-PREPROCESSING-v2
1000,41,1002026,20,20,0.799140000,0.530895000,,,0.618350000,2.041590000,1.948385000,3.989975000,64,32,71,true,,PP-RETF-PREPROCESSING-v2
1000,42,1002026,20,20,0.759765000,0.467245000,,,0.473745000,1.919920000,1.700755000,3.620675000,64,32,72,true,,PP-RETF-PREPROCESSING-v2
1000,43,1002026,20,20,0.648545000,0.551210000,,,0.512600000,1.727855000,1.712355000,3.440210000,64,32,71,true,,PP-RETF-PREPROCESSING-v2
1000,44,1002026,20,20,0.667375000,0.519370000,,,0.549735000,1.719180000,1.736480000,3.455660000,64,32,70,true,,PP-RETF-PREPROCESSING-v2
1000,45,1002026,20,20,0.691730000,0.441520000,,,0.518040000,1.772345000,1.651290000,3.423635000,64,32,71,true,,PP-RETF-PREPROCESSING-v2
1000,46,1002026,20,20,0.705030000,0.473670000,,,0.467615000,1.796625000,1.646315000,3.442940000,64,32,70,true,,PP-RETF-PREPROCESSING-v2
1000,47,1002026,20,20,0.677570000,0.408650000,,,0.604305000,1.834735000,1.690525000,3.525260000,64,32,71,true,,PP-RETF-PREPROCESSING-v2
1000,48,1002026,20,20,0.768870000,0.596915000,,,0.578365000,1.931720000,1.944150000,3.875870000,64,32,71,true,,PP-RETF-PREPROCESSING-v2
1000,49,1002026,20,20,0.711030000,0.508205000,,,0.528560000,1.897180000,1.747795000,3.644975000,64,32,72,true,,PP-RETF-PREPROCESSING-v2
1000,50,1002026,20,20,0.628060000,0.501915000,,,0.470155000,1.729670000,1.600130000,3.329800000,64,32,70,true,,PP-RETF-PREPROCESSING-v2
1000,51,1002026,20,20,0.652320000,0.511975000,,,0.464320000,1.787600000,1.628615000,3.416215000,64,32,71,true,,PP-RETF-PREPROCESSING-v2
1000,52,1002026,20,20,0.757590000,0.595555000,,,0.545055000,1.941915000,1.898200000,3.840115000,64,32,70,true,,PP-RETF-PREPROCESSING-v2
1000,53,1002026,20,20,0.769875000,0.486910000,,,0.515120000,1.937285000,1.771905000,3.709190000,64,32,70,true,,PP-RETF-PREPROCESSING-v2
1000,54,1002026,20,20,0.727065000,0.517045000,,,0.511760000,2.053800000,1.755870000,3.809670000,64,32,70,true,,PP-RETF-PREPROCESSING-v2
1000,55,1002026,20,20,0.817255000,0.563880000,,,0.590730000,2.246500000,1.971865000,4.218365000,64,32,70,true,,PP-RETF-PREPROCESSING-v2
1000,56,1002026,20,20,0.921130000,0.836685000,,,0.753920000,2.256110000,2.511735000,4.767845000,64,32,71,true,,PP-RETF-PREPROCESSING-v2
1000,57,1002026,20,20,0.918455000,0.505895000,,,0.493600000,1.927435000,1.917950000,3.845385000,64,32,71,true,,PP-RETF-PREPROCESSING-v2
1000,58,1002026,20,20,0.803035000,0.458655000,,,0.446725000,1.820420000,1.708415000,3.528835000,64,32,71,true,,PP-RETF-PREPROCESSING-v2
1000,59,1002026,20,20,0.720270000,0.464405000,,,0.569445000,1.904310000,1.754120000,3.658430000,64,32,70,true,,PP-RETF-PREPROCESSING-v2
1000,60,1002026,20,20,0.683840000,0.475310000,,,0.511305000,1.842870000,1.670455000,3.513325000,64,32,72,true,,PP-RETF-PREPROCESSING-v2
1000,61,1002026,20,20,0.657420000,0.582515000,,,0.449530000,1.957705000,1.689465000,3.647170000,64,32,70,true,,PP-RETF-PREPROCESSING-v2
1000,62,1002026,20,20,0.700830000,0.474330000,,,0.456755000,1.772625000,1.631915000,3.404540000,64,32,71,true,,PP-RETF-PREPROCESSING-v2
1000,63,1002026,20,20,0.631115000,0.485135000,,,0.451235000,1.820165000,1.567485000,3.387650000,64,32,71,true,,PP-RETF-PREPROCESSING-v2
1000,64,1002026,20,20,0.695160000,0.448665000,,,0.521580000,1.902100000,1.665405000,3.567505000,64,32,70,true,,PP-RETF-PREPROCESSING-v2
1000,65,1002026,20,20,0.705740000,0.404475000,,,0.559215000,1.831225000,1.669430000,3.500655000,64,32,71,true,,PP-RETF-PREPROCESSING-v2
1000,66,1002026,20,20,0.726740000,0.402730000,,,0.536025000,2.066025000,1.665495000,3.731520000,64,32,71,true,,PP-RETF-PREPROCESSING-v2
1000,67,1002026,20,20,0.739010000,0.646860000,,,0.547300000,2.195530000,1.933170000,4.128700000,64,32,72,true,,PP-RETF-PREPROCESSING-v2
1000,68,1002026,20,20,0.848815000,0.528350000,,,0.552770000,1.949375000,1.929935000,3.879310000,64,32,70,true,,PP-RETF-PREPROCESSING-v2
1000,69,1002026,20,20,0.716685000,0.473330000,,,0.566140000,2.270745000,1.756155000,4.026900000,64,32,71,true,,PP-RETF-PREPROCESSING-v2
1000,70,1002026,20,20,0.687080000,0.454205000,,,0.501005000,1.905830000,1.642290000,3.548120000,64,32,72,true,,PP-RETF-PREPROCESSING-v2
1000,71,1002026,20,20,0.783655000,0.595515000,,,0.582650000,1.953475000,1.961820000,3.915295000,64,32,71,true,,PP-RETF-PREPROCESSING-v2
1000,72,1002026,20,20,0.734675000,0.479310000,,,0.494995000,1.789690000,1.708980000,3.498670000,64,32,72,true,,PP-RETF-PREPROCESSING-v2
1000,73,1002026,20,20,0.703415000,0.488395000,,,0.526305000,1.765380000,1.718115000,3.483495000,64,32,71,true,,PP-RETF-PREPROCESSING-v2
1000,74,1002026,20,20,0.625625000,0.451165000,,,0.495875000,1.803580000,1.572665000,3.376245000,64,32,71,true,,PP-RETF-PREPROCESSING-v2
1000,75,1002026,20,20,0.710045000,0.472510000,,,0.478195000,1.778640000,1.660750000,3.439390000,64,32,71,true,,PP-RETF-PREPROCESSING-v2
1000,76,1002026,20,20,0.629185000,0.484365000,,,0.525790000,1.708170000,1.639340000,3.347510000,64,32,70,true,,PP-RETF-PREPROCESSING-v2
1000,77,1002026,20,20,0.572790000,0.504345000,,,0.509630000,1.750505000,1.586765000,3.337270000,64,32,71,true,,PP-RETF-PREPROCESSING-v2
1000,78,1002026,20,20,0.603695000,0.482160000,,,0.475210000,1.810565000,1.561065000,3.371630000,64,32,70,true,,PP-RETF-PREPROCESSING-v2
1000,79,1002026,20,20,0.682435000,0.454100000,,,0.587900000,1.724680000,1.724435000,3.449115000,64,32,71,true,,PP-RETF-PREPROCESSING-v2
1000,80,1002026,20,20,0.702570000,0.442965000,,,0.532445000,1.902340000,1.677980000,3.580320000,64,32,72,true,,PP-RETF-PREPROCESSING-v2
1000,81,1002026,20,20,0.795925000,0.391665000,,,0.508140000,1.878830000,1.695730000,3.574560000,64,32,71,true,,PP-RETF-PREPROCESSING-v2
1000,82,1002026,20,20,0.656715000,0.527980000,,,0.475900000,1.773670000,1.660595000,3.434265000,64,32,71,true,,PP-RETF-PREPROCESSING-v2
1000,83,1002026,20,20,0.615530000,0.540160000,,,0.497785000,1.875720000,1.653475000,3.529195000,64,32,70,true,,PP-RETF-PREPROCESSING-v2
1000,84,1002026,20,20,0.845295000,0.678860000,,,0.763450000,2.054675000,2.287605000,4.342280000,64,32,71,true,,PP-RETF-PREPROCESSING-v2
1000,85,1002026,20,20,0.704600000,0.461000000,,,0.457175000,1.794780000,1.622775000,3.417555000,64,32,71,true,,PP-RETF-PREPROCESSING-v2
1000,86,1002026,20,20,0.725010000,0.484080000,,,0.498455000,1.830215000,1.707545000,3.537760000,64,32,70,true,,PP-RETF-PREPROCESSING-v2
1000,87,1002026,20,20,0.762295000,0.520965000,,,0.533810000,2.109005000,1.817070000,3.926075000,64,32,71,true,,PP-RETF-PREPROCESSING-v2
1000,88,1002026,20,20,0.784635000,0.552545000,,,0.579350000,1.927075000,1.916530000,3.843605000,64,32,72,true,,PP-RETF-PREPROCESSING-v2
1000,89,1002026,20,20,0.724485000,0.464585000,,,0.574770000,1.910320000,1.763840000,3.674160000,64,32,72,true,,PP-RETF-PREPROCESSING-v2
1000,90,1002026,20,20,0.717715000,0.472410000,,,0.486105000,1.769125000,1.676230000,3.445355000,64,32,71,true,,PP-RETF-PREPROCESSING-v2
1000,91,1002026,20,20,0.729760000,0.473375000,,,0.573150000,1.836295000,1.776285000,3.612580000,64,32,71,true,,PP-RETF-PREPROCESSING-v2
1000,92,1002026,20,20,0.743065000,0.514860000,,,0.499485000,1.881935000,1.757410000,3.639345000,64,32,72,true,,PP-RETF-PREPROCESSING-v2
1000,93,1002026,20,20,0.662755000,0.475485000,,,0.520305000,1.793120000,1.658545000,3.451665000,64,32,70,true,,PP-RETF-PREPROCESSING-v2
1000,94,1002026,20,20,0.670945000,0.457395000,,,0.501550000,1.761000000,1.629890000,3.390890000,64,32,71,true,,PP-RETF-PREPROCESSING-v2
1000,95,1002026,20,20,0.710435000,0.518490000,,,0.485920000,1.901980000,1.714845000,3.616825000,64,32,72,true,,PP-RETF-PREPROCESSING-v2
1000,96,1002026,20,20,0.772615000,0.536760000,,,0.463280000,2.150645000,1.772655000,3.923300000,64,32,72,true,,PP-RETF-PREPROCESSING-v2
1000,97,1002026,20,20,1.019100000,0.534370000,,,0.691090000,2.179870000,2.244560000,4.424430000,64,32,72,true,,PP-RETF-PREPROCESSING-v2
1000,98,1002026,20,20,0.783365000,0.544765000,,,0.490800000,2.176725000,1.818930000,3.995655000,64,32,72,true,,PP-RETF-PREPROCESSING-v2
1000,99,1002026,20,20,0.763170000,0.508005000,,,0.579115000,2.127970000,1.850290000,3.978260000,64,32,70,true,,PP-RETF-PREPROCESSING-v2
1000,100,1002026,20,20,0.744995000,0.495225000,,,0.551505000,1.949000000,1.791725000,3.740725000,64,32,71,true,,PP-RETF-PREPROCESSING-v2
