orders,committee_size,t_priv,t_sig,run_id,seed,warmups_discarded,process_model,computation_mode,matched_pairs,input_encode_ms,sharing_ms,share_transfer_ms,reconstruction_ms,secure_sort_ms,plaintext_compute_sign_http_ms,threshold_response_ms,signature_verify_aggregate_ms,total_ms,request_payload_bytes,response_payload_bytes,total_payload_bytes,application_rounds,success,error
50,3,not_applicable_plaintext,2,1,3052027,5,independent_os_processes,committee-side plaintext comparison prototype,47,0.525100000,,,,,4.210600000,2.097000000,4.313800000,9.049500000,30675,247017,277692,1,true,
50,3,not_applicable_plaintext,2,2,3052028,5,independent_os_processes,committee-side plaintext comparison prototype,44,0.000000000,,,,,2.710400000,2.710400000,4.240400000,6.950800000,30606,234585,265191,1,true,
50,3,not_applicable_plaintext,2,3,3052029,5,independent_os_processes,committee-side plaintext comparison prototype,49,0.000000000,,,,,2.648100000,2.648100000,6.987300000,9.635400000,30636,254421,285057,1,true,
50,3,not_applicable_plaintext,2,4,3052030,5,independent_os_processes,committee-side plaintext comparison prototype,43,0.000000000,,,,,3.849200000,3.849200000,3.788200000,7.637400000,30606,230031,260637,1,true,
50,3,not_applicable_plaintext,2,5,3052031,5,independent_os_processes,committee-side plaintext comparison prototype,47,0.538200000,,,,,3.418000000,2.870500000,4.843000000,8.799200000,30627,247017,277644,1,true,
50,3,not_applicable_plaintext,2,6,3052032,5,independent_os_processes,committee-side plaintext comparison prototype,44,0.000000000,,,,,3.269600000,3.269600000,3.772800000,7.042400000,30639,234669,265308,1,true,
50,3,not_applicable_plaintext,2,7,3052033,5,independent_os_processes,committee-side plaintext comparison prototype,49,0.532100000,,,,,2.722900000,2.722900000,4.438400000,7.693400000,30627,254871,285498,1,true,
50,3,not_applicable_plaintext,2,8,3052034,5,independent_os_processes,committee-side plaintext comparison prototype,48,0.522400000,,,,,2.667600000,2.130700000,4.311300000,7.501300000,30600,250401,281001,1,true,
50,3,not_applicable_plaintext,2,9,3052035,5,independent_os_processes,committee-side plaintext comparison prototype,48,0.000000000,,,,,2.666300000,2.666300000,5.404900000,8.071200000,30630,250599,281229,1,true,
50,3,not_applicable_plaintext,2,10,3052036,5,independent_os_processes,committee-side plaintext comparison prototype,46,0.000000000,,,,,3.270700000,2.732800000,4.288800000,7.559500000,30603,242265,272868,1,true,
50,3,not_applicable_plaintext,2,11,3052037,5,independent_os_processes,committee-side plaintext comparison prototype,47,0.000000000,,,,,3.193900000,3.193900000,3.787300000,6.981200000,30645,246597,277242,1,true,
50,3,not_applicable_plaintext,2,12,3052038,5,independent_os_processes,committee-side plaintext comparison prototype,46,0.524700000,,,,,2.113200000,2.113200000,4.204700000,6.842600000,30609,242793,273402,1,true,
50,3,not_applicable_plaintext,2,13,3052039,5,independent_os_processes,committee-side plaintext comparison prototype,48,0.543300000,,,,,2.640200000,2.640200000,4.348900000,7.532400000,30579,250851,281430,1,true,
50,3,not_applicable_plaintext,2,14,3052040,5,independent_os_processes,committee-side plaintext comparison prototype,46,0.000000000,,,,,3.195100000,2.663900000,3.704400000,6.899500000,30621,243081,273702,1,true,
50,3,not_applicable_plaintext,2,15,3052041,5,independent_os_processes,committee-side plaintext comparison prototype,47,0.525300000,,,,,2.666100000,2.126300000,4.319700000,7.511100000,30579,246675,277254,1,true,
50,3,not_applicable_plaintext,2,16,3052042,5,independent_os_processes,committee-side plaintext comparison prototype,46,0.000000000,,,,,3.157400000,2.627200000,3.761100000,6.918500000,30651,242397,273048,1,true,
50,3,not_applicable_plaintext,2,17,3052043,5,independent_os_processes,committee-side plaintext comparison prototype,43,0.000000000,,,,,2.659900000,2.659900000,3.714000000,6.373900000,30606,230889,261495,1,true,
50,3,not_applicable_plaintext,2,18,3052044,5,independent_os_processes,committee-side plaintext comparison prototype,47,0.000000000,,,,,3.289400000,2.754000000,3.158200000,6.447600000,30624,246393,277017,1,true,
50,3,not_applicable_plaintext,2,19,3052045,5,independent_os_processes,committee-side plaintext comparison prototype,48,0.000000000,,,,,2.645400000,2.117100000,3.667300000,6.312700000,30648,250725,281373,1,true,
50,3,not_applicable_plaintext,2,20,3052046,5,independent_os_processes,committee-side plaintext comparison prototype,49,0.000000000,,,,,3.223800000,2.682700000,3.897200000,7.121000000,30600,254367,284967,1,true,
50,3,not_applicable_plaintext,2,21,3052047,5,independent_os_processes,committee-side plaintext comparison prototype,45,0.000000000,,,,,2.684200000,2.684200000,3.720600000,6.404800000,30600,238551,269151,1,true,
50,3,not_applicable_plaintext,2,22,3052048,5,independent_os_processes,committee-side plaintext comparison prototype,47,0.000000000,,,,,2.676400000,2.676400000,3.873300000,6.549700000,30513,246573,277086,1,true,
50,3,not_applicable_plaintext,2,23,3052049,5,independent_os_processes,committee-side plaintext comparison prototype,46,0.000000000,,,,,2.140100000,2.140100000,5.341000000,7.481100000,30585,242289,272874,1,true,
50,3,not_applicable_plaintext,2,24,3052050,5,independent_os_processes,committee-side plaintext comparison prototype,48,0.000000000,,,,,2.682400000,2.682400000,4.308400000,6.990800000,30624,250671,281295,1,true,
50,3,not_applicable_plaintext,2,25,3052051,5,independent_os_processes,committee-side plaintext comparison prototype,47,0.529500000,,,,,3.161700000,2.628600000,3.713100000,7.404300000,30639,246783,277422,1,true,
50,3,not_applicable_plaintext,2,26,3052052,5,independent_os_processes,committee-side plaintext comparison prototype,47,0.000000000,,,,,3.187700000,2.672700000,4.315900000,7.503600000,30600,246669,277269,1,true,
50,3,not_applicable_plaintext,2,27,3052053,5,independent_os_processes,committee-side plaintext comparison prototype,45,0.000000000,,,,,3.222200000,3.222200000,3.703400000,6.925600000,30615,238983,269598,1,true,
50,3,not_applicable_plaintext,2,28,3052054,5,independent_os_processes,committee-side plaintext comparison prototype,46,0.000000000,,,,,3.233500000,3.233500000,3.145400000,6.378900000,30642,242937,273579,1,true,
50,3,not_applicable_plaintext,2,29,3052055,5,independent_os_processes,committee-side plaintext comparison prototype,44,0.528300000,,,,,2.746600000,2.746600000,3.705100000,6.980000000,30612,234339,264951,1,true,
50,3,not_applicable_plaintext,2,30,3052056,5,independent_os_processes,committee-side plaintext comparison prototype,49,0.000000000,,,,,2.652500000,2.652500000,3.687000000,6.339500000,30594,254589,285183,1,true,
100,3,not_applicable_plaintext,2,1,3102027,5,independent_os_processes,committee-side plaintext comparison prototype,97,0.523300000,,,,,5.352700000,4.291400000,7.908500000,13.784500000,60558,498915,559473,1,true,
100,3,not_applicable_plaintext,2,2,3102028,5,independent_os_processes,committee-side plaintext comparison prototype,90,0.000000000,,,,,6.685600000,5.046000000,7.971400000,14.657000000,60534,471537,532071,1,true,
100,3,not_applicable_plaintext,2,3,3102029,5,independent_os_processes,committee-side plaintext comparison prototype,93,0.000000000,,,,,7.122000000,6.033500000,10.658000000,17.780000000,60567,483969,544536,1,true,
100,3,not_applicable_plaintext,2,4,3102030,5,independent_os_processes,committee-side plaintext comparison prototype,94,0.571300000,,,,,5.415100000,5.415100000,8.028200000,14.014600000,60576,487671,548247,1,true,
100,3,not_applicable_plaintext,2,5,3102031,5,independent_os_processes,committee-side plaintext comparison prototype,91,0.000000000,,,,,5.915000000,4.845800000,8.983700000,14.898700000,60522,475515,536037,1,true,
100,3,not_applicable_plaintext,2,6,3102032,5,independent_os_processes,committee-side plaintext comparison prototype,99,0.000000000,,,,,6.075000000,5.537800000,7.937800000,14.012800000,60552,507861,568413,1,true,
100,3,not_applicable_plaintext,2,7,3102033,5,independent_os_processes,committee-side plaintext comparison prototype,96,0.522100000,,,,,6.515600000,5.435600000,11.903400000,18.941100000,60603,495963,556566,1,true,
100,3,not_applicable_plaintext,2,8,3102034,5,independent_os_processes,committee-side plaintext comparison prototype,92,0.539800000,,,,,5.563100000,5.022100000,8.629700000,14.732600000,60558,479571,540129,1,true,
100,3,not_applicable_plaintext,2,9,3102035,5,independent_os_processes,committee-side plaintext comparison prototype,92,0.527900000,,,,,5.930900000,5.409000000,7.476500000,13.935300000,60573,479595,540168,1,true,
100,3,not_applicable_plaintext,2,10,3102036,5,independent_os_processes,committee-side plaintext comparison prototype,94,0.545400000,,,,,4.838700000,4.838700000,8.484000000,13.868100000,60567,487815,548382,1,true,
100,3,not_applicable_plaintext,2,11,3102037,5,independent_os_processes,committee-side plaintext comparison prototype,96,0.000000000,,,,,4.881400000,4.881400000,8.482600000,13.364000000,60549,495651,556200,1,true,
100,3,not_applicable_plaintext,2,12,3102038,5,independent_os_processes,committee-side plaintext comparison prototype,99,0.528500000,,,,,5.406500000,5.406500000,7.951700000,13.886700000,60576,507969,568545,1,true,
100,3,not_applicable_plaintext,2,13,3102039,5,independent_os_processes,committee-side plaintext comparison prototype,98,0.000000000,,,,,4.826000000,4.294400000,8.110100000,12.936100000,60564,504063,564627,1,true,
100,3,not_applicable_plaintext,2,14,3102040,5,independent_os_processes,committee-side plaintext comparison prototype,97,0.000000000,,,,,5.384200000,4.853500000,8.770100000,14.154300000,60543,499185,559728,1,true,
100,3,not_applicable_plaintext,2,15,3102041,5,independent_os_processes,committee-side plaintext comparison prototype,92,0.000000000,,,,,5.952900000,5.952900000,8.038500000,13.991400000,60606,479709,540315,1,true,
100,3,not_applicable_plaintext,2,16,3102042,5,independent_os_processes,committee-side plaintext comparison prototype,98,0.000000000,,,,,4.268700000,4.268700000,8.052400000,12.321100000,60552,504039,564591,1,true,
100,3,not_applicable_plaintext,2,17,3102043,5,independent_os_processes,committee-side plaintext comparison prototype,91,0.000000000,,,,,5.360000000,5.360000000,7.972400000,13.332400000,60519,476265,536784,1,true,
100,3,not_applicable_plaintext,2,18,3102044,5,independent_os_processes,committee-side plaintext comparison prototype,93,0.000000000,,,,,5.477000000,5.477000000,8.690100000,14.167100000,60543,483405,543948,1,true,
100,3,not_applicable_plaintext,2,19,3102045,5,independent_os_processes,committee-side plaintext comparison prototype,97,0.539100000,,,,,7.267800000,5.580800000,8.740400000,16.547300000,60567,499461,560028,1,true,
100,3,not_applicable_plaintext,2,20,3102046,5,independent_os_processes,committee-side plaintext comparison prototype,95,0.534100000,,,,,7.132800000,7.132800000,7.998200000,15.665100000,60567,492093,552660,1,true,
100,3,not_applicable_plaintext,2,21,3102047,5,independent_os_processes,committee-side plaintext comparison prototype,94,0.000000000,,,,,7.248900000,5.083300000,8.566700000,15.815600000,60597,487809,548406,1,true,
100,3,not_applicable_plaintext,2,22,3102048,5,independent_os_processes,committee-side plaintext comparison prototype,95,0.000000000,,,,,5.977000000,5.429300000,6.339800000,12.316800000,60582,491217,551799,1,true,
100,3,not_applicable_plaintext,2,23,3102049,5,independent_os_processes,committee-side plaintext comparison prototype,98,0.531500000,,,,,6.672600000,6.134900000,8.996800000,16.200900000,60600,503373,563973,1,true,
100,3,not_applicable_plaintext,2,24,3102050,5,independent_os_processes,committee-side plaintext comparison prototype,98,0.532100000,,,,,5.902400000,4.293500000,7.953700000,14.388200000,60606,503733,564339,1,true,
100,3,not_applicable_plaintext,2,25,3102051,5,independent_os_processes,committee-side plaintext comparison prototype,94,0.548100000,,,,,4.403000000,4.403000000,7.856000000,12.807100000,60537,488349,548886,1,true,
100,3,not_applicable_plaintext,2,26,3102052,5,independent_os_processes,committee-side plaintext comparison prototype,99,0.000000000,,,,,6.555500000,6.027600000,9.482300000,16.037800000,60540,506955,567495,1,true,
100,3,not_applicable_plaintext,2,27,3102053,5,independent_os_processes,committee-side plaintext comparison prototype,93,0.529900000,,,,,4.486900000,4.486900000,8.513700000,13.530500000,60618,483591,544209,1,true,
100,3,not_applicable_plaintext,2,28,3102054,5,independent_os_processes,committee-side plaintext comparison prototype,97,0.000000000,,,,,5.854600000,5.854600000,8.009700000,13.864300000,60519,499677,560196,1,true,
100,3,not_applicable_plaintext,2,29,3102055,5,independent_os_processes,committee-side plaintext comparison prototype,93,0.000000000,,,,,5.945700000,5.399900000,6.954800000,12.900500000,60597,483417,544014,1,true,
100,3,not_applicable_plaintext,2,30,3102056,5,independent_os_processes,committee-side plaintext comparison prototype,99,0.528300000,,,,,4.249700000,3.721300000,8.019700000,12.797700000,60603,508227,568830,1,true,
500,3,not_applicable_plaintext,2,1,3502027,5,independent_os_processes,committee-side plaintext comparison prototype,499,1.003600000,,,,,19.856100000,19.856100000,36.556900000,57.416600000,299928,2530251,2830179,1,true,
500,3,not_applicable_plaintext,2,2,3502028,5,independent_os_processes,committee-side plaintext comparison prototype,496,1.000000000,,,,,21.443700000,20.376800000,33.727500000,56.171200000,300222,2519991,2820213,1,true,
500,3,not_applicable_plaintext,2,3,3502029,5,independent_os_processes,committee-side plaintext comparison prototype,499,0.000000000,,,,,17.379500000,16.855000000,34.451300000,51.830800000,300186,2532561,2832747,1,true,
500,3,not_applicable_plaintext,2,4,3502030,5,independent_os_processes,committee-side plaintext comparison prototype,492,1.043800000,,,,,17.054200000,15.996000000,35.079500000,53.177500000,300162,2502675,2802837,1,true,
500,3,not_applicable_plaintext,2,5,3502031,5,independent_os_processes,committee-side plaintext comparison prototype,498,0.000000000,,,,,18.094200000,17.572100000,33.633400000,51.727600000,300117,2527893,2828010,1,true,
500,3,not_applicable_plaintext,2,6,3502032,5,independent_os_processes,committee-side plaintext comparison prototype,483,0.000000000,,,,,18.637900000,18.637900000,32.842300000,51.480200000,300213,2468325,2768538,1,true,
500,3,not_applicable_plaintext,2,7,3502033,5,independent_os_processes,committee-side plaintext comparison prototype,493,1.029800000,,,,,16.209900000,16.209900000,36.758100000,53.997800000,300156,2508351,2808507,1,true,
500,3,not_applicable_plaintext,2,8,3502034,5,independent_os_processes,committee-side plaintext comparison prototype,497,0.995700000,,,,,21.673500000,20.612300000,36.699100000,59.368300000,300051,2523381,2823432,1,true,
500,3,not_applicable_plaintext,2,9,3502035,5,independent_os_processes,committee-side plaintext comparison prototype,493,0.000000000,,,,,18.415700000,17.898900000,33.752400000,52.168100000,300303,2509011,2809314,1,true,
500,3,not_applicable_plaintext,2,10,3502036,5,independent_os_processes,committee-side plaintext comparison prototype,492,1.503900000,,,,,22.385600000,21.306100000,34.207800000,58.097300000,300132,2501847,2801979,1,true,
500,3,not_applicable_plaintext,2,11,3502037,5,independent_os_processes,committee-side plaintext comparison prototype,494,0.000000000,,,,,17.309300000,16.757000000,35.314300000,52.623600000,300108,2510985,2811093,1,true,
500,3,not_applicable_plaintext,2,12,3502038,5,independent_os_processes,committee-side plaintext comparison prototype,469,1.000000000,,,,,18.124400000,17.584800000,31.914900000,51.039300000,300330,2411061,2711391,1,true,
500,3,not_applicable_plaintext,2,13,3502039,5,independent_os_processes,committee-side plaintext comparison prototype,475,1.007100000,,,,,19.447800000,18.370300000,35.894600000,56.349500000,300105,2436015,2736120,1,true,
500,3,not_applicable_plaintext,2,14,3502040,5,independent_os_processes,committee-side plaintext comparison prototype,496,0.999500000,,,,,22.760300000,21.696500000,36.291900000,60.051700000,299979,2519445,2819424,1,true,
500,3,not_applicable_plaintext,2,15,3502041,5,independent_os_processes,committee-side plaintext comparison prototype,488,0.996500000,,,,,18.190300000,18.190300000,33.887200000,53.074000000,300216,2488053,2788269,1,true,
500,3,not_applicable_plaintext,2,16,3502042,5,independent_os_processes,committee-side plaintext comparison prototype,493,0.999400000,,,,,18.325500000,16.195800000,34.713600000,54.038500000,300300,2508537,2808837,1,true,
500,3,not_applicable_plaintext,2,17,3502043,5,independent_os_processes,committee-side plaintext comparison prototype,498,1.086400000,,,,,46.753500000,25.651000000,39.593400000,87.433300000,300135,2527791,2827926,1,true,
500,3,not_applicable_plaintext,2,18,3502044,5,independent_os_processes,committee-side plaintext comparison prototype,480,1.006300000,,,,,21.708200000,21.708200000,35.595100000,58.309600000,300171,2455857,2756028,1,true,
500,3,not_applicable_plaintext,2,19,3502045,5,independent_os_processes,committee-side plaintext comparison prototype,476,0.999600000,,,,,17.416600000,16.835800000,31.746100000,50.162300000,300153,2439531,2739684,1,true,
500,3,not_applicable_plaintext,2,20,3502046,5,independent_os_processes,committee-side plaintext comparison prototype,492,1.031200000,,,,,18.946000000,18.946000000,41.588000000,61.565200000,300015,2504265,2804280,1,true,
500,3,not_applicable_plaintext,2,21,3502047,5,independent_os_processes,committee-side plaintext comparison prototype,494,1.000200000,,,,,20.169600000,20.169600000,38.794400000,59.964200000,300180,2511729,2811909,1,true,
500,3,not_applicable_plaintext,2,22,3502048,5,independent_os_processes,committee-side plaintext comparison prototype,484,1.039300000,,,,,24.824900000,19.904000000,37.893000000,63.757200000,300171,2470851,2771022,1,true,
500,3,not_applicable_plaintext,2,23,3502049,5,independent_os_processes,committee-side plaintext comparison prototype,497,0.000000000,,,,,24.308700000,21.639900000,33.136300000,57.445000000,300225,2523627,2823852,1,true,
500,3,not_applicable_plaintext,2,24,3502050,5,independent_os_processes,committee-side plaintext comparison prototype,497,1.391600000,,,,,20.341900000,19.792900000,35.127500000,56.861000000,300294,2523357,2823651,1,true,
500,3,not_applicable_plaintext,2,25,3502051,5,independent_os_processes,committee-side plaintext comparison prototype,497,0.999000000,,,,,18.145500000,16.566300000,35.050500000,54.195000000,300252,2523783,2824035,1,true,
500,3,not_applicable_plaintext,2,26,3502052,5,independent_os_processes,committee-side plaintext comparison prototype,495,0.523700000,,,,,19.317100000,18.775000000,36.065900000,55.906700000,300189,2515893,2816082,1,true,
500,3,not_applicable_plaintext,2,27,3502053,5,independent_os_processes,committee-side plaintext comparison prototype,493,0.000000000,,,,,18.534300000,18.008100000,35.283200000,53.817500000,300153,2505501,2805654,1,true,
500,3,not_applicable_plaintext,2,28,3502054,5,independent_os_processes,committee-side plaintext comparison prototype,499,1.506800000,,,,,33.016800000,19.173100000,32.127500000,66.651100000,300135,2532177,2832312,1,true,
500,3,not_applicable_plaintext,2,29,3502055,5,independent_os_processes,committee-side plaintext comparison prototype,494,1.506600000,,,,,17.962800000,16.905600000,37.008800000,56.478200000,300330,2512641,2812971,1,true,
500,3,not_applicable_plaintext,2,30,3502056,5,independent_os_processes,committee-side plaintext comparison prototype,492,1.499600000,,,,,34.260500000,19.639700000,34.374100000,70.134200000,300174,2504433,2804607,1,true,
1000,3,not_applicable_plaintext,2,1,4002027,5,independent_os_processes,committee-side plaintext comparison prototype,983,0.999300000,,,,,56.639100000,39.606000000,78.163400000,135.801800000,599862,4998819,5598681,1,true,
1000,3,not_applicable_plaintext,2,2,4002028,5,independent_os_processes,committee-side plaintext comparison prototype,976,1.006900000,,,,,44.613300000,43.542700000,78.850100000,124.470300000,599745,4969845,5569590,1,true,
1000,3,not_applicable_plaintext,2,3,4002029,5,independent_os_processes,committee-side plaintext comparison prototype,980,0.999200000,,,,,39.515400000,37.873300000,68.596900000,109.111500000,599697,4985865,5585562,1,true,
1000,3,not_applicable_plaintext,2,4,4002030,5,independent_os_processes,committee-side plaintext comparison prototype,998,2.511900000,,,,,39.275500000,38.612200000,65.426000000,107.213400000,599901,5059293,5659194,1,true,
1000,3,not_applicable_plaintext,2,5,4002031,5,independent_os_processes,committee-side plaintext comparison prototype,985,2.002200000,,,,,56.132300000,43.034400000,65.983500000,124.118000000,599553,5006121,5605674,1,true,
1000,3,not_applicable_plaintext,2,6,4002032,5,independent_os_processes,committee-side plaintext comparison prototype,993,0.998600000,,,,,36.682100000,36.152700000,61.762400000,99.443100000,599550,5035809,5635359,1,true,
1000,3,not_applicable_plaintext,2,7,4002033,5,independent_os_processes,committee-side plaintext comparison prototype,982,1.114000000,,,,,31.823800000,31.823800000,67.760100000,100.697900000,599478,4992303,5591781,1,true,
1000,3,not_applicable_plaintext,2,8,4002034,5,independent_os_processes,committee-side plaintext comparison prototype,980,1.997100000,,,,,52.138400000,44.254200000,71.947800000,126.083300000,599364,4985655,5585019,1,true,
1000,3,not_applicable_plaintext,2,9,4002035,5,independent_os_processes,committee-side plaintext comparison prototype,993,1.005900000,,,,,37.394400000,35.774200000,65.756500000,104.156800000,599646,5038239,5637885,1,true,
1000,3,not_applicable_plaintext,2,10,4002036,5,independent_os_processes,committee-side plaintext comparison prototype,984,0.999000000,,,,,39.249700000,36.292800000,66.193600000,106.442300000,599466,5003055,5602521,1,true,
1000,3,not_applicable_plaintext,2,11,4002037,5,independent_os_processes,committee-side plaintext comparison prototype,998,1.507800000,,,,,45.232700000,43.113900000,71.743000000,118.483500000,599664,5058819,5658483,1,true,
1000,3,not_applicable_plaintext,2,12,4002038,5,independent_os_processes,committee-side plaintext comparison prototype,995,2.654200000,,,,,44.036900000,44.036900000,69.157900000,115.849000000,599640,5043477,5643117,1,true,
1000,3,not_applicable_plaintext,2,13,4002039,5,independent_os_processes,committee-side plaintext comparison prototype,966,1.000400000,,,,,40.074000000,39.540000000,63.178800000,104.253200000,599529,4927275,5526804,1,true,
1000,3,not_applicable_plaintext,2,14,4002040,5,independent_os_processes,committee-side plaintext comparison prototype,996,1.000000000,,,,,40.306600000,38.609000000,70.341000000,111.647600000,599751,5050641,5650392,1,true,
1000,3,not_applicable_plaintext,2,15,4002041,5,independent_os_processes,committee-side plaintext comparison prototype,977,0.999100000,,,,,36.995700000,34.567600000,64.519200000,102.514000000,599745,4973991,5573736,1,true,
1000,3,not_applicable_plaintext,2,16,4002042,5,independent_os_processes,committee-side plaintext comparison prototype,999,1.205400000,,,,,34.689700000,34.689700000,75.835400000,111.730500000,599637,5061177,5660814,1,true,
1000,3,not_applicable_plaintext,2,17,4002043,5,independent_os_processes,committee-side plaintext comparison prototype,980,1.515500000,,,,,43.754700000,41.618100000,68.506700000,113.776900000,599442,4985055,5584497,1,true,
1000,3,not_applicable_plaintext,2,18,4002044,5,independent_os_processes,committee-side plaintext comparison prototype,983,1.375700000,,,,,40.471000000,39.934800000,73.966400000,115.813100000,599496,4997583,5597079,1,true,
1000,3,not_applicable_plaintext,2,19,4002045,5,independent_os_processes,committee-side plaintext comparison prototype,987,0.995400000,,,,,41.462900000,40.921200000,68.227100000,110.685400000,599580,5014275,5613855,1,true,
1000,3,not_applicable_plaintext,2,20,4002046,5,independent_os_processes,committee-side plaintext comparison prototype,998,2.272700000,,,,,39.747800000,37.527500000,66.766200000,108.786700000,599778,5058723,5658501,1,true,
1000,3,not_applicable_plaintext,2,21,4002047,5,independent_os_processes,committee-side plaintext comparison prototype,984,1.415200000,,,,,38.511100000,37.445400000,69.809400000,109.735700000,599556,5001813,5601369,1,true,
1000,3,not_applicable_plaintext,2,22,4002048,5,independent_os_processes,committee-side plaintext comparison prototype,967,1.197600000,,,,,44.925200000,43.917400000,82.504000000,128.626800000,599598,4934877,5534475,1,true,
1000,3,not_applicable_plaintext,2,23,4002049,5,independent_os_processes,committee-side plaintext comparison prototype,974,1.999600000,,,,,39.822800000,39.239200000,97.062800000,138.885200000,599778,4963677,5563455,1,true,
1000,3,not_applicable_plaintext,2,24,4002050,5,independent_os_processes,committee-side plaintext comparison prototype,996,1.506500000,,,,,33.888500000,33.888500000,62.606000000,98.001000000,599571,5049843,5649414,1,true,
1000,3,not_applicable_plaintext,2,25,4002051,5,independent_os_processes,committee-side plaintext comparison prototype,992,1.997600000,,,,,33.697200000,33.191300000,65.166100000,100.860900000,599628,5034021,5633649,1,true,
1000,3,not_applicable_plaintext,2,26,4002052,5,independent_os_processes,committee-side plaintext comparison prototype,996,1.444500000,,,,,41.895000000,39.340900000,67.318300000,110.657800000,599481,5051517,5650998,1,true,
1000,3,not_applicable_plaintext,2,27,4002053,5,independent_os_processes,committee-side plaintext comparison prototype,998,1.505300000,,,,,42.859900000,41.799500000,74.680200000,119.045400000,599535,5057139,5656674,1,true,
1000,3,not_applicable_plaintext,2,28,4002054,5,independent_os_processes,committee-side plaintext comparison prototype,984,2.005900000,,,,,46.221000000,32.862900000,67.770500000,115.997400000,599739,5001955,5601694,1,true,
1000,3,not_applicable_plaintext,2,29,4002055,5,independent_os_processes,committee-side plaintext comparison prototype,978,1.019100000,,,,,34.423900000,33.853800000,66.621800000,102.064800000,599643,4979511,5579154,1,true,
1000,3,not_applicable_plaintext,2,30,4002056,5,independent_os_processes,committee-side plaintext comparison prototype,977,3.026800000,,,,,37.212600000,36.674900000,63.475400000,103.714800000,599700,4973853,5573553,1,true,
50,5,not_applicable_plaintext,3,1,5052027,5,independent_os_processes,committee-side plaintext comparison prototype,47,0.000000000,,,,,5.038800000,3.885700000,6.923800000,11.962600000,50995,410815,461810,1,true,
50,5,not_applicable_plaintext,3,2,5052028,5,independent_os_processes,committee-side plaintext comparison prototype,46,0.000000000,,,,,3.227500000,3.227500000,6.952100000,10.179600000,51045,403805,454850,1,true,
50,5,not_applicable_plaintext,3,3,5052029,5,independent_os_processes,committee-side plaintext comparison prototype,48,0.000000000,,,,,2.706900000,2.706900000,6.895300000,9.602200000,51015,418015,469030,1,true,
50,5,not_applicable_plaintext,3,4,5052030,5,independent_os_processes,committee-side plaintext comparison prototype,48,0.000000000,,,,,4.025200000,2.876400000,5.781500000,9.806700000,51015,417725,468740,1,true,
50,5,not_applicable_plaintext,3,5,5052031,5,independent_os_processes,committee-side plaintext comparison prototype,47,0.000000000,,,,,4.859100000,3.795800000,5.831200000,10.690300000,51070,411535,462605,1,true,
50,5,not_applicable_plaintext,3,6,5052032,5,independent_os_processes,committee-side plaintext comparison prototype,45,0.528900000,,,,,3.187800000,2.124500000,5.754200000,9.470900000,51050,398595,449645,1,true,
50,5,not_applicable_plaintext,3,7,5052033,5,independent_os_processes,committee-side plaintext comparison prototype,47,0.000000000,,,,,3.241800000,2.718100000,6.400200000,9.642000000,51025,411235,462260,1,true,
50,5,not_applicable_plaintext,3,8,5052034,5,independent_os_processes,committee-side plaintext comparison prototype,42,0.000000000,,,,,4.373800000,3.833800000,7.463800000,11.837600000,51085,378185,429270,1,true,
50,5,not_applicable_plaintext,3,9,5052035,5,independent_os_processes,committee-side plaintext comparison prototype,48,0.000000000,,,,,3.444500000,3.444500000,6.879600000,10.324100000,51050,418315,469365,1,true,
50,5,not_applicable_plaintext,3,10,5052036,5,independent_os_processes,committee-side plaintext comparison prototype,46,0.522300000,,,,,3.880000000,3.880000000,7.476500000,11.878800000,51090,405205,456295,1,true,
50,5,not_applicable_plaintext,3,11,5052037,5,independent_os_processes,committee-side plaintext comparison prototype,47,0.000000000,,,,,3.261900000,3.261900000,6.857900000,10.119800000,51025,411145,462170,1,true,
50,5,not_applicable_plaintext,3,12,5052038,5,independent_os_processes,committee-side plaintext comparison prototype,47,0.000000000,,,,,4.366400000,3.820200000,6.387200000,10.753600000,51030,411375,462405,1,true,
50,5,not_applicable_plaintext,3,13,5052039,5,independent_os_processes,committee-side plaintext comparison prototype,44,0.633700000,,,,,3.589700000,2.888800000,6.383500000,10.606900000,51055,391445,442500,1,true,
50,5,not_applicable_plaintext,3,14,5052040,5,independent_os_processes,committee-side plaintext comparison prototype,47,0.512800000,,,,,3.306400000,2.756000000,7.273400000,11.092600000,51065,411715,462780,1,true,
50,5,not_applicable_plaintext,3,15,5052041,5,independent_os_processes,committee-side plaintext comparison prototype,46,0.000000000,,,,,4.305200000,3.763300000,7.428300000,11.733500000,51030,405135,456165,1,true,
50,5,not_applicable_plaintext,3,16,5052042,5,independent_os_processes,committee-side plaintext comparison prototype,48,0.000000000,,,,,3.861300000,3.861300000,7.954900000,11.816200000,51075,418365,469440,1,true,
50,5,not_applicable_plaintext,3,17,5052043,5,independent_os_processes,committee-side plaintext comparison prototype,46,0.000000000,,,,,4.467500000,3.932600000,6.310600000,10.778100000,51045,405055,456100,1,true,
50,5,not_applicable_plaintext,3,18,5052044,5,independent_os_processes,committee-side plaintext comparison prototype,47,0.000000000,,,,,4.389300000,3.843300000,7.012400000,11.401700000,50985,410915,461900,1,true,
50,5,not_applicable_plaintext,3,19,5052045,5,independent_os_processes,committee-side plaintext comparison prototype,46,0.000000000,,,,,3.757300000,3.210300000,5.861400000,9.618700000,51065,404685,455750,1,true,
50,5,not_applicable_plaintext,3,20,5052046,5,independent_os_processes,committee-side plaintext comparison prototype,49,0.525100000,,,,,3.884100000,3.349000000,6.854900000,11.264100000,51040,424925,475965,1,true,
50,5,not_applicable_plaintext,3,21,5052047,5,independent_os_processes,committee-side plaintext comparison prototype,49,0.000000000,,,,,3.252200000,3.252200000,8.626200000,11.878400000,51010,423895,474905,1,true,
50,5,not_applicable_plaintext,3,22,5052048,5,independent_os_processes,committee-side plaintext comparison prototype,49,0.000000000,,,,,3.670300000,3.670300000,8.786000000,12.456300000,51015,424655,475670,1,true,
50,5,not_applicable_plaintext,3,23,5052049,5,independent_os_processes,committee-side plaintext comparison prototype,44,0.000000000,,,,,4.357400000,4.357400000,6.856100000,11.213500000,51035,390525,441560,1,true,
50,5,not_applicable_plaintext,3,24,5052050,5,independent_os_processes,committee-side plaintext comparison prototype,49,0.000000000,,,,,4.441400000,2.827200000,6.823600000,11.265000000,51055,424855,475910,1,true,
50,5,not_applicable_plaintext,3,25,5052051,5,independent_os_processes,committee-side plaintext comparison prototype,49,0.523600000,,,,,3.286600000,2.745200000,7.965400000,11.775600000,50965,424835,475800,1,true,
50,5,not_applicable_plaintext,3,26,5052052,5,independent_os_processes,committee-side plaintext comparison prototype,44,0.000000000,,,,,4.829600000,3.759600000,5.938900000,10.768500000,51090,391205,442295,1,true,
50,5,not_applicable_plaintext,3,27,5052053,5,independent_os_processes,committee-side plaintext comparison prototype,48,0.540100000,,,,,4.335100000,3.786600000,8.070200000,12.945400000,51015,418115,469130,1,true,
50,5,not_applicable_plaintext,3,28,5052054,5,independent_os_processes,committee-side plaintext comparison prototype,48,0.000000000,,,,,3.802200000,3.258800000,6.320900000,10.123100000,51025,418525,469550,1,true,
50,5,not_applicable_plaintext,3,29,5052055,5,independent_os_processes,committee-side plaintext comparison prototype,49,0.000000000,,,,,4.525800000,4.525800000,6.846600000,11.372400000,51025,424935,475960,1,true,
50,5,not_applicable_plaintext,3,30,5052056,5,independent_os_processes,committee-side plaintext comparison prototype,48,0.000000000,,,,,3.721900000,3.721900000,6.361000000,10.082900000,51035,418355,469390,1,true,
100,5,not_applicable_plaintext,3,1,5102027,5,independent_os_processes,committee-side plaintext comparison prototype,96,0.000000000,,,,,5.984300000,5.456400000,12.698700000,18.683000000,100860,826195,927055,1,true,
100,5,not_applicable_plaintext,3,2,5102028,5,independent_os_processes,committee-side plaintext comparison prototype,99,0.000000000,,,,,5.954700000,5.422800000,13.373500000,19.328200000,100940,844285,945225,1,true,
100,5,not_applicable_plaintext,3,3,5102029,5,independent_os_processes,committee-side plaintext comparison prototype,88,0.529400000,,,,,5.439000000,4.908000000,12.069100000,18.037500000,101010,774175,875185,1,true,
100,5,not_applicable_plaintext,3,4,5102030,5,independent_os_processes,committee-side plaintext comparison prototype,92,0.000000000,,,,,6.514900000,6.514900000,12.704300000,19.219200000,101020,800575,901595,1,true,
100,5,not_applicable_plaintext,3,5,5102031,5,independent_os_processes,committee-side plaintext comparison prototype,91,0.522600000,,,,,5.936800000,5.399800000,12.569500000,19.028900000,100770,793095,893865,1,true,
100,5,not_applicable_plaintext,3,6,5102032,5,independent_os_processes,committee-side plaintext comparison prototype,98,0.000000000,,,,,5.877900000,5.343900000,11.902500000,17.780400000,100990,839515,940505,1,true,
100,5,not_applicable_plaintext,3,7,5102033,5,independent_os_processes,committee-side plaintext comparison prototype,99,0.000000000,,,,,5.726400000,4.673400000,14.637200000,20.363600000,100915,846135,947050,1,true,
100,5,not_applicable_plaintext,3,8,5102034,5,independent_os_processes,committee-side plaintext comparison prototype,89,0.000000000,,,,,6.911600000,6.339100000,13.445000000,20.356600000,100870,778355,879225,1,true,
100,5,not_applicable_plaintext,3,9,5102035,5,independent_os_processes,committee-side plaintext comparison prototype,97,0.526700000,,,,,5.381600000,5.381600000,13.406600000,19.314900000,100855,833095,933950,1,true,
100,5,not_applicable_plaintext,3,10,5102036,5,independent_os_processes,committee-side plaintext comparison prototype,97,0.000000000,,,,,5.941700000,5.941700000,12.118600000,18.060300000,100955,832455,933410,1,true,
100,5,not_applicable_plaintext,3,11,5102037,5,independent_os_processes,committee-side plaintext comparison prototype,97,0.526300000,,,,,5.367500000,4.230900000,12.099200000,17.993000000,100980,833705,934685,1,true,
100,5,not_applicable_plaintext,3,12,5102038,5,independent_os_processes,committee-side plaintext comparison prototype,89,0.000000000,,,,,5.593800000,5.057100000,10.997900000,16.591700000,100945,779725,880670,1,true,
100,5,not_applicable_plaintext,3,13,5102039,5,independent_os_processes,committee-side plaintext comparison prototype,98,0.000000000,,,,,6.617600000,6.617600000,13.835100000,20.452700000,100785,838735,939520,1,true,
100,5,not_applicable_plaintext,3,14,5102040,5,independent_os_processes,committee-side plaintext comparison prototype,99,0.000000000,,,,,5.441300000,5.441300000,13.199500000,18.640800000,100920,846685,947605,1,true,
100,5,not_applicable_plaintext,3,15,5102041,5,independent_os_processes,committee-side plaintext comparison prototype,94,0.511100000,,,,,5.506700000,4.947600000,13.329700000,19.347500000,100915,813345,914260,1,true,
100,5,not_applicable_plaintext,3,16,5102042,5,independent_os_processes,committee-side plaintext comparison prototype,99,0.000000000,,,,,7.129600000,7.129600000,13.181000000,20.310600000,100975,847075,948050,1,true,
100,5,not_applicable_plaintext,3,17,5102043,5,independent_os_processes,committee-side plaintext comparison prototype,96,0.000000000,,,,,5.991500000,4.931600000,13.186900000,19.178400000,101005,826485,927490,1,true,
100,5,not_applicable_plaintext,3,18,5102044,5,independent_os_processes,committee-side plaintext comparison prototype,99,0.000000000,,,,,5.979300000,4.835800000,12.750200000,18.729500000,100935,846425,947360,1,true,
100,5,not_applicable_plaintext,3,19,5102045,5,independent_os_processes,committee-side plaintext comparison prototype,99,0.000000000,,,,,6.789300000,6.789300000,13.770000000,20.559300000,100970,846515,947485,1,true,
100,5,not_applicable_plaintext,3,20,5102046,5,independent_os_processes,committee-side plaintext comparison prototype,99,0.000000000,,,,,6.550100000,6.022800000,14.924000000,21.474100000,100925,845575,946500,1,true,
100,5,not_applicable_plaintext,3,21,5102047,5,independent_os_processes,committee-side plaintext comparison prototype,90,0.000000000,,,,,6.433300000,5.913600000,10.994700000,17.428000000,100880,786105,886985,1,true,
100,5,not_applicable_plaintext,3,22,5102048,5,independent_os_processes,committee-side plaintext comparison prototype,98,0.000000000,,,,,5.774800000,5.229100000,16.431100000,22.205900000,100950,839505,940455,1,true,
100,5,not_applicable_plaintext,3,23,5102049,5,independent_os_processes,committee-side plaintext comparison prototype,93,0.000000000,,,,,6.312700000,5.772300000,15.079200000,21.391900000,100885,806505,907390,1,true,
100,5,not_applicable_plaintext,3,24,5102050,5,independent_os_processes,committee-side plaintext comparison prototype,97,0.000000000,,,,,9.930700000,7.103000000,14.584200000,24.514900000,100970,833935,934905,1,true,
100,5,not_applicable_plaintext,3,25,5102051,5,independent_os_processes,committee-side plaintext comparison prototype,99,0.000000000,,,,,6.557800000,5.478000000,14.355600000,20.913400000,101085,846845,947930,1,true,
100,5,not_applicable_plaintext,3,26,5102052,5,independent_os_processes,committee-side plaintext comparison prototype,95,0.000000000,,,,,6.115400000,5.480800000,12.241200000,18.356600000,100970,820235,921205,1,true,
100,5,not_applicable_plaintext,3,27,5102053,5,independent_os_processes,committee-side plaintext comparison prototype,97,0.515500000,,,,,5.366000000,4.826600000,12.113000000,17.994500000,100810,832975,933785,1,true,
100,5,not_applicable_plaintext,3,28,5102054,5,independent_os_processes,committee-side plaintext comparison prototype,91,0.000000000,,,,,4.999600000,4.999600000,11.636800000,16.636400000,100915,793205,894120,1,true,
100,5,not_applicable_plaintext,3,29,5102055,5,independent_os_processes,committee-side plaintext comparison prototype,99,0.524600000,,,,,6.778500000,6.778500000,13.620300000,20.923400000,100990,846455,947445,1,true,
100,5,not_applicable_plaintext,3,30,5102056,5,independent_os_processes,committee-side plaintext comparison prototype,99,0.000000000,,,,,6.476500000,4.875600000,13.260800000,19.737300000,100980,846605,947585,1,true,
500,5,not_applicable_plaintext,3,1,5502027,5,independent_os_processes,committee-side plaintext comparison prototype,475,1.100000000,,,,,23.916900000,21.214600000,53.036600000,78.053500000,500080,4060665,4560745,1,true,
500,5,not_applicable_plaintext,3,2,5502028,5,independent_os_processes,committee-side plaintext comparison prototype,496,0.999900000,,,,,35.126400000,22.048100000,54.180400000,90.306700000,500150,4201055,4701205,1,true,
500,5,not_applicable_plaintext,3,3,5502029,5,independent_os_processes,committee-side plaintext comparison prototype,496,1.089400000,,,,,22.095500000,21.564900000,58.092900000,81.277800000,500285,4199925,4700210,1,true,
500,5,not_applicable_plaintext,3,4,5502030,5,independent_os_processes,committee-side plaintext comparison prototype,477,1.504100000,,,,,19.660000000,19.137000000,57.971600000,79.135700000,500225,4071825,4572050,1,true,
500,5,not_applicable_plaintext,3,5,5502031,5,independent_os_processes,committee-side plaintext comparison prototype,491,0.000000000,,,,,22.603300000,20.956900000,54.520700000,77.124000000,500350,4164705,4665055,1,true,
500,5,not_applicable_plaintext,3,6,5502032,5,independent_os_processes,committee-side plaintext comparison prototype,491,1.006200000,,,,,24.094700000,22.425800000,57.678400000,82.779300000,500340,4167375,4667715,1,true,
500,5,not_applicable_plaintext,3,7,5502033,5,independent_os_processes,committee-side plaintext comparison prototype,491,1.241100000,,,,,22.635200000,21.432000000,55.845400000,79.721700000,500225,4166665,4666890,1,true,
500,5,not_applicable_plaintext,3,8,5502034,5,independent_os_processes,committee-side plaintext comparison prototype,498,1.006000000,,,,,19.682400000,19.682400000,65.448200000,86.136600000,500155,4214315,4714470,1,true,
500,5,not_applicable_plaintext,3,9,5502035,5,independent_os_processes,committee-side plaintext comparison prototype,499,0.506700000,,,,,27.888200000,26.704600000,58.712600000,87.107500000,499955,4217735,4717690,1,true,
500,5,not_applicable_plaintext,3,10,5502036,5,independent_os_processes,committee-side plaintext comparison prototype,488,1.521600000,,,,,31.707700000,18.470900000,60.067300000,93.296600000,500185,4146415,4646600,1,true,
500,5,not_applicable_plaintext,3,11,5502037,5,independent_os_processes,committee-side plaintext comparison prototype,480,0.000000000,,,,,25.813000000,25.813000000,54.408200000,80.221200000,500560,4089435,4589995,1,true,
500,5,not_applicable_plaintext,3,12,5502038,5,independent_os_processes,committee-side plaintext comparison prototype,483,0.998600000,,,,,42.652700000,21.709500000,55.505200000,99.156500000,499980,4111545,4611525,1,true,
500,5,not_applicable_plaintext,3,13,5502039,5,independent_os_processes,committee-side plaintext comparison prototype,494,0.997100000,,,,,21.252000000,20.108100000,57.452900000,79.702000000,500505,4186925,4687430,1,true,
500,5,not_applicable_plaintext,3,14,5502040,5,independent_os_processes,committee-side plaintext comparison prototype,499,1.000300000,,,,,22.289200000,20.612000000,54.241700000,77.531200000,500530,4221195,4721725,1,true,
500,5,not_applicable_plaintext,3,15,5502041,5,independent_os_processes,committee-side plaintext comparison prototype,497,0.521500000,,,,,21.475100000,19.339000000,57.046900000,79.043500000,500265,4207345,4707610,1,true,
500,5,not_applicable_plaintext,3,16,5502042,5,independent_os_processes,committee-side plaintext comparison prototype,491,0.995400000,,,,,24.944100000,24.402200000,60.752000000,86.691500000,500255,4165865,4666120,1,true,
500,5,not_applicable_plaintext,3,17,5502043,5,independent_os_processes,committee-side plaintext comparison prototype,492,0.524600000,,,,,24.060100000,23.521900000,58.171600000,82.756300000,500310,4172825,4673135,1,true,
500,5,not_applicable_plaintext,3,18,5502044,5,independent_os_processes,committee-side plaintext comparison prototype,484,1.532600000,,,,,22.295400000,21.764900000,55.937700000,79.765700000,500375,4116835,4617210,1,true,
500,5,not_applicable_plaintext,3,19,5502045,5,independent_os_processes,committee-side plaintext comparison prototype,464,0.000000000,,,,,24.390300000,23.324000000,55.602600000,79.992900000,500350,3983865,4484215,1,true,
500,5,not_applicable_plaintext,3,20,5502046,5,independent_os_processes,committee-side plaintext comparison prototype,493,0.000000000,,,,,22.683100000,21.050400000,63.593300000,86.276400000,500220,4178605,4678825,1,true,
500,5,not_applicable_plaintext,3,21,5502047,5,independent_os_processes,committee-side plaintext comparison prototype,499,0.533100000,,,,,27.753700000,26.101600000,59.872700000,88.159500000,500170,4219105,4719275,1,true,
500,5,not_applicable_plaintext,3,22,5502048,5,independent_os_processes,committee-side plaintext comparison prototype,488,1.465500000,,,,,25.914800000,22.701000000,61.216900000,88.597200000,500525,4146545,4647070,1,true,
500,5,not_applicable_plaintext,3,23,5502049,5,independent_os_processes,committee-side plaintext comparison prototype,492,1.000300000,,,,,25.006800000,22.220500000,58.156600000,84.163700000,500365,4172645,4673010,1,true,
500,5,not_applicable_plaintext,3,24,5502050,5,independent_os_processes,committee-side plaintext comparison prototype,498,1.005800000,,,,,45.262800000,24.482500000,52.966900000,99.235500000,500320,4213205,4713525,1,true,
500,5,not_applicable_plaintext,3,25,5502051,5,independent_os_processes,committee-side plaintext comparison prototype,490,0.000000000,,,,,24.833200000,23.232600000,60.390800000,85.224000000,499960,4158075,4658035,1,true,
500,5,not_applicable_plaintext,3,26,5502052,5,independent_os_processes,committee-side plaintext comparison prototype,495,0.000000000,,,,,23.689800000,20.985500000,59.753900000,83.443700000,500110,4191565,4691675,1,true,
500,5,not_applicable_plaintext,3,27,5502053,5,independent_os_processes,committee-side plaintext comparison prototype,490,1.007500000,,,,,23.473400000,21.765600000,63.021100000,87.502000000,500250,4158285,4658535,1,true,
500,5,not_applicable_plaintext,3,28,5502054,5,independent_os_processes,committee-side plaintext comparison prototype,493,0.000000000,,,,,24.717400000,19.684400000,68.946800000,93.664200000,500270,4180265,4680535,1,true,
500,5,not_applicable_plaintext,3,29,5502055,5,independent_os_processes,committee-side plaintext comparison prototype,494,1.000500000,,,,,27.643200000,25.422500000,61.894000000,90.537700000,500280,4185625,4685905,1,true,
500,5,not_applicable_plaintext,3,30,5502056,5,independent_os_processes,committee-side plaintext comparison prototype,482,0.996300000,,,,,25.866000000,24.261400000,65.888600000,92.750900000,500025,4104705,4604730,1,true,
1000,5,not_applicable_plaintext,3,1,6002027,5,independent_os_processes,committee-side plaintext comparison prototype,986,1.000500000,,,,,53.895000000,45.685700000,116.046900000,170.942400000,999545,8349945,9349490,1,true,
1000,5,not_applicable_plaintext,3,2,6002028,5,independent_os_processes,committee-side plaintext comparison prototype,993,0.999800000,,,,,57.367600000,55.358300000,121.323500000,179.690900000,999425,8397195,9396620,1,true,
1000,5,not_applicable_plaintext,3,3,6002029,5,independent_os_processes,committee-side plaintext comparison prototype,977,2.067000000,,,,,53.144000000,51.010900000,124.298600000,179.509600000,999330,8288855,9288185,1,true,
1000,5,not_applicable_plaintext,3,4,6002030,5,independent_os_processes,committee-side plaintext comparison prototype,988,2.001400000,,,,,50.982500000,47.460500000,117.116900000,170.100800000,999510,8361875,9361385,1,true,
1000,5,not_applicable_plaintext,3,5,6002031,5,independent_os_processes,committee-side plaintext comparison prototype,991,2.174200000,,,,,50.127600000,48.506600000,108.558300000,160.860100000,999055,8378255,9377310,1,true,
1000,5,not_applicable_plaintext,3,6,6002032,5,independent_os_processes,committee-side plaintext comparison prototype,990,1.000000000,,,,,57.654100000,54.075000000,121.915300000,180.569400000,999535,8377375,9376910,1,true,
1000,5,not_applicable_plaintext,3,7,6002033,5,independent_os_processes,committee-side plaintext comparison prototype,982,1.999900000,,,,,48.385600000,47.312000000,108.637000000,159.022500000,999455,8324275,9323730,1,true,
1000,5,not_applicable_plaintext,3,8,6002034,5,independent_os_processes,committee-side plaintext comparison prototype,999,1.000000000,,,,,51.517000000,46.097700000,105.881300000,158.398300000,999390,8436055,9435445,1,true,
1000,5,not_applicable_plaintext,3,9,6002035,5,independent_os_processes,committee-side plaintext comparison prototype,999,1.998900000,,,,,43.485900000,40.781200000,109.828500000,155.313300000,999410,8437475,9436885,1,true,
1000,5,not_applicable_plaintext,3,10,6002036,5,independent_os_processes,committee-side plaintext comparison prototype,993,1.185400000,,,,,64.073600000,47.790900000,110.618900000,175.877900000,999745,8396415,9396160,1,true,
1000,5,not_applicable_plaintext,3,11,6002037,5,independent_os_processes,committee-side plaintext comparison prototype,981,1.999300000,,,,,47.640300000,44.880700000,109.929600000,159.569200000,999500,8316915,9316415,1,true,
1000,5,not_applicable_plaintext,3,12,6002038,5,independent_os_processes,committee-side plaintext comparison prototype,984,1.000000000,,,,,65.605000000,46.575100000,116.092300000,182.697300000,999740,8336135,9335875,1,true,
1000,5,not_applicable_plaintext,3,13,6002039,5,independent_os_processes,committee-side plaintext comparison prototype,995,1.999700000,,,,,66.678100000,58.827900000,120.548600000,189.226400000,999215,8409565,9408780,1,true,
1000,5,not_applicable_plaintext,3,14,6002040,5,independent_os_processes,committee-side plaintext comparison prototype,981,2.515400000,,,,,64.707500000,62.949700000,119.531400000,186.754300000,999390,8316115,9315505,1,true,
1000,5,not_applicable_plaintext,3,15,6002041,5,independent_os_processes,committee-side plaintext comparison prototype,979,2.001200000,,,,,51.345200000,48.683900000,118.998300000,172.344700000,999655,8302055,9301710,1,true,
1000,5,not_applicable_plaintext,3,16,6002042,5,independent_os_processes,committee-side plaintext comparison prototype,991,1.000900000,,,,,57.941600000,56.172000000,108.946300000,167.888800000,999745,8386245,9385990,1,true,
1000,5,not_applicable_plaintext,3,17,6002043,5,independent_os_processes,committee-side plaintext comparison prototype,993,0.999600000,,,,,41.838700000,40.811600000,114.704700000,157.543000000,999400,8394985,9394385,1,true,
1000,5,not_applicable_plaintext,3,18,6002044,5,independent_os_processes,committee-side plaintext comparison prototype,993,1.001700000,,,,,56.200800000,53.637700000,121.855600000,179.058100000,999040,8392355,9391395,1,true,
1000,5,not_applicable_plaintext,3,19,6002045,5,independent_os_processes,committee-side plaintext comparison prototype,999,2.099700000,,,,,60.600400000,45.828600000,120.290300000,182.990400000,999620,8436895,9436515,1,true,
1000,5,not_applicable_plaintext,3,20,6002046,5,independent_os_processes,committee-side plaintext comparison prototype,962,1.505000000,,,,,51.199500000,48.340000000,105.553900000,158.258400000,999125,8189105,9188230,1,true,
1000,5,not_applicable_plaintext,3,21,6002047,5,independent_os_processes,committee-side plaintext comparison prototype,983,1.000300000,,,,,51.487100000,49.359300000,118.795700000,171.283100000,999450,8332745,9332195,1,true,
1000,5,not_applicable_plaintext,3,22,6002048,5,independent_os_processes,committee-side plaintext comparison prototype,996,2.904800000,,,,,51.471200000,47.102200000,109.779000000,164.155000000,999370,8416515,9415885,1,true,
1000,5,not_applicable_plaintext,3,23,6002049,5,independent_os_processes,committee-side plaintext comparison prototype,980,2.510700000,,,,,42.398600000,40.384000000,107.109400000,152.018700000,999545,8309315,9308860,1,true,
1000,5,not_applicable_plaintext,3,24,6002050,5,independent_os_processes,committee-side plaintext comparison prototype,994,1.997300000,,,,,44.560600000,42.027800000,110.595900000,157.153800000,999220,8399575,9398795,1,true,
1000,5,not_applicable_plaintext,3,25,6002051,5,independent_os_processes,committee-side plaintext comparison prototype,981,1.514700000,,,,,50.639200000,48.476400000,113.160500000,165.314400000,999620,8318485,9318105,1,true,
1000,5,not_applicable_plaintext,3,26,6002052,5,independent_os_processes,committee-side plaintext comparison prototype,992,1.001200000,,,,,49.651200000,46.412500000,109.969900000,160.622300000,999205,8386675,9385880,1,true,
1000,5,not_applicable_plaintext,3,27,6002053,5,independent_os_processes,committee-side plaintext comparison prototype,966,0.998300000,,,,,50.776800000,49.669300000,107.915100000,159.690200000,999230,8218765,9217995,1,true,
1000,5,not_applicable_plaintext,3,28,6002054,5,independent_os_processes,committee-side plaintext comparison prototype,974,1.001400000,,,,,54.864400000,52.120400000,111.362400000,167.228200000,999315,8267545,9266860,1,true,
1000,5,not_applicable_plaintext,3,29,6002055,5,independent_os_processes,committee-side plaintext comparison prototype,990,1.001300000,,,,,49.545300000,47.803200000,113.637900000,164.184500000,999665,8379035,9378700,1,true,
1000,5,not_applicable_plaintext,3,30,6002056,5,independent_os_processes,committee-side plaintext comparison prototype,977,2.775800000,,,,,55.461700000,44.826400000,107.569400000,165.806900000,999600,8292615,9292215,1,true,
50,7,not_applicable_plaintext,4,1,7052027,5,independent_os_processes,committee-side plaintext comparison prototype,43,0.000000000,,,,,3.248200000,3.248200000,8.980900000,12.229100000,71456,539273,610729,1,true,
50,7,not_applicable_plaintext,4,2,7052028,5,independent_os_processes,committee-side plaintext comparison prototype,47,0.000000000,,,,,3.866900000,3.866900000,8.941300000,12.808200000,71463,576961,648424,1,true,
50,7,not_applicable_plaintext,4,3,7052029,5,independent_os_processes,committee-side plaintext comparison prototype,48,0.525300000,,,,,3.259000000,2.704300000,9.067100000,12.851400000,71337,584591,655928,1,true,
50,7,not_applicable_plaintext,4,4,7052030,5,independent_os_processes,committee-side plaintext comparison prototype,42,0.000000000,,,,,3.886100000,3.886100000,7.964700000,11.850800000,71365,529249,600614,1,true,
50,7,not_applicable_plaintext,4,5,7052031,5,independent_os_processes,committee-side plaintext comparison prototype,41,0.000000000,,,,,3.272800000,2.726800000,7.879200000,11.152000000,71407,519295,590702,1,true,
50,7,not_applicable_plaintext,4,6,7052032,5,independent_os_processes,committee-side plaintext comparison prototype,47,0.000000000,,,,,4.750900000,4.750900000,8.473900000,13.224800000,71456,576247,647703,1,true,
50,7,not_applicable_plaintext,4,7,7052033,5,independent_os_processes,committee-side plaintext comparison prototype,46,0.000000000,,,,,3.865300000,3.322100000,9.572700000,13.438000000,71407,566531,637938,1,true,
50,7,not_applicable_plaintext,4,8,7052034,5,independent_os_processes,committee-side plaintext comparison prototype,49,0.530200000,,,,,5.318100000,4.243500000,13.310500000,19.158800000,71449,595259,666708,1,true,
50,7,not_applicable_plaintext,4,9,7052035,5,independent_os_processes,committee-side plaintext comparison prototype,47,0.000000000,,,,,3.506100000,3.506100000,10.626700000,14.132800000,71281,576051,647332,1,true,
50,7,not_applicable_plaintext,4,10,7052036,5,independent_os_processes,committee-side plaintext comparison prototype,47,0.000000000,,,,,3.382400000,2.835000000,8.577400000,11.959800000,71442,575351,646793,1,true,
50,7,not_applicable_plaintext,4,11,7052037,5,independent_os_processes,committee-side plaintext comparison prototype,44,0.525900000,,,,,4.985300000,3.803400000,10.054900000,15.566100000,71526,548611,620137,1,true,
50,7,not_applicable_plaintext,4,12,7052038,5,independent_os_processes,committee-side plaintext comparison prototype,47,0.000000000,,,,,4.294500000,4.294500000,9.524400000,13.818900000,71253,576247,647500,1,true,
50,7,not_applicable_plaintext,4,13,7052039,5,independent_os_processes,committee-side plaintext comparison prototype,49,0.000000000,,,,,3.958200000,3.418300000,10.642300000,14.600500000,71435,594965,666400,1,true,
50,7,not_applicable_plaintext,4,14,7052040,5,independent_os_processes,committee-side plaintext comparison prototype,48,0.000000000,,,,,4.434000000,4.434000000,9.703100000,14.137100000,71428,585445,656873,1,true,
50,7,not_applicable_plaintext,4,15,7052041,5,independent_os_processes,committee-side plaintext comparison prototype,47,0.000000000,,,,,3.807900000,3.256000000,10.702900000,14.510800000,71435,576177,647612,1,true,
50,7,not_applicable_plaintext,4,16,7052042,5,independent_os_processes,committee-side plaintext comparison prototype,48,0.531000000,,,,,3.870200000,3.870200000,10.817200000,15.218400000,71442,585571,657013,1,true,
50,7,not_applicable_plaintext,4,17,7052043,5,independent_os_processes,committee-side plaintext comparison prototype,41,0.531000000,,,,,3.328800000,3.328800000,8.654300000,12.514100000,71358,520247,591605,1,true,
50,7,not_applicable_plaintext,4,18,7052044,5,independent_os_processes,committee-side plaintext comparison prototype,47,0.533400000,,,,,5.107700000,3.952600000,10.288500000,15.929600000,71540,576261,647801,1,true,
50,7,not_applicable_plaintext,4,19,7052045,5,independent_os_processes,committee-side plaintext comparison prototype,45,0.000000000,,,,,4.995100000,4.445400000,10.682400000,15.677500000,71484,557697,629181,1,true,
50,7,not_applicable_plaintext,4,20,7052046,5,independent_os_processes,committee-side plaintext comparison prototype,47,0.000000000,,,,,4.983100000,4.983100000,11.253600000,16.236700000,71421,576163,647584,1,true,
50,7,not_applicable_plaintext,4,21,7052047,5,independent_os_processes,committee-side plaintext comparison prototype,46,0.000000000,,,,,4.861500000,4.861500000,10.167700000,15.029200000,71393,566503,637896,1,true,
50,7,not_applicable_plaintext,4,22,7052048,5,independent_os_processes,committee-side plaintext comparison prototype,49,0.530300000,,,,,3.844300000,3.844300000,10.224200000,14.598800000,71400,594867,666267,1,true,
50,7,not_applicable_plaintext,4,23,7052049,5,independent_os_processes,committee-side plaintext comparison prototype,47,0.000000000,,,,,5.088100000,4.555400000,9.675200000,14.763300000,71316,575547,646863,1,true,
50,7,not_applicable_plaintext,4,24,7052050,5,independent_os_processes,committee-side plaintext comparison prototype,47,0.000000000,,,,,4.341900000,3.800500000,10.177400000,14.519300000,71337,575491,646828,1,true,
50,7,not_applicable_plaintext,4,25,7052051,5,independent_os_processes,committee-side plaintext comparison prototype,49,0.000000000,,,,,3.858600000,3.858600000,9.669400000,13.528000000,71365,594601,665966,1,true,
50,7,not_applicable_plaintext,4,26,7052052,5,independent_os_processes,committee-side plaintext comparison prototype,49,0.526900000,,,,,4.980700000,4.415100000,11.180200000,16.687800000,71358,594405,665763,1,true,
50,7,not_applicable_plaintext,4,27,7052053,5,independent_os_processes,committee-side plaintext comparison prototype,45,0.000000000,,,,,5.286100000,4.228000000,9.103600000,14.389700000,71386,558355,629741,1,true,
50,7,not_applicable_plaintext,4,28,7052054,5,independent_os_processes,committee-side plaintext comparison prototype,47,0.000000000,,,,,5.145000000,5.145000000,10.089600000,15.234600000,71428,576345,647773,1,true,
50,7,not_applicable_plaintext,4,29,7052055,5,independent_os_processes,committee-side plaintext comparison prototype,47,0.000000000,,,,,4.280200000,3.229500000,9.014700000,13.294900000,71365,575701,647066,1,true,
50,7,not_applicable_plaintext,4,30,7052056,5,independent_os_processes,committee-side plaintext comparison prototype,49,0.000000000,,,,,4.381600000,3.845800000,9.525300000,13.906900000,71400,594965,666365,1,true,
100,7,not_applicable_plaintext,4,1,7102027,5,independent_os_processes,committee-side plaintext comparison prototype,96,0.562000000,,,,,10.036900000,8.833100000,19.826300000,30.425200000,141225,1157639,1298864,1,true,
100,7,not_applicable_plaintext,4,2,7102028,5,independent_os_processes,committee-side plaintext comparison prototype,97,0.000000000,,,,,7.229300000,6.145200000,19.807100000,27.036400000,141400,1167117,1308517,1,true,
100,7,not_applicable_plaintext,4,3,7102029,5,independent_os_processes,committee-side plaintext comparison prototype,98,0.000000000,,,,,6.416000000,4.820100000,16.261300000,22.677300000,141351,1176497,1317848,1,true,
100,7,not_applicable_plaintext,4,4,7102030,5,independent_os_processes,committee-side plaintext comparison prototype,98,0.000000000,,,,,8.052200000,6.919200000,17.465400000,25.517600000,141449,1176553,1318002,1,true,
100,7,not_applicable_plaintext,4,5,7102031,5,independent_os_processes,committee-side plaintext comparison prototype,97,0.574400000,,,,,7.231700000,5.616000000,19.180400000,26.986500000,141344,1165297,1306641,1,true,
100,7,not_applicable_plaintext,4,6,7102032,5,independent_os_processes,committee-side plaintext comparison prototype,93,0.520700000,,,,,5.937400000,4.873100000,18.871900000,25.330000000,141344,1129625,1270969,1,true,
100,7,not_applicable_plaintext,4,7,7102033,5,independent_os_processes,committee-side plaintext comparison prototype,94,0.000000000,,,,,7.689900000,6.580000000,18.760600000,26.450500000,141281,1137815,1279096,1,true,
100,7,not_applicable_plaintext,4,8,7102034,5,independent_os_processes,committee-side plaintext comparison prototype,99,0.000000000,,,,,7.173700000,7.173700000,19.245500000,26.419200000,141239,1186185,1327424,1,true,
100,7,not_applicable_plaintext,4,9,7102035,5,independent_os_processes,committee-side plaintext comparison prototype,98,0.524500000,,,,,7.777500000,7.777500000,18.575100000,26.877100000,141540,1175727,1317267,1,true,
100,7,not_applicable_plaintext,4,10,7102036,5,independent_os_processes,committee-side plaintext comparison prototype,92,0.000000000,,,,,6.577200000,5.505400000,15.746800000,22.324000000,141218,1118887,1260105,1,true,
100,7,not_applicable_plaintext,4,11,7102037,5,independent_os_processes,committee-side plaintext comparison prototype,92,0.524700000,,,,,5.395800000,4.868600000,16.525300000,22.445800000,141386,1120203,1261589,1,true,
100,7,not_applicable_plaintext,4,12,7102038,5,independent_os_processes,committee-side plaintext comparison prototype,87,0.531800000,,,,,6.944200000,6.293100000,20.992500000,28.468500000,141330,1073933,1215263,1,true,
100,7,not_applicable_plaintext,4,13,7102039,5,independent_os_processes,committee-side plaintext comparison prototype,98,0.000000000,,,,,8.644200000,8.644200000,19.225100000,27.869300000,141295,1174523,1315818,1,true,
100,7,not_applicable_plaintext,4,14,7102040,5,independent_os_processes,committee-side plaintext comparison prototype,93,0.000000000,,,,,5.459000000,4.916300000,15.748600000,21.207600000,141316,1130731,1272047,1,true,
100,7,not_applicable_plaintext,4,15,7102041,5,independent_os_processes,committee-side plaintext comparison prototype,98,0.000000000,,,,,6.183900000,5.085300000,16.767900000,22.951800000,141302,1176133,1317435,1,true,
100,7,not_applicable_plaintext,4,16,7102042,5,independent_os_processes,committee-side plaintext comparison prototype,95,0.518500000,,,,,7.005500000,5.392000000,16.333900000,23.857900000,141491,1149057,1290548,1,true,
100,7,not_applicable_plaintext,4,17,7102043,5,independent_os_processes,committee-side plaintext comparison prototype,97,0.651800000,,,,,5.934200000,5.406700000,16.910000000,23.496000000,141323,1167677,1309000,1,true,
100,7,not_applicable_plaintext,4,18,7102044,5,independent_os_processes,committee-side plaintext comparison prototype,99,0.515300000,,,,,6.246000000,4.956300000,17.287200000,24.048500000,141477,1185317,1326794,1,true,
100,7,not_applicable_plaintext,4,19,7102045,5,independent_os_processes,committee-side plaintext comparison prototype,95,0.000000000,,,,,8.016500000,8.016500000,18.033500000,26.050000000,141267,1148357,1289624,1,true,
100,7,not_applicable_plaintext,4,20,7102046,5,independent_os_processes,committee-side plaintext comparison prototype,90,0.526400000,,,,,5.997000000,4.942200000,16.841600000,23.365000000,141414,1102213,1243627,1,true,
100,7,not_applicable_plaintext,4,21,7102047,5,independent_os_processes,committee-side plaintext comparison prototype,93,0.523800000,,,,,5.959000000,5.434300000,17.720600000,24.203400000,141204,1128547,1269751,1,true,
100,7,not_applicable_plaintext,4,22,7102048,5,independent_os_processes,committee-side plaintext comparison prototype,97,0.000000000,,,,,6.761600000,6.236800000,17.450000000,24.211600000,141463,1167089,1308552,1,true,
100,7,not_applicable_plaintext,4,23,7102049,5,independent_os_processes,committee-side plaintext comparison prototype,91,0.000000000,,,,,5.968700000,5.423900000,15.171700000,21.140400000,141281,1110101,1251382,1,true,
100,7,not_applicable_plaintext,4,24,7102050,5,independent_os_processes,committee-side plaintext comparison prototype,95,0.000000000,,,,,5.973300000,5.437500000,17.943700000,23.917000000,141204,1148231,1289435,1,true,
100,7,not_applicable_plaintext,4,25,7102051,5,independent_os_processes,committee-side plaintext comparison prototype,99,0.000000000,,,,,7.042300000,6.504500000,19.715200000,26.757500000,141463,1186255,1327718,1,true,
100,7,not_applicable_plaintext,4,26,7102052,5,independent_os_processes,committee-side plaintext comparison prototype,99,0.000000000,,,,,7.252100000,5.570800000,18.562700000,25.814800000,141316,1184211,1325527,1,true,
100,7,not_applicable_plaintext,4,27,7102053,5,independent_os_processes,committee-side plaintext comparison prototype,93,0.000000000,,,,,6.571600000,6.571600000,17.533500000,24.105100000,141323,1126587,1267910,1,true,
100,7,not_applicable_plaintext,4,28,7102054,5,independent_os_processes,committee-side plaintext comparison prototype,98,0.000000000,,,,,6.110900000,5.031800000,17.676100000,23.787000000,141449,1174621,1316070,1,true,
100,7,not_applicable_plaintext,4,29,7102055,5,independent_os_processes,committee-side plaintext comparison prototype,92,0.000000000,,,,,6.716200000,6.171200000,17.523700000,24.239900000,141239,1118621,1259860,1,true,
100,7,not_applicable_plaintext,4,30,7102056,5,independent_os_processes,committee-side plaintext comparison prototype,97,0.532000000,,,,,6.036200000,6.036200000,18.128100000,24.696300000,141428,1167243,1308671,1,true,
500,7,not_applicable_plaintext,4,1,7502027,5,independent_os_processes,committee-side plaintext comparison prototype,498,1.507300000,,,,,34.727900000,22.677200000,75.836300000,112.071500000,699937,5897941,6597878,1,true,
500,7,not_applicable_plaintext,4,2,7502028,5,independent_os_processes,committee-side plaintext comparison prototype,499,1.487600000,,,,,29.724900000,28.052700000,90.933500000,122.146000000,700658,5910715,6611373,1,true,
500,7,not_applicable_plaintext,4,3,7502029,5,independent_os_processes,committee-side plaintext comparison prototype,493,1.048600000,,,,,49.114800000,30.210300000,78.985800000,129.149200000,700602,5850019,6550621,1,true,
500,7,not_applicable_plaintext,4,4,7502030,5,independent_os_processes,committee-side plaintext comparison prototype,499,1.504000000,,,,,43.959100000,27.241000000,77.794600000,123.257700000,700462,5908497,6608959,1,true,
500,7,not_applicable_plaintext,4,5,7502031,5,independent_os_processes,committee-side plaintext comparison prototype,477,0.000000000,,,,,45.536200000,29.833500000,79.656300000,125.192500000,699930,5697867,6397797,1,true,
500,7,not_applicable_plaintext,4,6,7502032,5,independent_os_processes,committee-side plaintext comparison prototype,490,1.047000000,,,,,41.679100000,31.804100000,86.284600000,129.010700000,700133,5820675,6520808,1,true,
500,7,not_applicable_plaintext,4,7,7502033,5,independent_os_processes,committee-side plaintext comparison prototype,488,0.522000000,,,,,51.080900000,29.231900000,82.847700000,134.450600000,700742,5803035,6503777,1,true,
500,7,not_applicable_plaintext,4,8,7502034,5,independent_os_processes,committee-side plaintext comparison prototype,497,0.998400000,,,,,40.091300000,26.585800000,88.931400000,130.021100000,700336,5890157,6590493,1,true,
500,7,not_applicable_plaintext,4,9,7502035,5,independent_os_processes,committee-side plaintext comparison prototype,496,2.138600000,,,,,47.794700000,26.870700000,78.004800000,127.938100000,700679,5878453,6579132,1,true,
500,7,not_applicable_plaintext,4,10,7502036,5,independent_os_processes,committee-side plaintext comparison prototype,492,0.999200000,,,,,43.224700000,32.091100000,87.558000000,131.781900000,700063,5841101,6541164,1,true,
500,7,not_applicable_plaintext,4,11,7502037,5,independent_os_processes,committee-side plaintext comparison prototype,488,0.000000000,,,,,35.519800000,23.861500000,76.352400000,111.872200000,700455,5805177,6505632,1,true,
500,7,not_applicable_plaintext,4,12,7502038,5,independent_os_processes,committee-side plaintext comparison prototype,487,0.000000000,,,,,29.497700000,28.524200000,85.879200000,115.376900000,700623,5798233,6498856,1,true,
500,7,not_applicable_plaintext,4,13,7502039,5,independent_os_processes,committee-side plaintext comparison prototype,483,0.000000000,,,,,26.561800000,21.150000000,75.336500000,101.898300000,700420,5760377,6460797,1,true,
500,7,not_applicable_plaintext,4,14,7502040,5,independent_os_processes,committee-side plaintext comparison prototype,498,1.012000000,,,,,29.984900000,29.432500000,95.389600000,126.386500000,700343,5897759,6598102,1,true,
500,7,not_applicable_plaintext,4,15,7502041,5,independent_os_processes,committee-side plaintext comparison prototype,491,1.009700000,,,,,29.378900000,27.510000000,80.189900000,110.578500000,700511,5832463,6532974,1,true,
500,7,not_applicable_plaintext,4,16,7502042,5,independent_os_processes,committee-side plaintext comparison prototype,478,0.999100000,,,,,28.540100000,27.484500000,77.460100000,106.999300000,700763,5714737,6415500,1,true,
500,7,not_applicable_plaintext,4,17,7502043,5,independent_os_processes,committee-side plaintext comparison prototype,497,0.000000000,,,,,32.435200000,31.360700000,90.692000000,123.127200000,700063,5887287,6587350,1,true,
500,7,not_applicable_plaintext,4,18,7502044,5,independent_os_processes,committee-side plaintext comparison prototype,475,0.999800000,,,,,32.593100000,31.034700000,84.465300000,118.058200000,700371,5678953,6379324,1,true,
500,7,not_applicable_plaintext,4,19,7502045,5,independent_os_processes,committee-side plaintext comparison prototype,487,0.000000000,,,,,39.367700000,31.855900000,80.897500000,120.265200000,700259,5794243,6494502,1,true,
500,7,not_applicable_plaintext,4,20,7502046,5,independent_os_processes,committee-side plaintext comparison prototype,485,1.002200000,,,,,42.892600000,26.706300000,86.619100000,130.513900000,700098,5774671,6474769,1,true,
500,7,not_applicable_plaintext,4,21,7502047,5,independent_os_processes,committee-side plaintext comparison prototype,495,1.000700000,,,,,37.607400000,30.818600000,77.526500000,116.134600000,700357,5869969,6570326,1,true,
500,7,not_applicable_plaintext,4,22,7502048,5,independent_os_processes,committee-side plaintext comparison prototype,484,1.147900000,,,,,23.443600000,20.207800000,72.546300000,97.137800000,700161,5768189,6468350,1,true,
500,7,not_applicable_plaintext,4,23,7502049,5,independent_os_processes,committee-side plaintext comparison prototype,488,0.000000000,,,,,27.983800000,26.922200000,84.012900000,111.996700000,700399,5807431,6507830,1,true,
500,7,not_applicable_plaintext,4,24,7502050,5,independent_os_processes,committee-side plaintext comparison prototype,487,1.515000000,,,,,36.077300000,23.654100000,72.517600000,110.109900000,700091,5792899,6492990,1,true,
500,7,not_applicable_plaintext,4,25,7502051,5,independent_os_processes,committee-side plaintext comparison prototype,470,1.474100000,,,,,35.236700000,27.249300000,73.689700000,110.400500000,700504,5638549,6339053,1,true,
500,7,not_applicable_plaintext,4,26,7502052,5,independent_os_processes,committee-side plaintext comparison prototype,476,0.000000000,,,,,31.447800000,29.116400000,71.387300000,102.835100000,700574,5688389,6388963,1,true,
500,7,not_applicable_plaintext,4,27,7502053,5,independent_os_processes,committee-side plaintext comparison prototype,486,0.999500000,,,,,28.249600000,25.860300000,81.616500000,110.865600000,700413,5783547,6483960,1,true,
500,7,not_applicable_plaintext,4,28,7502054,5,independent_os_processes,committee-side plaintext comparison prototype,488,0.999300000,,,,,34.769800000,27.095300000,87.432100000,123.201200000,700119,5804365,6504484,1,true,
500,7,not_applicable_plaintext,4,29,7502055,5,independent_os_processes,committee-side plaintext comparison prototype,487,1.000300000,,,,,28.875400000,28.875400000,84.436200000,114.311900000,700413,5798387,6498800,1,true,
500,7,not_applicable_plaintext,4,30,7502056,5,independent_os_processes,committee-side plaintext comparison prototype,494,1.272300000,,,,,27.851700000,26.760500000,79.594200000,108.718200000,700182,5859959,6560141,1,true,
1000,7,not_applicable_plaintext,4,1,8002027,5,independent_os_processes,committee-side plaintext comparison prototype,974,2.000000000,,,,,72.945800000,56.063800000,146.415600000,221.361400000,1399356,11572533,12971889,1,true,
1000,7,not_applicable_plaintext,4,2,8002028,5,independent_os_processes,committee-side plaintext comparison prototype,996,1.999500000,,,,,65.472700000,63.271500000,157.979600000,225.451800000,1399265,11778795,13178060,1,true,
1000,7,not_applicable_plaintext,4,3,8002029,5,independent_os_processes,committee-side plaintext comparison prototype,995,0.998200000,,,,,62.382100000,59.884700000,160.860200000,224.240500000,1399251,11776919,13176170,1,true,
1000,7,not_applicable_plaintext,4,4,8002030,5,independent_os_processes,committee-side plaintext comparison prototype,991,1.841600000,,,,,63.804000000,61.709200000,161.491000000,227.136600000,1398971,11731055,13130026,1,true,
1000,7,not_applicable_plaintext,4,5,8002031,5,independent_os_processes,committee-side plaintext comparison prototype,999,1.007300000,,,,,66.956900000,61.339800000,165.007300000,232.971500000,1399412,11808433,13207845,1,true,
1000,7,not_applicable_plaintext,4,6,8002032,5,independent_os_processes,committee-side plaintext comparison prototype,998,2.522000000,,,,,63.592000000,56.779200000,158.557700000,224.671700000,1399090,11800761,13199851,1,true,
1000,7,not_applicable_plaintext,4,7,8002033,5,independent_os_processes,committee-side plaintext comparison prototype,981,1.999700000,,,,,65.236300000,62.286300000,152.677600000,219.913600000,1399153,11645725,13044878,1,true,
1000,7,not_applicable_plaintext,4,8,8002034,5,independent_os_processes,committee-side plaintext comparison prototype,991,2.000100000,,,,,55.009900000,53.466200000,149.254400000,206.264400000,1399090,11733435,13132525,1,true,
1000,7,not_applicable_plaintext,4,9,8002035,5,independent_os_processes,committee-side plaintext comparison prototype,979,2.007600000,,,,,58.408600000,56.317400000,152.379100000,212.795300000,1399594,11621295,13020889,1,true,
1000,7,not_applicable_plaintext,4,10,8002036,5,independent_os_processes,committee-side plaintext comparison prototype,994,2.620800000,,,,,59.056400000,54.564300000,165.860000000,227.537200000,1399153,11767413,13166566,1,true,
1000,7,not_applicable_plaintext,4,11,8002037,5,independent_os_processes,committee-side plaintext comparison prototype,984,1.507600000,,,,,81.106100000,59.436600000,165.578600000,248.192300000,1399139,11670421,13069560,1,true,
1000,7,not_applicable_plaintext,4,12,8002038,5,independent_os_processes,committee-side plaintext comparison prototype,989,0.999700000,,,,,71.523900000,68.088700000,174.861300000,247.384900000,1399510,11717167,13116677,1,true,
1000,7,not_applicable_plaintext,4,13,8002039,5,independent_os_processes,committee-side plaintext comparison prototype,997,2.003200000,,,,,70.749400000,70.173500000,166.186100000,238.938700000,1399321,11791647,13190968,1,true,
1000,7,not_applicable_plaintext,4,14,8002040,5,independent_os_processes,committee-side plaintext comparison prototype,992,2.003000000,,,,,64.598800000,61.055900000,157.701400000,224.303200000,1398873,11740939,13139812,1,true,
1000,7,not_applicable_plaintext,4,15,8002041,5,independent_os_processes,committee-side plaintext comparison prototype,958,0.999300000,,,,,63.297300000,59.857800000,158.376700000,222.673300000,1399559,11433555,12833114,1,true,
1000,7,not_applicable_plaintext,4,16,8002042,5,independent_os_processes,committee-side plaintext comparison prototype,992,0.999000000,,,,,63.975400000,61.248700000,172.308000000,237.282400000,1399384,11746567,13145951,1,true,
1000,7,not_applicable_plaintext,4,17,8002043,5,independent_os_processes,committee-side plaintext comparison prototype,998,1.003200000,,,,,72.509600000,66.519800000,151.351000000,224.863800000,1398418,11798815,13197233,1,true,
1000,7,not_applicable_plaintext,4,18,8002044,5,independent_os_processes,committee-side plaintext comparison prototype,985,1.000400000,,,,,65.474500000,54.962000000,165.438600000,231.913500000,1399293,11682993,13082286,1,true,
1000,7,not_applicable_plaintext,4,19,8002045,5,independent_os_processes,committee-side plaintext comparison prototype,971,2.004700000,,,,,70.356800000,68.924100000,166.193300000,238.554800000,1399251,11549503,12948754,1,true,
1000,7,not_applicable_plaintext,4,20,8002046,5,independent_os_processes,committee-side plaintext comparison prototype,984,1.599300000,,,,,76.577000000,74.999200000,172.304400000,250.480700000,1399293,11672675,13071968,1,true,
1000,7,not_applicable_plaintext,4,21,8002047,5,independent_os_processes,committee-side plaintext comparison prototype,993,1.000800000,,,,,61.324000000,58.868100000,160.212800000,222.537600000,1399041,11757543,13156584,1,true,
1000,7,not_applicable_plaintext,4,22,8002048,5,independent_os_processes,committee-side plaintext comparison prototype,987,2.001300000,,,,,69.280800000,65.939400000,152.979300000,224.261400000,1398845,11698057,13096902,1,true,
1000,7,not_applicable_plaintext,4,23,8002049,5,independent_os_processes,committee-side plaintext comparison prototype,991,1.520000000,,,,,75.068700000,73.413700000,187.955100000,264.543800000,1398859,11737019,13135878,1,true,
1000,7,not_applicable_plaintext,4,24,8002050,5,independent_os_processes,committee-side plaintext comparison prototype,983,2.387000000,,,,,79.281800000,76.933000000,172.319400000,253.988200000,1399244,11661055,13060299,1,true,
1000,7,not_applicable_plaintext,4,25,8002051,5,independent_os_processes,committee-side plaintext comparison prototype,981,1.005200000,,,,,67.239100000,63.486600000,162.656500000,230.900800000,1399468,11641595,13041063,1,true,
1000,7,not_applicable_plaintext,4,26,8002052,5,independent_os_processes,committee-side plaintext comparison prototype,948,1.001100000,,,,,73.607500000,59.582000000,176.046600000,250.655200000,1399300,11341659,12740959,1,true,
1000,7,not_applicable_plaintext,4,27,8002053,5,independent_os_processes,committee-side plaintext comparison prototype,996,1.047200000,,,,,68.234200000,65.872800000,173.419200000,242.700600000,1399279,11786971,13186250,1,true,
1000,7,not_applicable_plaintext,4,28,8002054,5,independent_os_processes,committee-side plaintext comparison prototype,980,1.999400000,,,,,87.833100000,77.898000000,178.785300000,268.617800000,1399034,11633139,13032173,1,true,
1000,7,not_applicable_plaintext,4,29,8002055,5,independent_os_processes,committee-side plaintext comparison prototype,991,1.505100000,,,,,70.230900000,54.644900000,166.253400000,237.989400000,1399181,11735311,13134492,1,true,
1000,7,not_applicable_plaintext,4,30,8002056,5,independent_os_processes,committee-side plaintext comparison prototype,979,2.001000000,,,,,59.087400000,54.335600000,148.190800000,209.279200000,1399419,11626783,13026202,1,true,
