experiment,operation,run_id,seed,deployment_id,warmups_discarded,evaluate_or_submit,proposal_build_ms,endorsement_ms,ordering_submit_ms,event_wait_ms,total_ms,input_bytes,output_bytes,business_valid,success,error
E4,task_submission,1,2026,e4-20260713T113950.708594500,5,submit,0.000000000,279.793500000,5.079000000,2060.791000000,2345.663500000,1143,0,true,true,
E4,preprocessing_evidence_submission,1,2026,e4-20260713T113950.708594500,5,submit,0.000000000,19.094400000,3.154100000,2050.816400000,2073.064900000,1200,0,true,true,
E4,task_submission,2,2026,e4-20260713T113950.708594500,5,submit,0.000000000,286.934100000,3.331500000,2054.222300000,2344.487900000,1143,0,true,true,
E4,preprocessing_evidence_submission,2,2026,e4-20260713T113950.708594500,5,submit,0.000000000,18.460600000,3.674400000,2052.524300000,2074.659300000,1200,0,true,true,
E4,task_submission,3,2026,e4-20260713T113950.708594500,5,submit,0.000000000,278.190000000,2.118200000,2061.169100000,2341.477300000,1143,0,true,true,
E4,preprocessing_evidence_submission,3,2026,e4-20260713T113950.708594500,5,submit,0.000000000,19.513600000,2.215300000,2050.690600000,2072.419500000,1200,0,true,true,
E4,task_submission,4,2026,e4-20260713T113950.708594500,5,submit,0.000000000,270.523100000,2.630700000,2056.960400000,2330.114200000,1142,0,true,true,
E4,preprocessing_evidence_submission,4,2026,e4-20260713T113950.708594500,5,submit,0.000000000,16.756000000,3.439600000,2064.604700000,2084.800300000,1200,0,true,true,
E4,task_submission,5,2026,e4-20260713T113950.708594500,5,submit,0.000000000,278.401900000,3.369000000,2056.617000000,2338.387900000,1143,0,true,true,
E4,preprocessing_evidence_submission,5,2026,e4-20260713T113950.708594500,5,submit,0.000000000,17.003400000,2.678400000,2057.311300000,2076.993100000,1200,0,true,true,
E4,task_submission,6,2026,e4-20260713T113950.708594500,5,submit,0.000000000,274.976100000,9.115100000,2054.464100000,2338.555300000,1143,0,true,true,
E4,preprocessing_evidence_submission,6,2026,e4-20260713T113950.708594500,5,submit,0.000000000,17.251200000,2.235200000,2048.891900000,2068.378300000,1200,0,true,true,
E4,task_submission,7,2026,e4-20260713T113950.708594500,5,submit,0.000000000,339.956700000,4.564800000,2050.392100000,2394.913600000,1143,0,true,true,
E4,preprocessing_evidence_submission,7,2026,e4-20260713T113950.708594500,5,submit,0.526500000,17.777500000,2.681200000,2050.776600000,2071.761800000,1200,0,true,true,
E4,task_submission,8,2026,e4-20260713T113950.708594500,5,submit,0.000000000,285.006700000,3.676400000,2061.785800000,2350.468900000,1143,0,true,true,
E4,preprocessing_evidence_submission,8,2026,e4-20260713T113950.708594500,5,submit,0.000000000,18.394400000,2.086800000,2056.618500000,2077.099700000,1200,0,true,true,
E4,task_submission,9,2026,e4-20260713T113950.708594500,5,submit,0.000000000,282.450900000,2.813200000,2057.885000000,2343.149100000,1143,0,true,true,
E4,preprocessing_evidence_submission,9,2026,e4-20260713T113950.708594500,5,submit,0.000000000,16.893600000,2.112000000,2052.807700000,2071.813300000,1200,0,true,true,
E4,task_submission,10,2026,e4-20260713T113950.708594500,5,submit,0.000000000,284.048200000,2.658700000,2062.352600000,2349.059500000,1143,0,true,true,
E4,preprocessing_evidence_submission,10,2026,e4-20260713T113950.708594500,5,submit,0.000000000,18.656400000,3.184200000,2056.738700000,2078.579300000,1200,0,true,true,
E4,task_submission,11,2026,e4-20260713T113950.708594500,5,submit,0.000000000,276.768900000,2.605200000,2052.570100000,2331.944200000,1143,0,true,true,
E4,preprocessing_evidence_submission,11,2026,e4-20260713T113950.708594500,5,submit,0.000000000,17.114400000,2.656000000,2058.898600000,2078.669000000,1200,0,true,true,
E4,task_submission,12,2026,e4-20260713T113950.708594500,5,submit,0.000000000,273.674600000,2.095900000,2056.421300000,2332.191800000,1143,0,true,true,
E4,preprocessing_evidence_submission,12,2026,e4-20260713T113950.708594500,5,submit,0.000000000,18.965500000,2.616600000,2058.158100000,2079.740200000,1200,0,true,true,
E4,task_submission,13,2026,e4-20260713T113950.708594500,5,submit,0.000000000,287.034800000,2.793100000,2059.830800000,2349.658700000,1143,0,true,true,
E4,preprocessing_evidence_submission,13,2026,e4-20260713T113950.708594500,5,submit,0.527000000,19.985800000,2.662700000,2054.650100000,2077.825600000,1200,0,true,true,
E4,task_submission,14,2026,e4-20260713T113950.708594500,5,submit,0.000000000,273.096700000,2.563200000,2056.394800000,2332.054700000,1143,0,true,true,
E4,preprocessing_evidence_submission,14,2026,e4-20260713T113950.708594500,5,submit,0.000000000,17.742200000,2.090400000,2047.914100000,2067.746700000,1200,0,true,true,
E4,task_submission,15,2026,e4-20260713T113950.708594500,5,submit,0.000000000,268.904800000,2.108100000,2057.923400000,2328.936300000,1143,0,true,true,
E4,preprocessing_evidence_submission,15,2026,e4-20260713T113950.708594500,5,submit,0.000000000,18.289500000,2.831800000,2063.815500000,2084.936800000,1200,0,true,true,
E4,task_submission,16,2026,e4-20260713T113950.708594500,5,submit,0.000000000,271.990300000,2.273600000,2053.696500000,2327.960400000,1143,0,true,true,
E4,preprocessing_evidence_submission,16,2026,e4-20260713T113950.708594500,5,submit,0.000000000,16.707800000,2.109500000,2071.850900000,2090.668200000,1200,0,true,true,
E4,task_submission,17,2026,e4-20260713T113950.708594500,5,submit,0.000000000,325.851800000,3.746500000,2050.142200000,2379.740500000,1143,0,true,true,
E4,preprocessing_evidence_submission,17,2026,e4-20260713T113950.708594500,5,submit,0.000000000,16.169500000,2.759000000,2055.733100000,2074.661600000,1200,0,true,true,
E4,task_submission,18,2026,e4-20260713T113950.708594500,5,submit,0.000000000,280.608600000,5.266900000,2049.905300000,2335.780800000,1143,0,true,true,
E4,preprocessing_evidence_submission,18,2026,e4-20260713T113950.708594500,5,submit,0.000000000,16.694500000,2.373200000,2060.806500000,2079.874200000,1200,0,true,true,
E4,task_submission,19,2026,e4-20260713T113950.708594500,5,submit,0.000000000,276.846800000,2.716100000,2073.826800000,2353.389700000,1143,0,true,true,
E4,preprocessing_evidence_submission,19,2026,e4-20260713T113950.708594500,5,submit,0.000000000,16.461400000,2.641100000,2062.013200000,2081.115700000,1200,0,true,true,
E4,task_submission,20,2026,e4-20260713T113950.708594500,5,submit,0.000000000,272.781700000,2.651000000,2051.779400000,2327.212100000,1143,0,true,true,
E4,preprocessing_evidence_submission,20,2026,e4-20260713T113950.708594500,5,submit,0.000000000,17.138800000,2.968400000,2058.614600000,2078.721800000,1200,0,true,true,
E4,task_submission,21,2026,e4-20260713T113950.708594500,5,submit,0.000000000,275.479500000,2.099400000,2061.700000000,2339.278900000,1143,0,true,true,
E4,preprocessing_evidence_submission,21,2026,e4-20260713T113950.708594500,5,submit,0.000000000,16.587200000,2.866800000,2059.077800000,2078.531800000,1200,0,true,true,
E4,task_submission,22,2026,e4-20260713T113950.708594500,5,submit,0.000000000,283.451100000,3.198700000,2056.391700000,2343.041500000,1143,0,true,true,
E4,preprocessing_evidence_submission,22,2026,e4-20260713T113950.708594500,5,submit,0.000000000,16.252500000,1.568500000,2053.754600000,2071.575600000,1200,0,true,true,
E4,task_submission,23,2026,e4-20260713T113950.708594500,5,submit,0.000000000,275.685900000,10.108900000,2059.546600000,2345.341400000,1143,0,true,true,
E4,preprocessing_evidence_submission,23,2026,e4-20260713T113950.708594500,5,submit,0.000000000,17.194500000,3.653400000,2058.892100000,2079.740000000,1200,0,true,true,
E4,task_submission,24,2026,e4-20260713T113950.708594500,5,submit,0.000000000,275.605800000,9.951100000,2050.442300000,2335.999200000,1143,0,true,true,
E4,preprocessing_evidence_submission,24,2026,e4-20260713T113950.708594500,5,submit,0.000000000,17.053900000,2.626500000,2050.746100000,2070.426500000,1200,0,true,true,
E4,task_submission,25,2026,e4-20260713T113950.708594500,5,submit,0.000000000,278.711100000,3.255500000,2057.420600000,2339.387200000,1143,0,true,true,
E4,preprocessing_evidence_submission,25,2026,e4-20260713T113950.708594500,5,submit,0.000000000,22.948400000,5.052900000,2047.817800000,2075.819100000,1200,0,true,true,
E4,task_submission,26,2026,e4-20260713T113950.708594500,5,submit,0.000000000,296.544400000,3.150400000,2052.363500000,2352.058300000,1143,0,true,true,
E4,preprocessing_evidence_submission,26,2026,e4-20260713T113950.708594500,5,submit,0.000000000,15.875500000,3.286900000,2049.208200000,2068.370600000,1200,0,true,true,
E4,task_submission,27,2026,e4-20260713T113950.708594500,5,submit,0.000000000,281.935600000,2.637400000,2062.107200000,2346.680200000,1143,0,true,true,
E4,preprocessing_evidence_submission,27,2026,e4-20260713T113950.708594500,5,submit,0.000000000,18.329500000,2.106400000,2055.152900000,2075.588800000,1200,0,true,true,
E4,task_submission,28,2026,e4-20260713T113950.708594500,5,submit,0.508400000,284.602900000,2.104900000,2077.425600000,2364.641800000,1143,0,true,true,
E4,preprocessing_evidence_submission,28,2026,e4-20260713T113950.708594500,5,submit,0.000000000,18.122300000,2.206000000,2056.088800000,2076.417100000,1200,0,true,true,
E4,task_submission,29,2026,e4-20260713T113950.708594500,5,submit,0.000000000,289.594600000,2.102200000,2067.834200000,2359.531000000,1142,0,true,true,
E4,preprocessing_evidence_submission,29,2026,e4-20260713T113950.708594500,5,submit,0.000000000,16.430500000,2.116900000,2056.344200000,2074.891600000,1200,0,true,true,
E4,task_submission,30,2026,e4-20260713T113950.708594500,5,submit,0.000000000,273.965300000,3.176500000,2049.023300000,2326.165100000,1143,0,true,true,
E4,preprocessing_evidence_submission,30,2026,e4-20260713T113950.708594500,5,submit,0.000000000,17.652900000,2.648900000,2052.282100000,2072.583900000,1200,0,true,true,
E4,task_submission,31,2026,e4-20260713T113950.708594500,5,submit,0.000000000,277.007200000,8.937000000,2053.200300000,2339.144500000,1143,0,true,true,
E4,preprocessing_evidence_submission,31,2026,e4-20260713T113950.708594500,5,submit,0.000000000,17.787500000,2.104200000,2052.031100000,2071.922800000,1200,0,true,true,
E4,task_submission,32,2026,e4-20260713T113950.708594500,5,submit,0.000000000,280.707300000,2.687100000,2052.393000000,2335.787400000,1143,0,true,true,
E4,preprocessing_evidence_submission,32,2026,e4-20260713T113950.708594500,5,submit,0.000000000,17.432400000,2.072000000,2058.388000000,2077.892400000,1200,0,true,true,
E4,task_submission,33,2026,e4-20260713T113950.708594500,5,submit,0.600300000,278.067300000,3.527100000,2062.378900000,2344.573600000,1143,0,true,true,
E4,preprocessing_evidence_submission,33,2026,e4-20260713T113950.708594500,5,submit,0.000000000,18.666400000,2.600700000,2050.511700000,2071.778800000,1200,0,true,true,
E4,task_submission,34,2026,e4-20260713T113950.708594500,5,submit,0.000000000,301.176400000,2.665700000,2061.646300000,2365.488400000,1143,0,true,true,
E4,preprocessing_evidence_submission,34,2026,e4-20260713T113950.708594500,5,submit,0.000000000,20.879300000,2.652100000,2052.744800000,2076.276200000,1200,0,true,true,
E4,task_submission,35,2026,e4-20260713T113950.708594500,5,submit,0.000000000,279.423500000,2.637100000,2056.978200000,2339.038800000,1143,0,true,true,
E4,preprocessing_evidence_submission,35,2026,e4-20260713T113950.708594500,5,submit,0.000000000,19.134800000,2.618800000,2072.885500000,2094.639100000,1200,0,true,true,
E4,task_submission,36,2026,e4-20260713T113950.708594500,5,submit,0.000000000,282.652000000,2.695700000,2056.268600000,2341.616300000,1143,0,true,true,
E4,preprocessing_evidence_submission,36,2026,e4-20260713T113950.708594500,5,submit,0.000000000,16.512000000,2.970900000,2052.454600000,2071.937500000,1200,0,true,true,
E4,task_submission,37,2026,e4-20260713T113950.708594500,5,submit,0.000000000,280.079300000,2.083000000,2053.528900000,2335.691200000,1143,0,true,true,
E4,preprocessing_evidence_submission,37,2026,e4-20260713T113950.708594500,5,submit,0.000000000,17.569900000,2.648700000,2052.982100000,2073.200700000,1200,0,true,true,
E4,task_submission,38,2026,e4-20260713T113950.708594500,5,submit,0.000000000,284.594600000,2.879500000,2059.488300000,2346.962400000,1143,0,true,true,
E4,preprocessing_evidence_submission,38,2026,e4-20260713T113950.708594500,5,submit,0.000000000,17.798600000,2.619200000,2057.406800000,2077.824600000,1200,0,true,true,
E4,task_submission,39,2026,e4-20260713T113950.708594500,5,submit,0.000000000,271.312800000,2.334300000,2060.674800000,2334.321900000,1143,0,true,true,
E4,preprocessing_evidence_submission,39,2026,e4-20260713T113950.708594500,5,submit,0.000000000,17.432400000,3.166900000,2053.252900000,2073.852200000,1200,0,true,true,
E4,task_submission,40,2026,e4-20260713T113950.708594500,5,submit,0.000000000,276.797800000,9.514900000,2048.941700000,2335.254400000,1143,0,true,true,
E4,preprocessing_evidence_submission,40,2026,e4-20260713T113950.708594500,5,submit,0.574200000,22.200000000,5.458200000,2057.190900000,2085.423300000,1200,0,true,true,
E4,task_submission,41,2026,e4-20260713T113950.708594500,5,submit,0.000000000,334.280100000,3.478700000,2055.272100000,2393.030900000,1143,0,true,true,
E4,preprocessing_evidence_submission,41,2026,e4-20260713T113950.708594500,5,submit,0.000000000,16.937000000,2.682500000,2051.956700000,2071.576200000,1200,0,true,true,
E4,task_submission,42,2026,e4-20260713T113950.708594500,5,submit,0.000000000,273.983800000,2.069800000,2061.272700000,2337.326300000,1143,0,true,true,
E4,preprocessing_evidence_submission,42,2026,e4-20260713T113950.708594500,5,submit,0.000000000,18.386800000,4.655900000,2073.346800000,2096.389500000,1200,0,true,true,
E4,task_submission,43,2026,e4-20260713T113950.708594500,5,submit,0.000000000,278.197200000,2.160100000,2055.500400000,2335.857700000,1143,0,true,true,
E4,preprocessing_evidence_submission,43,2026,e4-20260713T113950.708594500,5,submit,0.000000000,18.167700000,2.680300000,2052.025300000,2072.873300000,1200,0,true,true,
E4,task_submission,44,2026,e4-20260713T113950.708594500,5,submit,0.000000000,276.073500000,2.150500000,2057.455500000,2335.679500000,1143,0,true,true,
E4,preprocessing_evidence_submission,44,2026,e4-20260713T113950.708594500,5,submit,0.000000000,17.423900000,2.160200000,2054.030600000,2073.614700000,1200,0,true,true,
E4,task_submission,45,2026,e4-20260713T113950.708594500,5,submit,0.000000000,274.966400000,2.602200000,2052.746500000,2330.315100000,1143,0,true,true,
E4,preprocessing_evidence_submission,45,2026,e4-20260713T113950.708594500,5,submit,0.000000000,16.119500000,2.304300000,2063.368000000,2081.791800000,1200,0,true,true,
E4,task_submission,46,2026,e4-20260713T113950.708594500,5,submit,0.000000000,296.173100000,3.446400000,2054.022200000,2353.641700000,1143,0,true,true,
E4,preprocessing_evidence_submission,46,2026,e4-20260713T113950.708594500,5,submit,0.000000000,19.798600000,2.664800000,2055.570400000,2078.033800000,1200,0,true,true,
E4,task_submission,47,2026,e4-20260713T113950.708594500,5,submit,0.000000000,274.669700000,2.138300000,2049.907000000,2326.715000000,1143,0,true,true,
E4,preprocessing_evidence_submission,47,2026,e4-20260713T113950.708594500,5,submit,0.000000000,18.891600000,3.185300000,2060.923900000,2083.000800000,1200,0,true,true,
E4,task_submission,48,2026,e4-20260713T113950.708594500,5,submit,0.000000000,272.667000000,2.304800000,2058.647500000,2333.619300000,1143,0,true,true,
E4,preprocessing_evidence_submission,48,2026,e4-20260713T113950.708594500,5,submit,0.000000000,17.849300000,2.096000000,2057.681100000,2077.626400000,1200,0,true,true,
E4,task_submission,49,2026,e4-20260713T113950.708594500,5,submit,0.000000000,275.738000000,2.077100000,2056.912400000,2334.727500000,1143,0,true,true,
E4,preprocessing_evidence_submission,49,2026,e4-20260713T113950.708594500,5,submit,0.000000000,17.339200000,2.096100000,2053.495200000,2072.930500000,1200,0,true,true,
E4,task_submission,50,2026,e4-20260713T113950.708594500,5,submit,0.000000000,295.579500000,2.712600000,2048.653600000,2346.945700000,1143,0,true,true,
E4,preprocessing_evidence_submission,50,2026,e4-20260713T113950.708594500,5,submit,0.000000000,17.394800000,3.158000000,2049.362700000,2069.915500000,1200,0,true,true,
E4,valid_regional_membership_verification,1,2026,e4-20260713T113950.708594500,5,evaluate,0.000000000,263.350900000,0.000000000,0.000000000,263.350900000,2195,82,true,true,
E4,valid_regional_membership_verification,2,2026,e4-20260713T113950.708594500,5,evaluate,0.000000000,271.061000000,0.000000000,0.000000000,271.061000000,2195,82,true,true,
E4,valid_regional_membership_verification,3,2026,e4-20260713T113950.708594500,5,evaluate,0.000000000,284.112800000,0.000000000,0.000000000,284.112800000,2195,82,true,true,
E4,valid_regional_membership_verification,4,2026,e4-20260713T113950.708594500,5,evaluate,0.000000000,276.872500000,0.000000000,0.000000000,276.872500000,2195,82,true,true,
E4,valid_regional_membership_verification,5,2026,e4-20260713T113950.708594500,5,evaluate,0.000000000,259.724000000,0.000000000,0.000000000,259.724000000,2195,82,true,true,
E4,valid_regional_membership_verification,6,2026,e4-20260713T113950.708594500,5,evaluate,0.000000000,267.789100000,0.000000000,0.000000000,267.789100000,2195,82,true,true,
E4,valid_regional_membership_verification,7,2026,e4-20260713T113950.708594500,5,evaluate,0.000000000,272.126900000,0.000000000,0.000000000,272.126900000,2195,82,true,true,
E4,valid_regional_membership_verification,8,2026,e4-20260713T113950.708594500,5,evaluate,0.000000000,282.583400000,0.000000000,0.000000000,282.583400000,2195,82,true,true,
E4,valid_regional_membership_verification,9,2026,e4-20260713T113950.708594500,5,evaluate,0.000000000,262.478900000,0.000000000,0.000000000,262.478900000,2195,82,true,true,
E4,valid_regional_membership_verification,10,2026,e4-20260713T113950.708594500,5,evaluate,0.000000000,267.013900000,0.000000000,0.000000000,267.013900000,2195,82,true,true,
E4,valid_regional_membership_verification,11,2026,e4-20260713T113950.708594500,5,evaluate,0.000000000,274.387300000,0.000000000,0.000000000,274.387300000,2195,82,true,true,
E4,valid_regional_membership_verification,12,2026,e4-20260713T113950.708594500,5,evaluate,0.000000000,301.869300000,0.000000000,0.000000000,301.869300000,2195,82,true,true,
E4,valid_regional_membership_verification,13,2026,e4-20260713T113950.708594500,5,evaluate,0.000000000,276.407900000,0.000000000,0.000000000,276.407900000,2195,82,true,true,
E4,valid_regional_membership_verification,14,2026,e4-20260713T113950.708594500,5,evaluate,0.000000000,275.814400000,0.000000000,0.000000000,275.814400000,2195,82,true,true,
E4,valid_regional_membership_verification,15,2026,e4-20260713T113950.708594500,5,evaluate,0.000000000,270.396900000,0.000000000,0.000000000,270.396900000,2195,82,true,true,
E4,valid_regional_membership_verification,16,2026,e4-20260713T113950.708594500,5,evaluate,0.527500000,269.436500000,0.000000000,0.000000000,269.964000000,2195,82,true,true,
E4,valid_regional_membership_verification,17,2026,e4-20260713T113950.708594500,5,evaluate,0.000000000,265.902500000,0.000000000,0.000000000,265.902500000,2195,82,true,true,
E4,valid_regional_membership_verification,18,2026,e4-20260713T113950.708594500,5,evaluate,0.000000000,266.151900000,0.000000000,0.000000000,266.151900000,2195,82,true,true,
E4,valid_regional_membership_verification,19,2026,e4-20260713T113950.708594500,5,evaluate,0.000000000,266.719500000,0.000000000,0.000000000,266.719500000,2195,82,true,true,
E4,valid_regional_membership_verification,20,2026,e4-20260713T113950.708594500,5,evaluate,0.000000000,260.215000000,0.000000000,0.000000000,260.215000000,2195,82,true,true,
E4,valid_regional_membership_verification,21,2026,e4-20260713T113950.708594500,5,evaluate,0.000000000,279.360000000,0.000000000,0.000000000,279.360000000,2195,82,true,true,
E4,valid_regional_membership_verification,22,2026,e4-20260713T113950.708594500,5,evaluate,0.000000000,280.726600000,0.000000000,0.000000000,280.726600000,2195,82,true,true,
E4,valid_regional_membership_verification,23,2026,e4-20260713T113950.708594500,5,evaluate,0.000000000,266.670500000,0.000000000,0.000000000,266.670500000,2195,82,true,true,
E4,valid_regional_membership_verification,24,2026,e4-20260713T113950.708594500,5,evaluate,0.000000000,266.513100000,0.000000000,0.000000000,266.513100000,2195,82,true,true,
E4,valid_regional_membership_verification,25,2026,e4-20260713T113950.708594500,5,evaluate,0.000000000,264.523800000,0.000000000,0.000000000,264.523800000,2195,82,true,true,
E4,valid_regional_membership_verification,26,2026,e4-20260713T113950.708594500,5,evaluate,0.000000000,286.574200000,0.000000000,0.000000000,286.574200000,2195,82,true,true,
E4,valid_regional_membership_verification,27,2026,e4-20260713T113950.708594500,5,evaluate,0.000000000,269.828100000,0.000000000,0.000000000,269.828100000,2195,82,true,true,
E4,valid_regional_membership_verification,28,2026,e4-20260713T113950.708594500,5,evaluate,0.000000000,275.306600000,0.000000000,0.000000000,275.306600000,2195,82,true,true,
E4,valid_regional_membership_verification,29,2026,e4-20260713T113950.708594500,5,evaluate,0.000000000,268.247200000,0.000000000,0.000000000,268.247200000,2195,82,true,true,
E4,valid_regional_membership_verification,30,2026,e4-20260713T113950.708594500,5,evaluate,0.000000000,297.416800000,0.000000000,0.000000000,297.416800000,2195,82,true,true,
E4,valid_regional_membership_verification,31,2026,e4-20260713T113950.708594500,5,evaluate,0.000000000,271.761200000,0.000000000,0.000000000,271.761200000,2195,82,true,true,
E4,valid_regional_membership_verification,32,2026,e4-20260713T113950.708594500,5,evaluate,0.000000000,274.481500000,0.000000000,0.000000000,274.481500000,2195,82,true,true,
E4,valid_regional_membership_verification,33,2026,e4-20260713T113950.708594500,5,evaluate,0.000000000,265.684200000,0.000000000,0.000000000,265.684200000,2195,82,true,true,
E4,valid_regional_membership_verification,34,2026,e4-20260713T113950.708594500,5,evaluate,0.000000000,281.442200000,0.000000000,0.000000000,281.442200000,2195,82,true,true,
E4,valid_regional_membership_verification,35,2026,e4-20260713T113950.708594500,5,evaluate,0.000000000,273.858100000,0.000000000,0.000000000,273.858100000,2195,82,true,true,
E4,valid_regional_membership_verification,36,2026,e4-20260713T113950.708594500,5,evaluate,0.000000000,262.721300000,0.000000000,0.000000000,262.721300000,2195,82,true,true,
E4,valid_regional_membership_verification,37,2026,e4-20260713T113950.708594500,5,evaluate,0.735500000,274.674600000,0.000000000,0.000000000,275.410100000,2195,82,true,true,
E4,valid_regional_membership_verification,38,2026,e4-20260713T113950.708594500,5,evaluate,0.000000000,279.363800000,0.000000000,0.000000000,279.363800000,2195,82,true,true,
E4,valid_regional_membership_verification,39,2026,e4-20260713T113950.708594500,5,evaluate,0.000000000,278.893600000,0.000000000,0.000000000,278.893600000,2195,82,true,true,
E4,valid_regional_membership_verification,40,2026,e4-20260713T113950.708594500,5,evaluate,0.000000000,291.381300000,0.000000000,0.000000000,291.381300000,2195,82,true,true,
E4,valid_regional_membership_verification,41,2026,e4-20260713T113950.708594500,5,evaluate,0.000000000,270.369700000,0.000000000,0.000000000,270.369700000,2195,82,true,true,
E4,valid_regional_membership_verification,42,2026,e4-20260713T113950.708594500,5,evaluate,0.000000000,270.323000000,0.000000000,0.000000000,270.323000000,2195,82,true,true,
E4,valid_regional_membership_verification,43,2026,e4-20260713T113950.708594500,5,evaluate,0.000000000,273.977100000,0.000000000,0.000000000,273.977100000,2195,82,true,true,
E4,valid_regional_membership_verification,44,2026,e4-20260713T113950.708594500,5,evaluate,0.000000000,273.564100000,0.000000000,0.000000000,273.564100000,2195,82,true,true,
E4,valid_regional_membership_verification,45,2026,e4-20260713T113950.708594500,5,evaluate,0.000000000,267.964100000,0.000000000,0.000000000,267.964100000,2195,82,true,true,
E4,valid_regional_membership_verification,46,2026,e4-20260713T113950.708594500,5,evaluate,0.000000000,274.722400000,0.000000000,0.000000000,274.722400000,2195,82,true,true,
E4,valid_regional_membership_verification,47,2026,e4-20260713T113950.708594500,5,evaluate,0.000000000,279.057100000,0.000000000,0.000000000,279.057100000,2195,82,true,true,
E4,valid_regional_membership_verification,48,2026,e4-20260713T113950.708594500,5,evaluate,0.000000000,270.740800000,0.000000000,0.000000000,270.740800000,2195,82,true,true,
E4,valid_regional_membership_verification,49,2026,e4-20260713T113950.708594500,5,evaluate,0.000000000,263.278400000,0.000000000,0.000000000,263.278400000,2195,82,true,true,
E4,valid_regional_membership_verification,50,2026,e4-20260713T113950.708594500,5,evaluate,0.000000000,278.185100000,0.000000000,0.000000000,278.185100000,2195,82,true,true,
E4,valid_global_membership_verification,1,2026,e4-20260713T113950.708594500,5,evaluate,0.000000000,270.626400000,0.000000000,0.000000000,270.626400000,2193,78,true,true,
E4,valid_global_membership_verification,2,2026,e4-20260713T113950.708594500,5,evaluate,0.000000000,263.056400000,0.000000000,0.000000000,263.056400000,2193,78,true,true,
E4,valid_global_membership_verification,3,2026,e4-20260713T113950.708594500,5,evaluate,0.000000000,272.200800000,0.000000000,0.000000000,272.200800000,2193,78,true,true,
E4,valid_global_membership_verification,4,2026,e4-20260713T113950.708594500,5,evaluate,0.000000000,273.793600000,0.000000000,0.000000000,273.793600000,2193,78,true,true,
E4,valid_global_membership_verification,5,2026,e4-20260713T113950.708594500,5,evaluate,0.000000000,300.252800000,0.000000000,0.000000000,300.252800000,2193,78,true,true,
E4,valid_global_membership_verification,6,2026,e4-20260713T113950.708594500,5,evaluate,0.000000000,271.194100000,0.000000000,0.000000000,271.194100000,2193,78,true,true,
E4,valid_global_membership_verification,7,2026,e4-20260713T113950.708594500,5,evaluate,0.000000000,267.156400000,0.000000000,0.000000000,267.156400000,2193,78,true,true,
E4,valid_global_membership_verification,8,2026,e4-20260713T113950.708594500,5,evaluate,0.000000000,264.676500000,0.000000000,0.000000000,264.676500000,2193,78,true,true,
E4,valid_global_membership_verification,9,2026,e4-20260713T113950.708594500,5,evaluate,0.000000000,264.810200000,0.000000000,0.000000000,264.810200000,2193,78,true,true,
E4,valid_global_membership_verification,10,2026,e4-20260713T113950.708594500,5,evaluate,0.000000000,273.375100000,0.000000000,0.000000000,273.375100000,2193,78,true,true,
E4,valid_global_membership_verification,11,2026,e4-20260713T113950.708594500,5,evaluate,0.000000000,283.700300000,0.000000000,0.000000000,283.700300000,2193,78,true,true,
E4,valid_global_membership_verification,12,2026,e4-20260713T113950.708594500,5,evaluate,0.000000000,285.806300000,0.000000000,0.000000000,285.806300000,2193,78,true,true,
E4,valid_global_membership_verification,13,2026,e4-20260713T113950.708594500,5,evaluate,0.000000000,279.498900000,0.000000000,0.000000000,279.498900000,2193,78,true,true,
E4,valid_global_membership_verification,14,2026,e4-20260713T113950.708594500,5,evaluate,0.000000000,268.837900000,0.000000000,0.000000000,268.837900000,2193,78,true,true,
E4,valid_global_membership_verification,15,2026,e4-20260713T113950.708594500,5,evaluate,0.000000000,289.246600000,0.000000000,0.000000000,289.246600000,2193,78,true,true,
E4,valid_global_membership_verification,16,2026,e4-20260713T113950.708594500,5,evaluate,0.000000000,287.674200000,0.000000000,0.000000000,287.674200000,2193,78,true,true,
E4,valid_global_membership_verification,17,2026,e4-20260713T113950.708594500,5,evaluate,0.000000000,277.310500000,0.000000000,0.000000000,277.310500000,2193,78,true,true,
E4,valid_global_membership_verification,18,2026,e4-20260713T113950.708594500,5,evaluate,0.000000000,295.872900000,0.000000000,0.000000000,295.872900000,2193,78,true,true,
E4,valid_global_membership_verification,19,2026,e4-20260713T113950.708594500,5,evaluate,0.000000000,275.218100000,0.000000000,0.000000000,275.218100000,2193,78,true,true,
E4,valid_global_membership_verification,20,2026,e4-20260713T113950.708594500,5,evaluate,0.000000000,276.744100000,0.000000000,0.000000000,276.744100000,2193,78,true,true,
E4,valid_global_membership_verification,21,2026,e4-20260713T113950.708594500,5,evaluate,0.000000000,302.001800000,0.000000000,0.000000000,302.001800000,2193,78,true,true,
E4,valid_global_membership_verification,22,2026,e4-20260713T113950.708594500,5,evaluate,0.000000000,287.185700000,0.000000000,0.000000000,287.185700000,2193,78,true,true,
E4,valid_global_membership_verification,23,2026,e4-20260713T113950.708594500,5,evaluate,0.000000000,290.855700000,0.000000000,0.000000000,290.855700000,2193,78,true,true,
E4,valid_global_membership_verification,24,2026,e4-20260713T113950.708594500,5,evaluate,0.000000000,277.110900000,0.000000000,0.000000000,277.110900000,2193,78,true,true,
E4,valid_global_membership_verification,25,2026,e4-20260713T113950.708594500,5,evaluate,0.000000000,278.857300000,0.000000000,0.000000000,278.857300000,2193,78,true,true,
E4,valid_global_membership_verification,26,2026,e4-20260713T113950.708594500,5,evaluate,0.000000000,290.007000000,0.000000000,0.000000000,290.007000000,2193,78,true,true,
E4,valid_global_membership_verification,27,2026,e4-20260713T113950.708594500,5,evaluate,0.000000000,284.015500000,0.000000000,0.000000000,284.015500000,2193,78,true,true,
E4,valid_global_membership_verification,28,2026,e4-20260713T113950.708594500,5,evaluate,0.000000000,276.134000000,0.000000000,0.000000000,276.134000000,2193,78,true,true,
E4,valid_global_membership_verification,29,2026,e4-20260713T113950.708594500,5,evaluate,0.000000000,313.369600000,0.000000000,0.000000000,313.369600000,2193,78,true,true,
E4,valid_global_membership_verification,30,2026,e4-20260713T113950.708594500,5,evaluate,0.000000000,315.806600000,0.000000000,0.000000000,315.806600000,2193,78,true,true,
E4,valid_global_membership_verification,31,2026,e4-20260713T113950.708594500,5,evaluate,0.000000000,294.562800000,0.000000000,0.000000000,294.562800000,2193,78,true,true,
E4,valid_global_membership_verification,32,2026,e4-20260713T113950.708594500,5,evaluate,0.000000000,291.556600000,0.000000000,0.000000000,291.556600000,2193,78,true,true,
E4,valid_global_membership_verification,33,2026,e4-20260713T113950.708594500,5,evaluate,0.000000000,282.918400000,0.000000000,0.000000000,282.918400000,2193,78,true,true,
E4,valid_global_membership_verification,34,2026,e4-20260713T113950.708594500,5,evaluate,0.000000000,285.811900000,0.000000000,0.000000000,285.811900000,2193,78,true,true,
E4,valid_global_membership_verification,35,2026,e4-20260713T113950.708594500,5,evaluate,0.000000000,277.359900000,0.000000000,0.000000000,277.359900000,2193,78,true,true,
E4,valid_global_membership_verification,36,2026,e4-20260713T113950.708594500,5,evaluate,0.000000000,303.741100000,0.000000000,0.000000000,303.741100000,2193,78,true,true,
E4,valid_global_membership_verification,37,2026,e4-20260713T113950.708594500,5,evaluate,0.000000000,282.246000000,0.000000000,0.000000000,282.246000000,2193,78,true,true,
E4,valid_global_membership_verification,38,2026,e4-20260713T113950.708594500,5,evaluate,0.000000000,287.771100000,0.000000000,0.000000000,287.771100000,2193,78,true,true,
E4,valid_global_membership_verification,39,2026,e4-20260713T113950.708594500,5,evaluate,0.000000000,296.516100000,0.000000000,0.000000000,296.516100000,2193,78,true,true,
E4,valid_global_membership_verification,40,2026,e4-20260713T113950.708594500,5,evaluate,0.506100000,293.101800000,0.000000000,0.000000000,293.607900000,2193,78,true,true,
E4,valid_global_membership_verification,41,2026,e4-20260713T113950.708594500,5,evaluate,0.000000000,290.109500000,0.000000000,0.000000000,290.109500000,2193,78,true,true,
E4,valid_global_membership_verification,42,2026,e4-20260713T113950.708594500,5,evaluate,0.000000000,293.604900000,0.000000000,0.000000000,293.604900000,2193,78,true,true,
E4,valid_global_membership_verification,43,2026,e4-20260713T113950.708594500,5,evaluate,0.000000000,281.574100000,0.000000000,0.000000000,281.574100000,2193,78,true,true,
E4,valid_global_membership_verification,44,2026,e4-20260713T113950.708594500,5,evaluate,0.000000000,282.910800000,0.000000000,0.000000000,282.910800000,2193,78,true,true,
E4,valid_global_membership_verification,45,2026,e4-20260713T113950.708594500,5,evaluate,0.000000000,322.154600000,0.000000000,0.000000000,322.154600000,2193,78,true,true,
E4,valid_global_membership_verification,46,2026,e4-20260713T113950.708594500,5,evaluate,0.000000000,313.293500000,0.000000000,0.000000000,313.293500000,2193,78,true,true,
E4,valid_global_membership_verification,47,2026,e4-20260713T113950.708594500,5,evaluate,0.000000000,304.131900000,0.000000000,0.000000000,304.131900000,2193,78,true,true,
E4,valid_global_membership_verification,48,2026,e4-20260713T113950.708594500,5,evaluate,0.000000000,289.153700000,0.000000000,0.000000000,289.153700000,2193,78,true,true,
E4,valid_global_membership_verification,49,2026,e4-20260713T113950.708594500,5,evaluate,0.000000000,294.000400000,0.000000000,0.000000000,294.000400000,2193,78,true,true,
E4,valid_global_membership_verification,50,2026,e4-20260713T113950.708594500,5,evaluate,0.000000000,295.975700000,0.000000000,0.000000000,295.975700000,2193,78,true,true,
E4,preprocessing_signature_verification,1,2026,e4-20260713T113950.708594500,5,evaluate,0.000000000,2.096300000,0.000000000,0.000000000,2.096300000,1200,22,true,true,
E4,preprocessing_signature_verification,2,2026,e4-20260713T113950.708594500,5,evaluate,0.000000000,3.222700000,0.000000000,0.000000000,3.222700000,1200,22,true,true,
E4,preprocessing_signature_verification,3,2026,e4-20260713T113950.708594500,5,evaluate,0.000000000,3.121200000,0.000000000,0.000000000,3.121200000,1200,22,true,true,
E4,preprocessing_signature_verification,4,2026,e4-20260713T113950.708594500,5,evaluate,0.000000000,2.629400000,0.000000000,0.000000000,2.629400000,1200,22,true,true,
E4,preprocessing_signature_verification,5,2026,e4-20260713T113950.708594500,5,evaluate,0.000000000,3.472800000,0.000000000,0.000000000,3.472800000,1200,22,true,true,
E4,preprocessing_signature_verification,6,2026,e4-20260713T113950.708594500,5,evaluate,0.000000000,2.647500000,0.000000000,0.000000000,2.647500000,1200,22,true,true,
E4,preprocessing_signature_verification,7,2026,e4-20260713T113950.708594500,5,evaluate,0.000000000,3.213700000,0.000000000,0.000000000,3.213700000,1200,22,true,true,
E4,preprocessing_signature_verification,8,2026,e4-20260713T113950.708594500,5,evaluate,0.000000000,3.197300000,0.000000000,0.000000000,3.197300000,1200,22,true,true,
E4,preprocessing_signature_verification,9,2026,e4-20260713T113950.708594500,5,evaluate,0.000000000,2.733000000,0.000000000,0.000000000,2.733000000,1200,22,true,true,
E4,preprocessing_signature_verification,10,2026,e4-20260713T113950.708594500,5,evaluate,0.000000000,3.265700000,0.000000000,0.000000000,3.265700000,1200,22,true,true,
E4,preprocessing_signature_verification,11,2026,e4-20260713T113950.708594500,5,evaluate,0.000000000,2.604400000,0.000000000,0.000000000,2.604400000,1200,22,true,true,
E4,preprocessing_signature_verification,12,2026,e4-20260713T113950.708594500,5,evaluate,0.000000000,2.704600000,0.000000000,0.000000000,2.704600000,1200,22,true,true,
E4,preprocessing_signature_verification,13,2026,e4-20260713T113950.708594500,5,evaluate,0.000000000,3.185400000,0.000000000,0.000000000,3.185400000,1200,22,true,true,
E4,preprocessing_signature_verification,14,2026,e4-20260713T113950.708594500,5,evaluate,0.000000000,3.289300000,0.000000000,0.000000000,3.289300000,1200,22,true,true,
E4,preprocessing_signature_verification,15,2026,e4-20260713T113950.708594500,5,evaluate,0.528300000,3.396700000,0.000000000,0.000000000,3.925000000,1200,22,true,true,
E4,preprocessing_signature_verification,16,2026,e4-20260713T113950.708594500,5,evaluate,0.000000000,3.804300000,0.000000000,0.000000000,3.804300000,1200,22,true,true,
E4,preprocessing_signature_verification,17,2026,e4-20260713T113950.708594500,5,evaluate,0.000000000,5.442000000,0.000000000,0.000000000,5.442000000,1200,22,true,true,
E4,preprocessing_signature_verification,18,2026,e4-20260713T113950.708594500,5,evaluate,0.000000000,3.867000000,0.000000000,0.000000000,3.867000000,1200,22,true,true,
E4,preprocessing_signature_verification,19,2026,e4-20260713T113950.708594500,5,evaluate,0.000000000,3.965400000,0.000000000,0.000000000,3.965400000,1200,22,true,true,
E4,preprocessing_signature_verification,20,2026,e4-20260713T113950.708594500,5,evaluate,0.000000000,3.843000000,0.000000000,0.000000000,3.843000000,1200,22,true,true,
E4,preprocessing_signature_verification,21,2026,e4-20260713T113950.708594500,5,evaluate,0.000000000,2.701200000,0.000000000,0.000000000,2.701200000,1200,22,true,true,
E4,preprocessing_signature_verification,22,2026,e4-20260713T113950.708594500,5,evaluate,0.000000000,4.466300000,0.000000000,0.000000000,4.466300000,1200,22,true,true,
E4,preprocessing_signature_verification,23,2026,e4-20260713T113950.708594500,5,evaluate,0.000000000,2.880300000,0.000000000,0.000000000,2.880300000,1200,22,true,true,
E4,preprocessing_signature_verification,24,2026,e4-20260713T113950.708594500,5,evaluate,0.000000000,3.869800000,0.000000000,0.000000000,3.869800000,1200,22,true,true,
E4,preprocessing_signature_verification,25,2026,e4-20260713T113950.708594500,5,evaluate,0.000000000,3.161500000,0.000000000,0.000000000,3.161500000,1200,22,true,true,
E4,preprocessing_signature_verification,26,2026,e4-20260713T113950.708594500,5,evaluate,0.000000000,2.681500000,0.000000000,0.000000000,2.681500000,1200,22,true,true,
E4,preprocessing_signature_verification,27,2026,e4-20260713T113950.708594500,5,evaluate,0.000000000,3.894300000,0.000000000,0.000000000,3.894300000,1200,22,true,true,
E4,preprocessing_signature_verification,28,2026,e4-20260713T113950.708594500,5,evaluate,0.000000000,2.635200000,0.000000000,0.000000000,2.635200000,1200,22,true,true,
E4,preprocessing_signature_verification,29,2026,e4-20260713T113950.708594500,5,evaluate,0.000000000,3.775700000,0.000000000,0.000000000,3.775700000,1200,22,true,true,
E4,preprocessing_signature_verification,30,2026,e4-20260713T113950.708594500,5,evaluate,0.000000000,2.667000000,0.000000000,0.000000000,2.667000000,1200,22,true,true,
E4,preprocessing_signature_verification,31,2026,e4-20260713T113950.708594500,5,evaluate,0.000000000,2.680800000,0.000000000,0.000000000,2.680800000,1200,22,true,true,
E4,preprocessing_signature_verification,32,2026,e4-20260713T113950.708594500,5,evaluate,0.000000000,4.880800000,0.000000000,0.000000000,4.880800000,1200,22,true,true,
E4,preprocessing_signature_verification,33,2026,e4-20260713T113950.708594500,5,evaluate,0.000000000,2.676300000,0.000000000,0.000000000,2.676300000,1200,22,true,true,
E4,preprocessing_signature_verification,34,2026,e4-20260713T113950.708594500,5,evaluate,0.000000000,2.664900000,0.000000000,0.000000000,2.664900000,1200,22,true,true,
E4,preprocessing_signature_verification,35,2026,e4-20260713T113950.708594500,5,evaluate,0.540800000,2.638000000,0.000000000,0.000000000,3.178800000,1200,22,true,true,
E4,preprocessing_signature_verification,36,2026,e4-20260713T113950.708594500,5,evaluate,0.000000000,2.656000000,0.000000000,0.000000000,2.656000000,1200,22,true,true,
E4,preprocessing_signature_verification,37,2026,e4-20260713T113950.708594500,5,evaluate,0.000000000,3.505300000,0.000000000,0.000000000,3.505300000,1200,22,true,true,
E4,preprocessing_signature_verification,38,2026,e4-20260713T113950.708594500,5,evaluate,0.000000000,2.651300000,0.000000000,0.000000000,2.651300000,1200,22,true,true,
E4,preprocessing_signature_verification,39,2026,e4-20260713T113950.708594500,5,evaluate,0.000000000,2.861900000,0.000000000,0.000000000,2.861900000,1200,22,true,true,
E4,preprocessing_signature_verification,40,2026,e4-20260713T113950.708594500,5,evaluate,0.000000000,2.837600000,0.000000000,0.000000000,2.837600000,1200,22,true,true,
E4,preprocessing_signature_verification,41,2026,e4-20260713T113950.708594500,5,evaluate,0.000000000,2.657900000,0.000000000,0.000000000,2.657900000,1200,22,true,true,
E4,preprocessing_signature_verification,42,2026,e4-20260713T113950.708594500,5,evaluate,0.000000000,3.232400000,0.000000000,0.000000000,3.232400000,1200,22,true,true,
E4,preprocessing_signature_verification,43,2026,e4-20260713T113950.708594500,5,evaluate,0.000000000,3.736300000,0.000000000,0.000000000,3.736300000,1200,22,true,true,
E4,preprocessing_signature_verification,44,2026,e4-20260713T113950.708594500,5,evaluate,0.000000000,2.655700000,0.000000000,0.000000000,2.655700000,1200,22,true,true,
E4,preprocessing_signature_verification,45,2026,e4-20260713T113950.708594500,5,evaluate,0.000000000,2.175100000,0.000000000,0.000000000,2.175100000,1200,22,true,true,
E4,preprocessing_signature_verification,46,2026,e4-20260713T113950.708594500,5,evaluate,0.000000000,3.219100000,0.000000000,0.000000000,3.219100000,1200,22,true,true,
E4,preprocessing_signature_verification,47,2026,e4-20260713T113950.708594500,5,evaluate,0.000000000,2.648400000,0.000000000,0.000000000,2.648400000,1200,22,true,true,
E4,preprocessing_signature_verification,48,2026,e4-20260713T113950.708594500,5,evaluate,0.000000000,2.253300000,0.000000000,0.000000000,2.253300000,1200,22,true,true,
E4,preprocessing_signature_verification,49,2026,e4-20260713T113950.708594500,5,evaluate,0.000000000,3.635600000,0.000000000,0.000000000,3.635600000,1200,22,true,true,
E4,preprocessing_signature_verification,50,2026,e4-20260713T113950.708594500,5,evaluate,0.000000000,1.250300000,0.000000000,0.000000000,1.250300000,1200,22,true,true,
E4,committee_signature_set_verification,1,2026,e4-20260713T113950.708594500,5,evaluate,0.547500000,3.292400000,0.000000000,0.000000000,3.839900000,2326,74,true,true,
E4,committee_signature_set_verification,2,2026,e4-20260713T113950.708594500,5,evaluate,0.000000000,3.807300000,0.000000000,0.000000000,3.807300000,2326,74,true,true,
E4,committee_signature_set_verification,3,2026,e4-20260713T113950.708594500,5,evaluate,0.000000000,3.801300000,0.000000000,0.000000000,3.801300000,2326,74,true,true,
E4,committee_signature_set_verification,4,2026,e4-20260713T113950.708594500,5,evaluate,0.000000000,3.182600000,0.000000000,0.000000000,3.182600000,2326,74,true,true,
E4,committee_signature_set_verification,5,2026,e4-20260713T113950.708594500,5,evaluate,0.525100000,2.734300000,0.000000000,0.000000000,3.259400000,2326,74,true,true,
E4,committee_signature_set_verification,6,2026,e4-20260713T113950.708594500,5,evaluate,0.000000000,4.576900000,0.000000000,0.000000000,4.576900000,2326,74,true,true,
E4,committee_signature_set_verification,7,2026,e4-20260713T113950.708594500,5,evaluate,0.000000000,4.173900000,0.000000000,0.000000000,4.173900000,2326,74,true,true,
E4,committee_signature_set_verification,8,2026,e4-20260713T113950.708594500,5,evaluate,0.000000000,3.734700000,0.000000000,0.000000000,3.734700000,2326,74,true,true,
E4,committee_signature_set_verification,9,2026,e4-20260713T113950.708594500,5,evaluate,0.000000000,3.848100000,0.000000000,0.000000000,3.848100000,2326,74,true,true,
E4,committee_signature_set_verification,10,2026,e4-20260713T113950.708594500,5,evaluate,0.000000000,3.196400000,0.000000000,0.000000000,3.196400000,2326,74,true,true,
E4,committee_signature_set_verification,11,2026,e4-20260713T113950.708594500,5,evaluate,0.000000000,2.644300000,0.000000000,0.000000000,2.644300000,2326,74,true,true,
E4,committee_signature_set_verification,12,2026,e4-20260713T113950.708594500,5,evaluate,0.000000000,4.854100000,0.000000000,0.000000000,4.854100000,2326,74,true,true,
E4,committee_signature_set_verification,13,2026,e4-20260713T113950.708594500,5,evaluate,0.530100000,3.228600000,0.000000000,0.000000000,3.758700000,2326,74,true,true,
E4,committee_signature_set_verification,14,2026,e4-20260713T113950.708594500,5,evaluate,0.000000000,3.691300000,0.000000000,0.000000000,3.691300000,2326,74,true,true,
E4,committee_signature_set_verification,15,2026,e4-20260713T113950.708594500,5,evaluate,0.000000000,3.192300000,0.000000000,0.000000000,3.192300000,2326,74,true,true,
E4,committee_signature_set_verification,16,2026,e4-20260713T113950.708594500,5,evaluate,0.000000000,3.814800000,0.000000000,0.000000000,3.814800000,2326,74,true,true,
E4,committee_signature_set_verification,17,2026,e4-20260713T113950.708594500,5,evaluate,0.000000000,3.166700000,0.000000000,0.000000000,3.166700000,2326,74,true,true,
E4,committee_signature_set_verification,18,2026,e4-20260713T113950.708594500,5,evaluate,0.000000000,3.791300000,0.000000000,0.000000000,3.791300000,2326,74,true,true,
E4,committee_signature_set_verification,19,2026,e4-20260713T113950.708594500,5,evaluate,0.000000000,3.258200000,0.000000000,0.000000000,3.258200000,2326,74,true,true,
E4,committee_signature_set_verification,20,2026,e4-20260713T113950.708594500,5,evaluate,0.000000000,3.746000000,0.000000000,0.000000000,3.746000000,2326,74,true,true,
E4,committee_signature_set_verification,21,2026,e4-20260713T113950.708594500,5,evaluate,0.000000000,3.829200000,0.000000000,0.000000000,3.829200000,2326,74,true,true,
E4,committee_signature_set_verification,22,2026,e4-20260713T113950.708594500,5,evaluate,0.000000000,3.831300000,0.000000000,0.000000000,3.831300000,2326,74,true,true,
E4,committee_signature_set_verification,23,2026,e4-20260713T113950.708594500,5,evaluate,0.528300000,5.489200000,0.000000000,0.000000000,6.017500000,2326,74,true,true,
E4,committee_signature_set_verification,24,2026,e4-20260713T113950.708594500,5,evaluate,0.000000000,4.762000000,0.000000000,0.000000000,4.762000000,2326,74,true,true,
E4,committee_signature_set_verification,25,2026,e4-20260713T113950.708594500,5,evaluate,0.000000000,4.909900000,0.000000000,0.000000000,4.909900000,2326,74,true,true,
E4,committee_signature_set_verification,26,2026,e4-20260713T113950.708594500,5,evaluate,0.000000000,3.834200000,0.000000000,0.000000000,3.834200000,2326,74,true,true,
E4,committee_signature_set_verification,27,2026,e4-20260713T113950.708594500,5,evaluate,0.533400000,3.189700000,0.000000000,0.000000000,3.723100000,2326,74,true,true,
E4,committee_signature_set_verification,28,2026,e4-20260713T113950.708594500,5,evaluate,0.000000000,4.251800000,0.000000000,0.000000000,4.251800000,2326,74,true,true,
E4,committee_signature_set_verification,29,2026,e4-20260713T113950.708594500,5,evaluate,0.000000000,4.158100000,0.000000000,0.000000000,4.158100000,2326,74,true,true,
E4,committee_signature_set_verification,30,2026,e4-20260713T113950.708594500,5,evaluate,0.000000000,4.637400000,0.000000000,0.000000000,4.637400000,2326,74,true,true,
E4,committee_signature_set_verification,31,2026,e4-20260713T113950.708594500,5,evaluate,0.539800000,3.185900000,0.000000000,0.000000000,3.725700000,2326,74,true,true,
E4,committee_signature_set_verification,32,2026,e4-20260713T113950.708594500,5,evaluate,0.000000000,3.283800000,0.000000000,0.000000000,3.283800000,2326,74,true,true,
E4,committee_signature_set_verification,33,2026,e4-20260713T113950.708594500,5,evaluate,0.000000000,4.417500000,0.000000000,0.000000000,4.417500000,2326,74,true,true,
E4,committee_signature_set_verification,34,2026,e4-20260713T113950.708594500,5,evaluate,0.000000000,4.290600000,0.000000000,0.000000000,4.290600000,2326,74,true,true,
E4,committee_signature_set_verification,35,2026,e4-20260713T113950.708594500,5,evaluate,0.533800000,4.254200000,0.000000000,0.000000000,4.788000000,2326,74,true,true,
E4,committee_signature_set_verification,36,2026,e4-20260713T113950.708594500,5,evaluate,0.535600000,4.052700000,0.000000000,0.000000000,4.588300000,2326,74,true,true,
E4,committee_signature_set_verification,37,2026,e4-20260713T113950.708594500,5,evaluate,0.000000000,2.362900000,0.000000000,0.000000000,2.362900000,2326,74,true,true,
E4,committee_signature_set_verification,38,2026,e4-20260713T113950.708594500,5,evaluate,1.548400000,3.983600000,0.000000000,0.000000000,5.532000000,2326,74,true,true,
E4,committee_signature_set_verification,39,2026,e4-20260713T113950.708594500,5,evaluate,0.000000000,3.720100000,0.000000000,0.000000000,3.720100000,2326,74,true,true,
E4,committee_signature_set_verification,40,2026,e4-20260713T113950.708594500,5,evaluate,0.000000000,4.442900000,0.000000000,0.000000000,4.442900000,2326,74,true,true,
E4,committee_signature_set_verification,41,2026,e4-20260713T113950.708594500,5,evaluate,0.000000000,3.227100000,0.000000000,0.000000000,3.227100000,2326,74,true,true,
E4,committee_signature_set_verification,42,2026,e4-20260713T113950.708594500,5,evaluate,0.000000000,4.301800000,0.000000000,0.000000000,4.301800000,2326,74,true,true,
E4,committee_signature_set_verification,43,2026,e4-20260713T113950.708594500,5,evaluate,0.000000000,4.237200000,0.000000000,0.000000000,4.237200000,2326,74,true,true,
E4,committee_signature_set_verification,44,2026,e4-20260713T113950.708594500,5,evaluate,0.602100000,3.762900000,0.000000000,0.000000000,4.365000000,2326,74,true,true,
E4,committee_signature_set_verification,45,2026,e4-20260713T113950.708594500,5,evaluate,0.000000000,3.761100000,0.000000000,0.000000000,3.761100000,2326,74,true,true,
E4,committee_signature_set_verification,46,2026,e4-20260713T113950.708594500,5,evaluate,0.000000000,3.291400000,0.000000000,0.000000000,3.291400000,2326,74,true,true,
E4,committee_signature_set_verification,47,2026,e4-20260713T113950.708594500,5,evaluate,0.000000000,3.177200000,0.000000000,0.000000000,3.177200000,2326,74,true,true,
E4,committee_signature_set_verification,48,2026,e4-20260713T113950.708594500,5,evaluate,0.000000000,3.257900000,0.000000000,0.000000000,3.257900000,2326,74,true,true,
E4,committee_signature_set_verification,49,2026,e4-20260713T113950.708594500,5,evaluate,0.000000000,5.888000000,0.000000000,0.000000000,5.888000000,2326,74,true,true,
E4,committee_signature_set_verification,50,2026,e4-20260713T113950.708594500,5,evaluate,0.000000000,3.128000000,0.000000000,0.000000000,3.128000000,2326,74,true,true,
E4,full_result_consistency_verification,1,2026,e4-20260713T113950.708594500,5,evaluate,0.000000000,3.179100000,0.000000000,0.000000000,3.179100000,2326,22,true,true,
E4,full_result_consistency_verification,2,2026,e4-20260713T113950.708594500,5,evaluate,0.000000000,4.954600000,0.000000000,0.000000000,4.954600000,2326,22,true,true,
E4,full_result_consistency_verification,3,2026,e4-20260713T113950.708594500,5,evaluate,0.000000000,3.229100000,0.000000000,0.000000000,3.229100000,2326,22,true,true,
E4,full_result_consistency_verification,4,2026,e4-20260713T113950.708594500,5,evaluate,0.000000000,5.077800000,0.000000000,0.000000000,5.077800000,2326,22,true,true,
E4,full_result_consistency_verification,5,2026,e4-20260713T113950.708594500,5,evaluate,0.000000000,3.755700000,0.000000000,0.000000000,3.755700000,2326,22,true,true,
E4,full_result_consistency_verification,6,2026,e4-20260713T113950.708594500,5,evaluate,0.539700000,4.876800000,0.000000000,0.000000000,5.416500000,2326,22,true,true,
E4,full_result_consistency_verification,7,2026,e4-20260713T113950.708594500,5,evaluate,0.000000000,3.770900000,0.000000000,0.000000000,3.770900000,2326,22,true,true,
E4,full_result_consistency_verification,8,2026,e4-20260713T113950.708594500,5,evaluate,0.000000000,3.991100000,0.000000000,0.000000000,3.991100000,2326,22,true,true,
E4,full_result_consistency_verification,9,2026,e4-20260713T113950.708594500,5,evaluate,0.000000000,4.309700000,0.000000000,0.000000000,4.309700000,2326,22,true,true,
E4,full_result_consistency_verification,10,2026,e4-20260713T113950.708594500,5,evaluate,0.000000000,3.747200000,0.000000000,0.000000000,3.747200000,2326,22,true,true,
E4,full_result_consistency_verification,11,2026,e4-20260713T113950.708594500,5,evaluate,0.000000000,4.355300000,0.000000000,0.000000000,4.355300000,2326,22,true,true,
E4,full_result_consistency_verification,12,2026,e4-20260713T113950.708594500,5,evaluate,0.000000000,7.640800000,0.000000000,0.000000000,7.640800000,2326,22,true,true,
E4,full_result_consistency_verification,13,2026,e4-20260713T113950.708594500,5,evaluate,0.000000000,5.998400000,0.000000000,0.000000000,5.998400000,2326,22,true,true,
E4,full_result_consistency_verification,14,2026,e4-20260713T113950.708594500,5,evaluate,0.539700000,5.744800000,0.000000000,0.000000000,6.284500000,2326,22,true,true,
E4,full_result_consistency_verification,15,2026,e4-20260713T113950.708594500,5,evaluate,0.532600000,5.054800000,0.000000000,0.000000000,5.587400000,2326,22,true,true,
E4,full_result_consistency_verification,16,2026,e4-20260713T113950.708594500,5,evaluate,0.000000000,5.612500000,0.000000000,0.000000000,5.612500000,2326,22,true,true,
E4,full_result_consistency_verification,17,2026,e4-20260713T113950.708594500,5,evaluate,0.529900000,6.085700000,0.000000000,0.000000000,6.615600000,2326,22,true,true,
E4,full_result_consistency_verification,18,2026,e4-20260713T113950.708594500,5,evaluate,0.000000000,6.222400000,0.000000000,0.000000000,6.222400000,2326,22,true,true,
E4,full_result_consistency_verification,19,2026,e4-20260713T113950.708594500,5,evaluate,0.000000000,6.656200000,0.000000000,0.000000000,6.656200000,2326,22,true,true,
E4,full_result_consistency_verification,20,2026,e4-20260713T113950.708594500,5,evaluate,0.000000000,5.429500000,0.000000000,0.000000000,5.429500000,2326,22,true,true,
E4,full_result_consistency_verification,21,2026,e4-20260713T113950.708594500,5,evaluate,0.000000000,6.740100000,0.000000000,0.000000000,6.740100000,2326,22,true,true,
E4,full_result_consistency_verification,22,2026,e4-20260713T113950.708594500,5,evaluate,0.000000000,5.611400000,0.000000000,0.000000000,5.611400000,2326,22,true,true,
E4,full_result_consistency_verification,23,2026,e4-20260713T113950.708594500,5,evaluate,0.000000000,5.298400000,0.000000000,0.000000000,5.298400000,2326,22,true,true,
E4,full_result_consistency_verification,24,2026,e4-20260713T113950.708594500,5,evaluate,0.000000000,5.109500000,0.000000000,0.000000000,5.109500000,2326,22,true,true,
E4,full_result_consistency_verification,25,2026,e4-20260713T113950.708594500,5,evaluate,0.000000000,5.453200000,0.000000000,0.000000000,5.453200000,2326,22,true,true,
E4,full_result_consistency_verification,26,2026,e4-20260713T113950.708594500,5,evaluate,0.000000000,5.530500000,0.000000000,0.000000000,5.530500000,2326,22,true,true,
E4,full_result_consistency_verification,27,2026,e4-20260713T113950.708594500,5,evaluate,0.000000000,5.313300000,0.000000000,0.000000000,5.313300000,2326,22,true,true,
E4,full_result_consistency_verification,28,2026,e4-20260713T113950.708594500,5,evaluate,0.000000000,5.256700000,0.000000000,0.000000000,5.256700000,2326,22,true,true,
E4,full_result_consistency_verification,29,2026,e4-20260713T113950.708594500,5,evaluate,0.000000000,4.356700000,0.000000000,0.000000000,4.356700000,2326,22,true,true,
E4,full_result_consistency_verification,30,2026,e4-20260713T113950.708594500,5,evaluate,0.000000000,4.819000000,0.000000000,0.000000000,4.819000000,2326,22,true,true,
E4,full_result_consistency_verification,31,2026,e4-20260713T113950.708594500,5,evaluate,0.000000000,5.958200000,0.000000000,0.000000000,5.958200000,2326,22,true,true,
E4,full_result_consistency_verification,32,2026,e4-20260713T113950.708594500,5,evaluate,0.000000000,6.702200000,0.000000000,0.000000000,6.702200000,2326,22,true,true,
E4,full_result_consistency_verification,33,2026,e4-20260713T113950.708594500,5,evaluate,0.000000000,6.330200000,0.000000000,0.000000000,6.330200000,2326,22,true,true,
E4,full_result_consistency_verification,34,2026,e4-20260713T113950.708594500,5,evaluate,0.000000000,3.500300000,0.000000000,0.000000000,3.500300000,2326,22,true,true,
E4,full_result_consistency_verification,35,2026,e4-20260713T113950.708594500,5,evaluate,0.000000000,4.377600000,0.000000000,0.000000000,4.377600000,2326,22,true,true,
E4,full_result_consistency_verification,36,2026,e4-20260713T113950.708594500,5,evaluate,0.542400000,5.025100000,0.000000000,0.000000000,5.567500000,2326,22,true,true,
E4,full_result_consistency_verification,37,2026,e4-20260713T113950.708594500,5,evaluate,0.000000000,5.441600000,0.000000000,0.000000000,5.441600000,2326,22,true,true,
E4,full_result_consistency_verification,38,2026,e4-20260713T113950.708594500,5,evaluate,0.000000000,6.979800000,0.000000000,0.000000000,6.979800000,2326,22,true,true,
E4,full_result_consistency_verification,39,2026,e4-20260713T113950.708594500,5,evaluate,0.000000000,4.316000000,0.000000000,0.000000000,4.316000000,2326,22,true,true,
E4,full_result_consistency_verification,40,2026,e4-20260713T113950.708594500,5,evaluate,0.541500000,3.215800000,0.000000000,0.000000000,3.757300000,2326,22,true,true,
E4,full_result_consistency_verification,41,2026,e4-20260713T113950.708594500,5,evaluate,0.000000000,4.254700000,0.000000000,0.000000000,4.254700000,2326,22,true,true,
E4,full_result_consistency_verification,42,2026,e4-20260713T113950.708594500,5,evaluate,0.000000000,5.245500000,0.000000000,0.000000000,5.245500000,2326,22,true,true,
E4,full_result_consistency_verification,43,2026,e4-20260713T113950.708594500,5,evaluate,0.000000000,3.873200000,0.000000000,0.000000000,3.873200000,2326,22,true,true,
E4,full_result_consistency_verification,44,2026,e4-20260713T113950.708594500,5,evaluate,0.000000000,3.480200000,0.000000000,0.000000000,3.480200000,2326,22,true,true,
E4,full_result_consistency_verification,45,2026,e4-20260713T113950.708594500,5,evaluate,0.000000000,3.905800000,0.000000000,0.000000000,3.905800000,2326,22,true,true,
E4,full_result_consistency_verification,46,2026,e4-20260713T113950.708594500,5,evaluate,0.000000000,3.773500000,0.000000000,0.000000000,3.773500000,2326,22,true,true,
E4,full_result_consistency_verification,47,2026,e4-20260713T113950.708594500,5,evaluate,0.000000000,3.756200000,0.000000000,0.000000000,3.756200000,2326,22,true,true,
E4,full_result_consistency_verification,48,2026,e4-20260713T113950.708594500,5,evaluate,0.534400000,2.696400000,0.000000000,0.000000000,3.230800000,2326,22,true,true,
E4,full_result_consistency_verification,49,2026,e4-20260713T113950.708594500,5,evaluate,0.000000000,3.247600000,0.000000000,0.000000000,3.247600000,2326,22,true,true,
E4,full_result_consistency_verification,50,2026,e4-20260713T113950.708594500,5,evaluate,0.000000000,5.203800000,0.000000000,0.000000000,5.203800000,2326,22,true,true,
E4,result_finalization,1,2026,e4-20260713T113950.708594500,5,submit,0.000000000,24.652400000,2.754100000,2052.142900000,2079.549400000,2326,0,true,true,
E4,result_finalization,2,2026,e4-20260713T113950.708594500,5,submit,0.000000000,23.062400000,2.697400000,2059.727300000,2085.487100000,2326,0,true,true,
E4,result_finalization,3,2026,e4-20260713T113950.708594500,5,submit,0.000000000,20.297400000,2.132300000,2058.419900000,2080.849600000,2326,0,true,true,
E4,result_finalization,4,2026,e4-20260713T113950.708594500,5,submit,0.000000000,18.193800000,2.104600000,2058.095900000,2078.394300000,2326,0,true,true,
E4,result_finalization,5,2026,e4-20260713T113950.708594500,5,submit,0.000000000,19.034100000,2.637500000,2056.582400000,2078.254000000,2326,0,true,true,
E4,result_finalization,6,2026,e4-20260713T113950.708594500,5,submit,0.533200000,22.761300000,2.636400000,2055.711400000,2081.642300000,2326,0,true,true,
E4,result_finalization,7,2026,e4-20260713T113950.708594500,5,submit,0.000000000,24.907500000,3.725000000,2071.741500000,2100.374000000,2326,0,true,true,
E4,result_finalization,8,2026,e4-20260713T113950.708594500,5,submit,0.000000000,37.068700000,4.262500000,2061.133800000,2102.465000000,2326,0,true,true,
E4,result_finalization,9,2026,e4-20260713T113950.708594500,5,submit,0.000000000,26.228600000,4.674300000,2054.026300000,2084.929200000,2326,0,true,true,
E4,result_finalization,10,2026,e4-20260713T113950.708594500,5,submit,0.000000000,19.735800000,2.634700000,2046.402600000,2068.773100000,2326,0,true,true,
E4,result_finalization,11,2026,e4-20260713T113950.708594500,5,submit,0.000000000,20.768100000,2.701200000,2051.779400000,2075.248700000,2326,0,true,true,
E4,result_finalization,12,2026,e4-20260713T113950.708594500,5,submit,0.000000000,18.968700000,3.163400000,2082.759900000,2104.892000000,2326,0,true,true,
E4,result_finalization,13,2026,e4-20260713T113950.708594500,5,submit,0.000000000,28.817500000,4.612800000,2052.942400000,2086.372700000,2322,0,true,true,
E4,result_finalization,14,2026,e4-20260713T113950.708594500,5,submit,0.000000000,20.876900000,3.900300000,2050.843000000,2075.620200000,2326,0,true,true,
E4,result_finalization,15,2026,e4-20260713T113950.708594500,5,submit,0.000000000,18.909300000,2.694500000,2059.552300000,2081.156100000,2326,0,true,true,
E4,result_finalization,16,2026,e4-20260713T113950.708594500,5,submit,0.000000000,22.267100000,2.095100000,2061.878200000,2086.240400000,2326,0,true,true,
E4,result_finalization,17,2026,e4-20260713T113950.708594500,5,submit,0.000000000,21.495900000,3.852300000,2048.928800000,2074.277000000,2326,0,true,true,
E4,result_finalization,18,2026,e4-20260713T113950.708594500,5,submit,0.535600000,21.895500000,2.638400000,2052.542400000,2077.611900000,2326,0,true,true,
E4,result_finalization,19,2026,e4-20260713T113950.708594500,5,submit,0.535500000,19.357600000,2.124300000,2061.778200000,2083.795600000,2326,0,true,true,
E4,result_finalization,20,2026,e4-20260713T113950.708594500,5,submit,0.534800000,21.347700000,3.204200000,2053.139700000,2078.226400000,2326,0,true,true,
E4,result_finalization,21,2026,e4-20260713T113950.708594500,5,submit,0.000000000,18.908900000,3.277500000,2059.033700000,2081.220100000,2326,0,true,true,
E4,result_finalization,22,2026,e4-20260713T113950.708594500,5,submit,0.000000000,20.758100000,4.193900000,2058.394700000,2083.346700000,2326,0,true,true,
E4,result_finalization,23,2026,e4-20260713T113950.708594500,5,submit,0.000000000,20.201700000,2.599600000,2053.956800000,2076.758100000,2326,0,true,true,
E4,result_finalization,24,2026,e4-20260713T113950.708594500,5,submit,0.000000000,19.541100000,2.865000000,2061.762000000,2084.168100000,2326,0,true,true,
E4,result_finalization,25,2026,e4-20260713T113950.708594500,5,submit,0.000000000,22.896400000,5.460300000,2061.647000000,2090.003700000,2326,0,true,true,
E4,result_finalization,26,2026,e4-20260713T113950.708594500,5,submit,0.000000000,24.522600000,2.734200000,2054.675300000,2081.932100000,2326,0,true,true,
E4,result_finalization,27,2026,e4-20260713T113950.708594500,5,submit,0.000000000,19.386800000,2.604000000,2050.614500000,2072.605300000,2326,0,true,true,
E4,result_finalization,28,2026,e4-20260713T113950.708594500,5,submit,0.000000000,18.806700000,3.193400000,2049.611400000,2071.611500000,2326,0,true,true,
E4,result_finalization,29,2026,e4-20260713T113950.708594500,5,submit,0.000000000,18.297400000,2.729200000,2071.357800000,2092.384400000,2326,0,true,true,
E4,result_finalization,30,2026,e4-20260713T113950.708594500,5,submit,0.000000000,22.984400000,2.494100000,2051.439500000,2076.918000000,2326,0,true,true,
E4,result_finalization,31,2026,e4-20260713T113950.708594500,5,submit,0.000000000,19.189800000,3.434500000,2054.256600000,2076.880900000,2326,0,true,true,
E4,result_finalization,32,2026,e4-20260713T113950.708594500,5,submit,0.000000000,19.890900000,2.121100000,2057.542700000,2079.554700000,2326,0,true,true,
E4,result_finalization,33,2026,e4-20260713T113950.708594500,5,submit,0.000000000,19.374500000,2.626900000,2053.787400000,2075.788800000,2326,0,true,true,
E4,result_finalization,34,2026,e4-20260713T113950.708594500,5,submit,0.000000000,19.750900000,3.126400000,2054.710000000,2077.587300000,2326,0,true,true,
E4,result_finalization,35,2026,e4-20260713T113950.708594500,5,submit,0.000000000,20.800500000,2.875400000,2050.658500000,2074.334400000,2326,0,true,true,
E4,result_finalization,36,2026,e4-20260713T113950.708594500,5,submit,0.000000000,18.264600000,2.637300000,2056.379900000,2077.281800000,2326,0,true,true,
E4,result_finalization,37,2026,e4-20260713T113950.708594500,5,submit,0.000000000,20.811000000,2.113600000,2052.158800000,2075.083400000,2326,0,true,true,
E4,result_finalization,38,2026,e4-20260713T113950.708594500,5,submit,0.000000000,19.888300000,2.130100000,2051.528300000,2073.546700000,2326,0,true,true,
E4,result_finalization,39,2026,e4-20260713T113950.708594500,5,submit,0.000000000,18.751700000,2.421500000,2058.262000000,2079.435200000,2326,0,true,true,
E4,result_finalization,40,2026,e4-20260713T113950.708594500,5,submit,0.000000000,20.776200000,2.650300000,2051.531700000,2074.958200000,2326,0,true,true,
E4,result_finalization,41,2026,e4-20260713T113950.708594500,5,submit,0.000000000,17.740200000,3.420800000,2048.598500000,2069.759500000,2326,0,true,true,
E4,result_finalization,42,2026,e4-20260713T113950.708594500,5,submit,0.000000000,19.432100000,2.103900000,2052.482300000,2074.018300000,2326,0,true,true,
E4,result_finalization,43,2026,e4-20260713T113950.708594500,5,submit,0.000000000,19.132000000,2.744500000,2054.101600000,2075.978100000,2326,0,true,true,
E4,result_finalization,44,2026,e4-20260713T113950.708594500,5,submit,0.000000000,18.311000000,3.139700000,2052.283600000,2073.734300000,2326,0,true,true,
E4,result_finalization,45,2026,e4-20260713T113950.708594500,5,submit,0.000000000,19.819000000,3.272000000,2051.504900000,2074.595900000,2326,0,true,true,
E4,result_finalization,46,2026,e4-20260713T113950.708594500,5,submit,0.000000000,18.428300000,2.182700000,2046.925000000,2067.536000000,2326,0,true,true,
E4,result_finalization,47,2026,e4-20260713T113950.708594500,5,submit,0.000000000,18.960800000,2.987800000,2054.469700000,2076.418300000,2326,0,true,true,
E4,result_finalization,48,2026,e4-20260713T113950.708594500,5,submit,0.000000000,24.978400000,3.254600000,2062.393500000,2090.626500000,2326,0,true,true,
E4,result_finalization,49,2026,e4-20260713T113950.708594500,5,submit,0.000000000,30.825500000,3.188400000,2047.776100000,2081.790000000,2326,0,true,true,
E4,result_finalization,50,2026,e4-20260713T113950.708594500,5,submit,0.000000000,18.247700000,4.036800000,2046.887100000,2069.171600000,2326,0,true,true,
E4,finalized_state_query,1,2026,e4-20260713T113950.708594500,5,evaluate,0.000000000,3.989100000,0.000000000,0.000000000,3.989100000,41,3190,true,true,
E4,finalized_state_query,2,2026,e4-20260713T113950.708594500,5,evaluate,0.536600000,2.661800000,0.000000000,0.000000000,3.198400000,41,3190,true,true,
E4,finalized_state_query,3,2026,e4-20260713T113950.708594500,5,evaluate,0.000000000,3.259700000,0.000000000,0.000000000,3.259700000,41,3190,true,true,
E4,finalized_state_query,4,2026,e4-20260713T113950.708594500,5,evaluate,0.000000000,3.394000000,0.000000000,0.000000000,3.394000000,41,3190,true,true,
E4,finalized_state_query,5,2026,e4-20260713T113950.708594500,5,evaluate,0.000000000,2.712500000,0.000000000,0.000000000,2.712500000,41,3190,true,true,
E4,finalized_state_query,6,2026,e4-20260713T113950.708594500,5,evaluate,0.000000000,2.662400000,0.000000000,0.000000000,2.662400000,41,3190,true,true,
E4,finalized_state_query,7,2026,e4-20260713T113950.708594500,5,evaluate,0.000000000,3.225600000,0.000000000,0.000000000,3.225600000,41,3190,true,true,
E4,finalized_state_query,8,2026,e4-20260713T113950.708594500,5,evaluate,0.000000000,3.176500000,0.000000000,0.000000000,3.176500000,41,3190,true,true,
E4,finalized_state_query,9,2026,e4-20260713T113950.708594500,5,evaluate,0.000000000,3.929600000,0.000000000,0.000000000,3.929600000,41,3190,true,true,
E4,finalized_state_query,10,2026,e4-20260713T113950.708594500,5,evaluate,0.000000000,3.237600000,0.000000000,0.000000000,3.237600000,41,3190,true,true,
E4,finalized_state_query,11,2026,e4-20260713T113950.708594500,5,evaluate,0.528200000,3.641900000,0.000000000,0.000000000,4.170100000,41,3190,true,true,
E4,finalized_state_query,12,2026,e4-20260713T113950.708594500,5,evaluate,0.000000000,3.922200000,0.000000000,0.000000000,3.922200000,41,3190,true,true,
E4,finalized_state_query,13,2026,e4-20260713T113950.708594500,5,evaluate,0.000000000,3.953300000,0.000000000,0.000000000,3.953300000,41,3186,true,true,
E4,finalized_state_query,14,2026,e4-20260713T113950.708594500,5,evaluate,0.000000000,3.193000000,0.000000000,0.000000000,3.193000000,41,3190,true,true,
E4,finalized_state_query,15,2026,e4-20260713T113950.708594500,5,evaluate,0.000000000,3.213200000,0.000000000,0.000000000,3.213200000,41,3190,true,true,
E4,finalized_state_query,16,2026,e4-20260713T113950.708594500,5,evaluate,0.000000000,3.194700000,0.000000000,0.000000000,3.194700000,41,3190,true,true,
E4,finalized_state_query,17,2026,e4-20260713T113950.708594500,5,evaluate,0.000000000,2.119900000,0.000000000,0.000000000,2.119900000,41,3190,true,true,
E4,finalized_state_query,18,2026,e4-20260713T113950.708594500,5,evaluate,0.000000000,2.260500000,0.000000000,0.000000000,2.260500000,41,3190,true,true,
E4,finalized_state_query,19,2026,e4-20260713T113950.708594500,5,evaluate,0.000000000,2.635300000,0.000000000,0.000000000,2.635300000,41,3190,true,true,
E4,finalized_state_query,20,2026,e4-20260713T113950.708594500,5,evaluate,0.000000000,2.054600000,0.000000000,0.000000000,2.054600000,41,3190,true,true,
E4,finalized_state_query,21,2026,e4-20260713T113950.708594500,5,evaluate,0.000000000,3.219800000,0.000000000,0.000000000,3.219800000,41,3190,true,true,
E4,finalized_state_query,22,2026,e4-20260713T113950.708594500,5,evaluate,0.000000000,2.614700000,0.000000000,0.000000000,2.614700000,41,3190,true,true,
E4,finalized_state_query,23,2026,e4-20260713T113950.708594500,5,evaluate,0.000000000,2.092800000,0.000000000,0.000000000,2.092800000,41,3190,true,true,
E4,finalized_state_query,24,2026,e4-20260713T113950.708594500,5,evaluate,0.529100000,2.494800000,0.000000000,0.000000000,3.023900000,41,3190,true,true,
E4,finalized_state_query,25,2026,e4-20260713T113950.708594500,5,evaluate,0.000000000,2.606900000,0.000000000,0.000000000,2.606900000,41,3190,true,true,
E4,finalized_state_query,26,2026,e4-20260713T113950.708594500,5,evaluate,0.000000000,2.098800000,0.000000000,0.000000000,2.098800000,41,3190,true,true,
E4,finalized_state_query,27,2026,e4-20260713T113950.708594500,5,evaluate,0.000000000,2.158500000,0.000000000,0.000000000,2.158500000,41,3190,true,true,
E4,finalized_state_query,28,2026,e4-20260713T113950.708594500,5,evaluate,0.000000000,3.146500000,0.000000000,0.000000000,3.146500000,41,3190,true,true,
E4,finalized_state_query,29,2026,e4-20260713T113950.708594500,5,evaluate,0.000000000,2.491400000,0.000000000,0.000000000,2.491400000,41,3190,true,true,
E4,finalized_state_query,30,2026,e4-20260713T113950.708594500,5,evaluate,0.000000000,3.775400000,0.000000000,0.000000000,3.775400000,41,3190,true,true,
E4,finalized_state_query,31,2026,e4-20260713T113950.708594500,5,evaluate,0.000000000,3.160500000,0.000000000,0.000000000,3.160500000,41,3190,true,true,
E4,finalized_state_query,32,2026,e4-20260713T113950.708594500,5,evaluate,0.512100000,2.135400000,0.000000000,0.000000000,2.647500000,41,3190,true,true,
E4,finalized_state_query,33,2026,e4-20260713T113950.708594500,5,evaluate,0.000000000,3.205100000,0.000000000,0.000000000,3.205100000,41,3190,true,true,
E4,finalized_state_query,34,2026,e4-20260713T113950.708594500,5,evaluate,0.000000000,2.724100000,0.000000000,0.000000000,2.724100000,41,3190,true,true,
E4,finalized_state_query,35,2026,e4-20260713T113950.708594500,5,evaluate,0.000000000,2.099800000,0.000000000,0.000000000,2.099800000,41,3190,true,true,
E4,finalized_state_query,36,2026,e4-20260713T113950.708594500,5,evaluate,0.000000000,3.227700000,0.000000000,0.000000000,3.227700000,41,3190,true,true,
E4,finalized_state_query,37,2026,e4-20260713T113950.708594500,5,evaluate,0.000000000,2.102000000,0.000000000,0.000000000,2.102000000,41,3190,true,true,
E4,finalized_state_query,38,2026,e4-20260713T113950.708594500,5,evaluate,0.000000000,2.103700000,0.000000000,0.000000000,2.103700000,41,3190,true,true,
E4,finalized_state_query,39,2026,e4-20260713T113950.708594500,5,evaluate,0.000000000,2.650700000,0.000000000,0.000000000,2.650700000,41,3190,true,true,
E4,finalized_state_query,40,2026,e4-20260713T113950.708594500,5,evaluate,0.000000000,2.175300000,0.000000000,0.000000000,2.175300000,41,3190,true,true,
E4,finalized_state_query,41,2026,e4-20260713T113950.708594500,5,evaluate,0.000000000,2.099200000,0.000000000,0.000000000,2.099200000,41,3190,true,true,
E4,finalized_state_query,42,2026,e4-20260713T113950.708594500,5,evaluate,0.000000000,2.652600000,0.000000000,0.000000000,2.652600000,41,3190,true,true,
E4,finalized_state_query,43,2026,e4-20260713T113950.708594500,5,evaluate,0.000000000,3.178200000,0.000000000,0.000000000,3.178200000,41,3190,true,true,
E4,finalized_state_query,44,2026,e4-20260713T113950.708594500,5,evaluate,0.000000000,2.633000000,0.000000000,0.000000000,2.633000000,41,3190,true,true,
E4,finalized_state_query,45,2026,e4-20260713T113950.708594500,5,evaluate,0.000000000,2.641500000,0.000000000,0.000000000,2.641500000,41,3190,true,true,
E4,finalized_state_query,46,2026,e4-20260713T113950.708594500,5,evaluate,0.000000000,2.192200000,0.000000000,0.000000000,2.192200000,41,3190,true,true,
E4,finalized_state_query,47,2026,e4-20260713T113950.708594500,5,evaluate,0.000000000,2.636900000,0.000000000,0.000000000,2.636900000,41,3190,true,true,
E4,finalized_state_query,48,2026,e4-20260713T113950.708594500,5,evaluate,0.000000000,3.258300000,0.000000000,0.000000000,3.258300000,41,3190,true,true,
E4,finalized_state_query,49,2026,e4-20260713T113950.708594500,5,evaluate,0.000000000,3.212700000,0.000000000,0.000000000,3.212700000,41,3190,true,true,
E4,finalized_state_query,50,2026,e4-20260713T113950.708594500,5,evaluate,0.000000000,2.645200000,0.000000000,0.000000000,2.645200000,41,3190,true,true,
