variant,run_id,paired_block_id,deployment_index,deployment_id,seed,order_position,total_ms,plain_total_ms,delta_ms,relative_overhead_percent,input_hash_equal,semantic_hash_equal,success
PP_RETF,1,1,1,e5-d1-20260713T120859.405885700,102226,3,2811.415800000,2062.488700000,748.927100000,36.311815914,true,true,true
Plain_RETF,1,1,1,e5-d1-20260713T120859.405885700,102226,5,2062.488700000,2062.488700000,0.000000000,0.000000000,true,true,true
RETF_A,1,1,1,e5-d1-20260713T120859.405885700,102226,4,2778.700700000,2062.488700000,716.212000000,34.725620557,true,true,true
RETF_C,1,1,1,e5-d1-20260713T120859.405885700,102226,1,2067.143700000,2062.488700000,4.655000000,0.225698206,true,true,true
RETF_H,1,1,1,e5-d1-20260713T120859.405885700,102226,2,2068.814600000,2062.488700000,6.325900000,0.306711983,true,true,true
PP_RETF,2,2,1,e5-d1-20260713T120859.405885700,102326,3,2791.661000000,2070.536200000,721.124800000,34.827925250,true,true,true
Plain_RETF,2,2,1,e5-d1-20260713T120859.405885700,102326,1,2070.536200000,2070.536200000,0.000000000,0.000000000,true,true,true
RETF_A,2,2,1,e5-d1-20260713T120859.405885700,102326,2,2794.292100000,2070.536200000,723.755900000,34.954998613,true,true,true
RETF_C,2,2,1,e5-d1-20260713T120859.405885700,102326,5,2071.550400000,2070.536200000,1.014200000,0.048982481,true,true,true
RETF_H,2,2,1,e5-d1-20260713T120859.405885700,102326,4,2068.432800000,2070.536200000,-2.103400000,-0.101587212,true,true,true
PP_RETF,3,3,1,e5-d1-20260713T120859.405885700,102426,1,2899.554700000,2063.293400000,836.261300000,40.530411235,true,true,true
Plain_RETF,3,3,1,e5-d1-20260713T120859.405885700,102426,5,2063.293400000,2063.293400000,0.000000000,0.000000000,true,true,true
RETF_A,3,3,1,e5-d1-20260713T120859.405885700,102426,3,2813.170200000,2063.293400000,749.876800000,36.343682387,true,true,true
RETF_C,3,3,1,e5-d1-20260713T120859.405885700,102426,4,2070.890900000,2063.293400000,7.597500000,0.368221989,true,true,true
RETF_H,3,3,1,e5-d1-20260713T120859.405885700,102426,2,2064.084400000,2063.293400000,0.791000000,0.038336768,true,true,true
PP_RETF,4,4,1,e5-d1-20260713T120859.405885700,102526,3,2879.582800000,2074.715500000,804.867300000,38.794104541,true,true,true
Plain_RETF,4,4,1,e5-d1-20260713T120859.405885700,102526,1,2074.715500000,2074.715500000,0.000000000,0.000000000,true,true,true
RETF_A,4,4,1,e5-d1-20260713T120859.405885700,102526,4,2925.806500000,2074.715500000,851.091000000,41.022058205,true,true,true
RETF_C,4,4,1,e5-d1-20260713T120859.405885700,102526,2,2090.704100000,2074.715500000,15.988600000,0.770640601,true,true,true
RETF_H,4,4,1,e5-d1-20260713T120859.405885700,102526,5,2095.436700000,2074.715500000,20.721200000,0.998748985,true,true,true
PP_RETF,5,5,1,e5-d1-20260713T120859.405885700,102626,4,2777.679800000,2064.837700000,712.842100000,34.522911898,true,true,true
Plain_RETF,5,5,1,e5-d1-20260713T120859.405885700,102626,5,2064.837700000,2064.837700000,0.000000000,0.000000000,true,true,true
RETF_A,5,5,1,e5-d1-20260713T120859.405885700,102626,3,2770.324200000,2064.837700000,705.486500000,34.166680510,true,true,true
RETF_C,5,5,1,e5-d1-20260713T120859.405885700,102626,1,2068.930000000,2064.837700000,4.092300000,0.198189911,true,true,true
RETF_H,5,5,1,e5-d1-20260713T120859.405885700,102626,2,2066.158800000,2064.837700000,1.321100000,0.063980816,true,true,true
PP_RETF,6,6,1,e5-d1-20260713T120859.405885700,102726,3,2775.097400000,2060.672700000,714.424700000,34.669489240,true,true,true
Plain_RETF,6,6,1,e5-d1-20260713T120859.405885700,102726,1,2060.672700000,2060.672700000,0.000000000,0.000000000,true,true,true
RETF_A,6,6,1,e5-d1-20260713T120859.405885700,102726,5,2791.671700000,2060.672700000,730.999000000,35.473804258,true,true,true
RETF_C,6,6,1,e5-d1-20260713T120859.405885700,102726,2,2071.340700000,2060.672700000,10.668000000,0.517695023,true,true,true
RETF_H,6,6,1,e5-d1-20260713T120859.405885700,102726,4,2057.353600000,2060.672700000,-3.319100000,-0.161068762,true,true,true
PP_RETF,7,7,1,e5-d1-20260713T120859.405885700,102826,2,2851.987300000,2056.385900000,795.601400000,38.689304376,true,true,true
Plain_RETF,7,7,1,e5-d1-20260713T120859.405885700,102826,3,2056.385900000,2056.385900000,0.000000000,0.000000000,true,true,true
RETF_A,7,7,1,e5-d1-20260713T120859.405885700,102826,5,2758.269100000,2056.385900000,701.883200000,34.131881570,true,true,true
RETF_C,7,7,1,e5-d1-20260713T120859.405885700,102826,1,2069.013500000,2056.385900000,12.627600000,0.614067622,true,true,true
RETF_H,7,7,1,e5-d1-20260713T120859.405885700,102826,4,2057.486300000,2056.385900000,1.100400000,0.053511357,true,true,true
PP_RETF,8,8,1,e5-d1-20260713T120859.405885700,102926,1,2824.613800000,2070.196200000,754.417600000,36.441840633,true,true,true
Plain_RETF,8,8,1,e5-d1-20260713T120859.405885700,102926,4,2070.196200000,2070.196200000,0.000000000,0.000000000,true,true,true
RETF_A,8,8,1,e5-d1-20260713T120859.405885700,102926,5,2811.602600000,2070.196200000,741.406400000,35.813339818,true,true,true
RETF_C,8,8,1,e5-d1-20260713T120859.405885700,102926,3,2075.662900000,2070.196200000,5.466700000,0.264066759,true,true,true
RETF_H,8,8,1,e5-d1-20260713T120859.405885700,102926,2,2059.512100000,2070.196200000,-10.684100000,-0.516091180,true,true,true
PP_RETF,9,9,1,e5-d1-20260713T120859.405885700,103026,3,2792.894900000,2056.502300000,736.392600000,35.808012469,true,true,true
Plain_RETF,9,9,1,e5-d1-20260713T120859.405885700,103026,5,2056.502300000,2056.502300000,0.000000000,0.000000000,true,true,true
RETF_A,9,9,1,e5-d1-20260713T120859.405885700,103026,4,2784.310300000,2056.502300000,727.808000000,35.390575542,true,true,true
RETF_C,9,9,1,e5-d1-20260713T120859.405885700,103026,1,2065.360800000,2056.502300000,8.858500000,0.430755657,true,true,true
RETF_H,9,9,1,e5-d1-20260713T120859.405885700,103026,2,2062.064300000,2056.502300000,5.562000000,0.270459216,true,true,true
PP_RETF,10,10,1,e5-d1-20260713T120859.405885700,103126,3,2889.957000000,2056.164400000,833.792600000,40.550872294,true,true,true
Plain_RETF,10,10,1,e5-d1-20260713T120859.405885700,103126,1,2056.164400000,2056.164400000,0.000000000,0.000000000,true,true,true
RETF_A,10,10,1,e5-d1-20260713T120859.405885700,103126,2,2862.042000000,2056.164400000,805.877600000,39.193247388,true,true,true
RETF_C,10,10,1,e5-d1-20260713T120859.405885700,103126,4,2071.008300000,2056.164400000,14.843900000,0.721921846,true,true,true
RETF_H,10,10,1,e5-d1-20260713T120859.405885700,103126,5,2063.396200000,2056.164400000,7.231800000,0.351713122,true,true,true
PP_RETF,11,11,2,e5-d2-20260713T121119.183794400,202226,4,2791.688900000,2064.975400000,726.713500000,35.192356287,true,true,true
Plain_RETF,11,11,2,e5-d2-20260713T121119.183794400,202226,3,2064.975400000,2064.975400000,0.000000000,0.000000000,true,true,true
RETF_A,11,11,2,e5-d2-20260713T121119.183794400,202226,5,2791.238900000,2064.975400000,726.263500000,35.170564260,true,true,true
RETF_C,11,11,2,e5-d2-20260713T121119.183794400,202226,1,2068.133900000,2064.975400000,3.158500000,0.152955817,true,true,true
RETF_H,11,11,2,e5-d2-20260713T121119.183794400,202226,2,2056.740900000,2064.975400000,-8.234500000,-0.398769884,true,true,true
PP_RETF,12,12,2,e5-d2-20260713T121119.183794400,202326,3,2780.966500000,2072.472100000,708.494400000,34.185955989,true,true,true
Plain_RETF,12,12,2,e5-d2-20260713T121119.183794400,202326,4,2072.472100000,2072.472100000,0.000000000,0.000000000,true,true,true
RETF_A,12,12,2,e5-d2-20260713T121119.183794400,202326,1,2819.572500000,2072.472100000,747.100400000,36.048755493,true,true,true
RETF_C,12,12,2,e5-d2-20260713T121119.183794400,202326,2,2066.698200000,2072.472100000,-5.773900000,-0.278599649,true,true,true
RETF_H,12,12,2,e5-d2-20260713T121119.183794400,202326,5,2066.395400000,2072.472100000,-6.076700000,-0.293210220,true,true,true
PP_RETF,13,13,2,e5-d2-20260713T121119.183794400,202426,5,2799.599400000,2061.462600000,738.136800000,35.806460908,true,true,true
Plain_RETF,13,13,2,e5-d2-20260713T121119.183794400,202426,4,2061.462600000,2061.462600000,0.000000000,0.000000000,true,true,true
RETF_A,13,13,2,e5-d2-20260713T121119.183794400,202426,3,2763.848000000,2061.462600000,702.385400000,34.072187388,true,true,true
RETF_C,13,13,2,e5-d2-20260713T121119.183794400,202426,2,2064.654800000,2061.462600000,3.192200000,0.154851221,true,true,true
RETF_H,13,13,2,e5-d2-20260713T121119.183794400,202426,1,2062.929800000,2061.462600000,1.467200000,0.071172768,true,true,true
PP_RETF,14,14,2,e5-d2-20260713T121119.183794400,202526,5,2798.000600000,2051.844800000,746.155800000,36.365118843,true,true,true
Plain_RETF,14,14,2,e5-d2-20260713T121119.183794400,202526,4,2051.844800000,2051.844800000,0.000000000,0.000000000,true,true,true
RETF_A,14,14,2,e5-d2-20260713T121119.183794400,202526,1,2855.028800000,2051.844800000,803.184000000,39.144481103,true,true,true
RETF_C,14,14,2,e5-d2-20260713T121119.183794400,202526,2,2068.038100000,2051.844800000,16.193300000,0.789206864,true,true,true
RETF_H,14,14,2,e5-d2-20260713T121119.183794400,202526,3,2057.447200000,2051.844800000,5.602400000,0.273042094,true,true,true
PP_RETF,15,15,2,e5-d2-20260713T121119.183794400,202626,5,2780.706800000,2053.442900000,727.263900000,35.416806574,true,true,true
Plain_RETF,15,15,2,e5-d2-20260713T121119.183794400,202626,4,2053.442900000,2053.442900000,0.000000000,0.000000000,true,true,true
RETF_A,15,15,2,e5-d2-20260713T121119.183794400,202626,1,2817.516900000,2053.442900000,764.074000000,37.209410595,true,true,true
RETF_C,15,15,2,e5-d2-20260713T121119.183794400,202626,3,2065.552900000,2053.442900000,12.110000000,0.589741258,true,true,true
RETF_H,15,15,2,e5-d2-20260713T121119.183794400,202626,2,2057.043100000,2053.442900000,3.600200000,0.175325060,true,true,true
PP_RETF,16,16,2,e5-d2-20260713T121119.183794400,202726,3,2787.132500000,2062.009900000,725.122600000,35.165815644,true,true,true
Plain_RETF,16,16,2,e5-d2-20260713T121119.183794400,202726,2,2062.009900000,2062.009900000,0.000000000,0.000000000,true,true,true
RETF_A,16,16,2,e5-d2-20260713T121119.183794400,202726,4,2772.360500000,2062.009900000,710.350600000,34.449427231,true,true,true
RETF_C,16,16,2,e5-d2-20260713T121119.183794400,202726,1,2064.760800000,2062.009900000,2.750900000,0.133408671,true,true,true
RETF_H,16,16,2,e5-d2-20260713T121119.183794400,202726,5,2057.190900000,2062.009900000,-4.819000000,-0.233704019,true,true,true
PP_RETF,17,17,2,e5-d2-20260713T121119.183794400,202826,1,2834.577900000,2061.192700000,773.385200000,37.521246800,true,true,true
Plain_RETF,17,17,2,e5-d2-20260713T121119.183794400,202826,5,2061.192700000,2061.192700000,0.000000000,0.000000000,true,true,true
RETF_A,17,17,2,e5-d2-20260713T121119.183794400,202826,4,2772.428800000,2061.192700000,711.236100000,34.506045941,true,true,true
RETF_C,17,17,2,e5-d2-20260713T121119.183794400,202826,3,2059.071600000,2061.192700000,-2.121100000,-0.102906439,true,true,true
RETF_H,17,17,2,e5-d2-20260713T121119.183794400,202826,2,2062.877400000,2061.192700000,1.684700000,0.081734231,true,true,true
PP_RETF,18,18,2,e5-d2-20260713T121119.183794400,202926,2,2798.574100000,2061.529700000,737.044400000,35.752305679,true,true,true
Plain_RETF,18,18,2,e5-d2-20260713T121119.183794400,202926,1,2061.529700000,2061.529700000,0.000000000,0.000000000,true,true,true
RETF_A,18,18,2,e5-d2-20260713T121119.183794400,202926,4,2774.331600000,2061.529700000,712.801900000,34.576358517,true,true,true
RETF_C,18,18,2,e5-d2-20260713T121119.183794400,202926,3,2063.627000000,2061.529700000,2.097300000,0.101735134,true,true,true
RETF_H,18,18,2,e5-d2-20260713T121119.183794400,202926,5,2061.279600000,2061.529700000,-0.250100000,-0.012131768,true,true,true
PP_RETF,19,19,2,e5-d2-20260713T121119.183794400,203026,1,2851.313500000,2054.090900000,797.222600000,38.811456689,true,true,true
Plain_RETF,19,19,2,e5-d2-20260713T121119.183794400,203026,2,2054.090900000,2054.090900000,0.000000000,0.000000000,true,true,true
RETF_A,19,19,2,e5-d2-20260713T121119.183794400,203026,3,2808.864800000,2054.090900000,754.773900000,36.744912311,true,true,true
RETF_C,19,19,2,e5-d2-20260713T121119.183794400,203026,5,2062.881500000,2054.090900000,8.790600000,0.427955744,true,true,true
RETF_H,19,19,2,e5-d2-20260713T121119.183794400,203026,4,2062.414600000,2054.090900000,8.323700000,0.405225494,true,true,true
PP_RETF,20,20,2,e5-d2-20260713T121119.183794400,203126,3,2795.049100000,2056.257200000,738.791900000,35.928963556,true,true,true
Plain_RETF,20,20,2,e5-d2-20260713T121119.183794400,203126,5,2056.257200000,2056.257200000,0.000000000,0.000000000,true,true,true
RETF_A,20,20,2,e5-d2-20260713T121119.183794400,203126,2,2794.914600000,2056.257200000,738.657400000,35.922422545,true,true,true
RETF_C,20,20,2,e5-d2-20260713T121119.183794400,203126,4,2059.790800000,2056.257200000,3.533600000,0.171846207,true,true,true
RETF_H,20,20,2,e5-d2-20260713T121119.183794400,203126,1,2058.176700000,2056.257200000,1.919500000,0.093349217,true,true,true
PP_RETF,21,21,3,e5-d3-20260713T121337.834860900,302226,1,2747.461900000,2059.175000000,688.286900000,33.425371812,true,true,true
Plain_RETF,21,21,3,e5-d3-20260713T121337.834860900,302226,5,2059.175000000,2059.175000000,0.000000000,0.000000000,true,true,true
RETF_A,21,21,3,e5-d3-20260713T121337.834860900,302226,2,2758.758500000,2059.175000000,699.583500000,33.973970158,true,true,true
RETF_C,21,21,3,e5-d3-20260713T121337.834860900,302226,3,2058.090900000,2059.175000000,-1.084100000,-0.052647298,true,true,true
RETF_H,21,21,3,e5-d3-20260713T121337.834860900,302226,4,2062.552100000,2059.175000000,3.377100000,0.164002574,true,true,true
PP_RETF,22,22,3,e5-d3-20260713T121337.834860900,302326,5,2748.910900000,2062.868100000,686.042800000,33.256745790,true,true,true
Plain_RETF,22,22,3,e5-d3-20260713T121337.834860900,302326,2,2062.868100000,2062.868100000,0.000000000,0.000000000,true,true,true
RETF_A,22,22,3,e5-d3-20260713T121337.834860900,302326,1,2836.589600000,2062.868100000,773.721500000,37.507075707,true,true,true
RETF_C,22,22,3,e5-d3-20260713T121337.834860900,302326,4,2066.424000000,2062.868100000,3.555900000,0.172376508,true,true,true
RETF_H,22,22,3,e5-d3-20260713T121337.834860900,302326,3,2064.740500000,2062.868100000,1.872400000,0.090766831,true,true,true
PP_RETF,23,23,3,e5-d3-20260713T121337.834860900,302426,5,2748.038900000,2055.726300000,692.312600000,33.677275034,true,true,true
Plain_RETF,23,23,3,e5-d3-20260713T121337.834860900,302426,3,2055.726300000,2055.726300000,0.000000000,0.000000000,true,true,true
RETF_A,23,23,3,e5-d3-20260713T121337.834860900,302426,4,2746.190400000,2055.726300000,690.464100000,33.587355476,true,true,true
RETF_C,23,23,3,e5-d3-20260713T121337.834860900,302426,2,2065.253100000,2055.726300000,9.526800000,0.463427451,true,true,true
RETF_H,23,23,3,e5-d3-20260713T121337.834860900,302426,1,2062.376200000,2055.726300000,6.649900000,0.323481779,true,true,true
PP_RETF,24,24,3,e5-d3-20260713T121337.834860900,302526,2,2763.772400000,2060.898000000,702.874400000,34.105249265,true,true,true
Plain_RETF,24,24,3,e5-d3-20260713T121337.834860900,302526,4,2060.898000000,2060.898000000,0.000000000,0.000000000,true,true,true
RETF_A,24,24,3,e5-d3-20260713T121337.834860900,302526,3,2748.799600000,2060.898000000,687.901600000,33.378731019,true,true,true
RETF_C,24,24,3,e5-d3-20260713T121337.834860900,302526,5,2065.490600000,2060.898000000,4.592600000,0.222844605,true,true,true
RETF_H,24,24,3,e5-d3-20260713T121337.834860900,302526,1,2064.485800000,2060.898000000,3.587800000,0.174089159,true,true,true
PP_RETF,25,25,3,e5-d3-20260713T121337.834860900,302626,3,2762.286500000,2076.736800000,685.549700000,33.010909230,true,true,true
Plain_RETF,25,25,3,e5-d3-20260713T121337.834860900,302626,5,2076.736800000,2076.736800000,0.000000000,0.000000000,true,true,true
RETF_A,25,25,3,e5-d3-20260713T121337.834860900,302626,4,2778.240300000,2076.736800000,701.503500000,33.779124057,true,true,true
RETF_C,25,25,3,e5-d3-20260713T121337.834860900,302626,1,2068.700900000,2076.736800000,-8.035900000,-0.386948409,true,true,true
RETF_H,25,25,3,e5-d3-20260713T121337.834860900,302626,2,2058.260600000,2076.736800000,-18.476200000,-0.889674609,true,true,true
PP_RETF,26,26,3,e5-d3-20260713T121337.834860900,302726,2,2801.899900000,2078.618300000,723.281600000,34.796268271,true,true,true
Plain_RETF,26,26,3,e5-d3-20260713T121337.834860900,302726,5,2078.618300000,2078.618300000,0.000000000,0.000000000,true,true,true
RETF_A,26,26,3,e5-d3-20260713T121337.834860900,302726,1,2896.163600000,2078.618300000,817.545300000,39.331189377,true,true,true
RETF_C,26,26,3,e5-d3-20260713T121337.834860900,302726,3,2092.454300000,2078.618300000,13.836000000,0.665634475,true,true,true
RETF_H,26,26,3,e5-d3-20260713T121337.834860900,302726,4,2071.316400000,2078.618300000,-7.301900000,-0.351286237,true,true,true
PP_RETF,27,27,3,e5-d3-20260713T121337.834860900,302826,1,3074.691700000,2056.362200000,1018.329500000,49.520920974,true,true,true
Plain_RETF,27,27,3,e5-d3-20260713T121337.834860900,302826,2,2056.362200000,2056.362200000,0.000000000,0.000000000,true,true,true
RETF_A,27,27,3,e5-d3-20260713T121337.834860900,302826,3,2800.800300000,2056.362200000,744.438100000,36.201701237,true,true,true
RETF_C,27,27,3,e5-d3-20260713T121337.834860900,302826,5,2088.696200000,2056.362200000,32.334000000,1.572388366,true,true,true
RETF_H,27,27,3,e5-d3-20260713T121337.834860900,302826,4,2069.560600000,2056.362200000,13.198400000,0.641832455,true,true,true
PP_RETF,28,28,3,e5-d3-20260713T121337.834860900,302926,2,2996.880800000,2089.421600000,907.459200000,43.431119885,true,true,true
Plain_RETF,28,28,3,e5-d3-20260713T121337.834860900,302926,3,2089.421600000,2089.421600000,0.000000000,0.000000000,true,true,true
RETF_A,28,28,3,e5-d3-20260713T121337.834860900,302926,1,3088.447000000,2089.421600000,999.025400000,47.813490585,true,true,true
RETF_C,28,28,3,e5-d3-20260713T121337.834860900,302926,5,2066.274100000,2089.421600000,-23.147500000,-1.107842477,true,true,true
RETF_H,28,28,3,e5-d3-20260713T121337.834860900,302926,4,2072.298600000,2089.421600000,-17.123000000,-0.819509093,true,true,true
PP_RETF,29,29,3,e5-d3-20260713T121337.834860900,303026,4,2838.025600000,2062.998500000,775.027100000,37.567991445,true,true,true
Plain_RETF,29,29,3,e5-d3-20260713T121337.834860900,303026,5,2062.998500000,2062.998500000,0.000000000,0.000000000,true,true,true
RETF_A,29,29,3,e5-d3-20260713T121337.834860900,303026,1,2907.172400000,2062.998500000,844.173900000,40.919753456,true,true,true
RETF_C,29,29,3,e5-d3-20260713T121337.834860900,303026,3,2073.595300000,2062.998500000,10.596800000,0.513660092,true,true,true
RETF_H,29,29,3,e5-d3-20260713T121337.834860900,303026,2,2067.449900000,2062.998500000,4.451400000,0.215773303,true,true,true
PP_RETF,30,30,3,e5-d3-20260713T121337.834860900,303126,5,2801.547300000,2057.129900000,744.417400000,36.187184873,true,true,true
Plain_RETF,30,30,3,e5-d3-20260713T121337.834860900,303126,3,2057.129900000,2057.129900000,0.000000000,0.000000000,true,true,true
RETF_A,30,30,3,e5-d3-20260713T121337.834860900,303126,4,2794.465000000,2057.129900000,737.335100000,35.842904233,true,true,true
RETF_C,30,30,3,e5-d3-20260713T121337.834860900,303126,1,2069.608500000,2057.129900000,12.478600000,0.606602432,true,true,true
RETF_H,30,30,3,e5-d3-20260713T121337.834860900,303126,2,2069.031900000,2057.129900000,11.902000000,0.578573089,true,true,true
