variant,run_id,paired_block_id,order_position,deployment_index,deployment_id,seed,warmups_discarded_per_deployment,users,orders,matched_pairs,input_hash,semantic_hash,canonical_result_hash,local_matching_ms,preprocessing_ms,membership_ms,committee_ms,proposal_build_ms,endorsement_ms,ordering_submit_ms,event_wait_ms,finalization_ms,state_query_ms,total_ms,success,error
RETF_C,1,1,1,1,e5-d1-20260713T120859.405885700,102226,1,10,10,8,d8bfcfa49930f8c6342a92076aa5d18e7af8cb236818d1ea1f20baa53ff9cf7f,49684807fa928fbdc17b58079261a4769329607d156c93df4600dd766e27910c,ac2c26e5a5ff725fb8b93b09754e9f6970e8404f391d921f0632a66c1167890d,0.000000000,0.000000000,0.000000000,3.129200000,0.000000000,9.115300000,2.643400000,2046.634100000,2058.392800000,5.621700000,2067.143700000,true,
RETF_H,1,1,2,1,e5-d1-20260713T120859.405885700,102226,1,10,10,8,d8bfcfa49930f8c6342a92076aa5d18e7af8cb236818d1ea1f20baa53ff9cf7f,49684807fa928fbdc17b58079261a4769329607d156c93df4600dd766e27910c,ac2c26e5a5ff725fb8b93b09754e9f6970e8404f391d921f0632a66c1167890d,0.519700000,0.000000000,0.000000000,0.000000000,0.525200000,8.463800000,2.631300000,2050.601600000,2062.221900000,6.073000000,2068.814600000,true,
PP_RETF,1,1,3,1,e5-d1-20260713T120859.405885700,102226,1,10,10,8,d8bfcfa49930f8c6342a92076aa5d18e7af8cb236818d1ea1f20baa53ff9cf7f,49684807fa928fbdc17b58079261a4769329607d156c93df4600dd766e27910c,ac2c26e5a5ff725fb8b93b09754e9f6970e8404f391d921f0632a66c1167890d,0.000000000,0.000000000,461.789700000,3.773800000,0.000000000,288.439000000,10.017400000,2040.762900000,2339.219300000,5.576700000,2811.415800000,true,
RETF_A,1,1,4,1,e5-d1-20260713T120859.405885700,102226,1,10,10,8,d8bfcfa49930f8c6342a92076aa5d18e7af8cb236818d1ea1f20baa53ff9cf7f,49684807fa928fbdc17b58079261a4769329607d156c93df4600dd766e27910c,ac2c26e5a5ff725fb8b93b09754e9f6970e8404f391d921f0632a66c1167890d,0.509900000,0.000000000,432.895400000,0.000000000,0.000000000,290.206000000,3.185800000,2045.387100000,2338.778900000,5.984300000,2778.700700000,true,
Plain_RETF,1,1,5,1,e5-d1-20260713T120859.405885700,102226,1,10,10,8,d8bfcfa49930f8c6342a92076aa5d18e7af8cb236818d1ea1f20baa53ff9cf7f,49684807fa928fbdc17b58079261a4769329607d156c93df4600dd766e27910c,ac2c26e5a5ff725fb8b93b09754e9f6970e8404f391d921f0632a66c1167890d,0.527400000,0.000000000,0.000000000,0.000000000,0.000000000,8.982700000,2.108400000,2043.935300000,2055.026400000,6.934900000,2062.488700000,true,
Plain_RETF,2,2,1,1,e5-d1-20260713T120859.405885700,102326,1,10,10,8,6762357dd9c4234c91de2035f04401ed1ccd5cef15b482304256f98c4493c08c,b3b9635f571f7b09a4ae3db1194b2083eaf7ae2e4b49186f4166d6fdc28e31f7,9d269ce70a91b1765460eaf0919523958050ddbd961f96e790986d8aabd87c8d,0.542700000,0.000000000,0.000000000,0.000000000,0.000000000,10.017000000,4.303500000,2048.750500000,2063.071000000,6.377100000,2070.536200000,true,
RETF_A,2,2,2,1,e5-d1-20260713T120859.405885700,102326,1,10,10,8,6762357dd9c4234c91de2035f04401ed1ccd5cef15b482304256f98c4493c08c,b3b9635f571f7b09a4ae3db1194b2083eaf7ae2e4b49186f4166d6fdc28e31f7,9d269ce70a91b1765460eaf0919523958050ddbd961f96e790986d8aabd87c8d,0.531400000,0.000000000,457.280700000,0.000000000,0.000000000,284.336400000,2.657700000,2043.346900000,2330.341000000,6.139000000,2794.292100000,true,
PP_RETF,2,2,3,1,e5-d1-20260713T120859.405885700,102326,1,10,10,8,6762357dd9c4234c91de2035f04401ed1ccd5cef15b482304256f98c4493c08c,b3b9635f571f7b09a4ae3db1194b2083eaf7ae2e4b49186f4166d6fdc28e31f7,9d269ce70a91b1765460eaf0919523958050ddbd961f96e790986d8aabd87c8d,0.000000000,0.000000000,431.411800000,3.767500000,0.000000000,297.498500000,3.692800000,2048.921900000,2350.113200000,5.342800000,2791.661000000,true,
RETF_H,2,2,4,1,e5-d1-20260713T120859.405885700,102326,1,10,10,8,6762357dd9c4234c91de2035f04401ed1ccd5cef15b482304256f98c4493c08c,b3b9635f571f7b09a4ae3db1194b2083eaf7ae2e4b49186f4166d6fdc28e31f7,9d269ce70a91b1765460eaf0919523958050ddbd961f96e790986d8aabd87c8d,0.528500000,0.000000000,0.000000000,0.000000000,0.000000000,7.390800000,2.202000000,2051.326200000,2060.919000000,6.985300000,2068.432800000,true,
RETF_C,2,2,5,1,e5-d1-20260713T120859.405885700,102326,1,10,10,8,6762357dd9c4234c91de2035f04401ed1ccd5cef15b482304256f98c4493c08c,b3b9635f571f7b09a4ae3db1194b2083eaf7ae2e4b49186f4166d6fdc28e31f7,9d269ce70a91b1765460eaf0919523958050ddbd961f96e790986d8aabd87c8d,0.000000000,0.000000000,0.000000000,5.301600000,0.000000000,9.526100000,4.273100000,2046.674900000,2060.474100000,5.774700000,2071.550400000,true,
PP_RETF,3,3,1,1,e5-d1-20260713T120859.405885700,102426,1,10,10,8,6e0504b50ac9778c71607b13b4d21d51e0e29ec9647f342a0becbc5b66448d51,1031da69a00358364e82f6949a93a17033b62f10a3fd22a372a0d12b2a9fedc4,547b597dc80752115b752f92e9d3560030f160f2cf43d5da63e10cd7ec3340b4,0.000000000,0.000000000,529.128400000,4.380200000,0.000000000,305.462600000,3.672800000,2050.861600000,2359.997000000,6.049100000,2899.554700000,true,
RETF_H,3,3,2,1,e5-d1-20260713T120859.405885700,102426,1,10,10,8,6e0504b50ac9778c71607b13b4d21d51e0e29ec9647f342a0becbc5b66448d51,1031da69a00358364e82f6949a93a17033b62f10a3fd22a372a0d12b2a9fedc4,547b597dc80752115b752f92e9d3560030f160f2cf43d5da63e10cd7ec3340b4,0.526600000,0.000000000,0.000000000,0.000000000,0.000000000,7.528600000,2.134700000,2048.031700000,2057.695000000,5.862800000,2064.084400000,true,
RETF_A,3,3,3,1,e5-d1-20260713T120859.405885700,102426,1,10,10,8,6e0504b50ac9778c71607b13b4d21d51e0e29ec9647f342a0becbc5b66448d51,1031da69a00358364e82f6949a93a17033b62f10a3fd22a372a0d12b2a9fedc4,547b597dc80752115b752f92e9d3560030f160f2cf43d5da63e10cd7ec3340b4,0.506100000,0.000000000,459.941700000,0.000000000,0.000000000,298.569700000,2.636500000,2045.161000000,2346.367200000,6.355200000,2813.170200000,true,
RETF_C,3,3,4,1,e5-d1-20260713T120859.405885700,102426,1,10,10,8,6e0504b50ac9778c71607b13b4d21d51e0e29ec9647f342a0becbc5b66448d51,1031da69a00358364e82f6949a93a17033b62f10a3fd22a372a0d12b2a9fedc4,547b597dc80752115b752f92e9d3560030f160f2cf43d5da63e10cd7ec3340b4,0.000000000,0.000000000,0.000000000,5.465000000,0.000000000,9.377000000,2.651800000,2048.151500000,2060.180300000,5.245600000,2070.890900000,true,
Plain_RETF,3,3,5,1,e5-d1-20260713T120859.405885700,102426,1,10,10,8,6e0504b50ac9778c71607b13b4d21d51e0e29ec9647f342a0becbc5b66448d51,1031da69a00358364e82f6949a93a17033b62f10a3fd22a372a0d12b2a9fedc4,547b597dc80752115b752f92e9d3560030f160f2cf43d5da63e10cd7ec3340b4,0.527900000,0.000000000,0.000000000,0.000000000,0.000000000,7.498200000,2.103600000,2047.827800000,2057.429600000,5.335900000,2063.293400000,true,
Plain_RETF,4,4,1,1,e5-d1-20260713T120859.405885700,102526,1,10,10,8,8a297e2559830961a88b4f11f0785f42cca45f4714239e7a330c0c48759a2e36,b85d63c29af74f4fa23378a7db6e15d13e6820d782932aab11663caae0bd75ae,6639f06278558e8743a7b758bcc0bb6f712d1765fc2835c18988bbd9ab1a5216,0.532600000,0.000000000,0.000000000,0.000000000,0.529000000,6.847500000,4.816400000,2053.442500000,2065.635400000,8.547500000,2074.715500000,true,
RETF_C,4,4,2,1,e5-d1-20260713T120859.405885700,102526,1,10,10,8,8a297e2559830961a88b4f11f0785f42cca45f4714239e7a330c0c48759a2e36,b85d63c29af74f4fa23378a7db6e15d13e6820d782932aab11663caae0bd75ae,6639f06278558e8743a7b758bcc0bb6f712d1765fc2835c18988bbd9ab1a5216,0.000000000,0.000000000,0.000000000,8.450300000,0.000000000,14.143200000,2.927600000,2057.857000000,2074.927800000,6.804200000,2090.704100000,true,
PP_RETF,4,4,3,1,e5-d1-20260713T120859.405885700,102526,1,10,10,8,8a297e2559830961a88b4f11f0785f42cca45f4714239e7a330c0c48759a2e36,b85d63c29af74f4fa23378a7db6e15d13e6820d782932aab11663caae0bd75ae,6639f06278558e8743a7b758bcc0bb6f712d1765fc2835c18988bbd9ab1a5216,0.000000000,0.000000000,508.752400000,5.357300000,0.000000000,308.618700000,3.325700000,2047.124800000,2359.069200000,6.403900000,2879.582800000,true,
RETF_A,4,4,4,1,e5-d1-20260713T120859.405885700,102526,1,10,10,8,8a297e2559830961a88b4f11f0785f42cca45f4714239e7a330c0c48759a2e36,b85d63c29af74f4fa23378a7db6e15d13e6820d782932aab11663caae0bd75ae,6639f06278558e8743a7b758bcc0bb6f712d1765fc2835c18988bbd9ab1a5216,0.507100000,0.000000000,440.918100000,0.000000000,0.000000000,412.569100000,6.269100000,2056.187500000,2475.025700000,8.822100000,2925.806500000,true,
RETF_H,4,4,5,1,e5-d1-20260713T120859.405885700,102526,1,10,10,8,8a297e2559830961a88b4f11f0785f42cca45f4714239e7a330c0c48759a2e36,b85d63c29af74f4fa23378a7db6e15d13e6820d782932aab11663caae0bd75ae,6639f06278558e8743a7b758bcc0bb6f712d1765fc2835c18988bbd9ab1a5216,0.000000000,0.542900000,0.000000000,0.000000000,0.000000000,10.870700000,3.800500000,2070.969600000,2085.640800000,8.722900000,2095.436700000,true,
RETF_C,5,5,1,1,e5-d1-20260713T120859.405885700,102626,1,10,10,8,7d5f1ab2ae2ee3a615574cf488d762e0838c2676cef6185526f2b6440e7baa80,f47c5d87824b6fe6ee4789569f279f7aada7df9f474f68c98aaf8c59504f8701,14f18f696d3f6ac57f3f5b2c25f6e5844ca6654b5a4dae4829fefe3d1a7d9e42,0.000000000,0.000000000,0.000000000,5.601600000,0.000000000,12.245500000,3.196200000,2041.704800000,2057.146500000,6.181900000,2068.930000000,true,
RETF_H,5,5,2,1,e5-d1-20260713T120859.405885700,102626,1,10,10,8,7d5f1ab2ae2ee3a615574cf488d762e0838c2676cef6185526f2b6440e7baa80,f47c5d87824b6fe6ee4789569f279f7aada7df9f474f68c98aaf8c59504f8701,14f18f696d3f6ac57f3f5b2c25f6e5844ca6654b5a4dae4829fefe3d1a7d9e42,0.539100000,0.000000000,0.000000000,0.000000000,0.000000000,7.863100000,2.103600000,2049.827700000,2059.794400000,5.825300000,2066.158800000,true,
RETF_A,5,5,3,1,e5-d1-20260713T120859.405885700,102626,1,10,10,8,7d5f1ab2ae2ee3a615574cf488d762e0838c2676cef6185526f2b6440e7baa80,f47c5d87824b6fe6ee4789569f279f7aada7df9f474f68c98aaf8c59504f8701,14f18f696d3f6ac57f3f5b2c25f6e5844ca6654b5a4dae4829fefe3d1a7d9e42,0.739300000,0.000000000,431.234300000,0.000000000,0.000000000,287.259100000,2.144900000,2042.382700000,2331.786700000,6.026900000,2770.324200000,true,
PP_RETF,5,5,4,1,e5-d1-20260713T120859.405885700,102626,1,10,10,8,7d5f1ab2ae2ee3a615574cf488d762e0838c2676cef6185526f2b6440e7baa80,f47c5d87824b6fe6ee4789569f279f7aada7df9f474f68c98aaf8c59504f8701,14f18f696d3f6ac57f3f5b2c25f6e5844ca6654b5a4dae4829fefe3d1a7d9e42,0.000000000,0.000000000,432.882900000,3.629300000,0.000000000,290.447200000,3.174500000,2042.172200000,2335.793900000,4.842700000,2777.679800000,true,
Plain_RETF,5,5,5,1,e5-d1-20260713T120859.405885700,102626,1,10,10,8,7d5f1ab2ae2ee3a615574cf488d762e0838c2676cef6185526f2b6440e7baa80,f47c5d87824b6fe6ee4789569f279f7aada7df9f474f68c98aaf8c59504f8701,14f18f696d3f6ac57f3f5b2c25f6e5844ca6654b5a4dae4829fefe3d1a7d9e42,0.515700000,0.000000000,0.000000000,0.000000000,0.000000000,6.365200000,3.150600000,2049.487200000,2059.003000000,5.319000000,2064.837700000,true,
Plain_RETF,6,6,1,1,e5-d1-20260713T120859.405885700,102726,1,10,10,8,db7bed1c28c3938588fe00fbb3f166b8593cdab09e1ff77ecf643b696123424e,534b57d3b6880920ea62821582b5058c42c0272bb2cacc067bcb5bfd6af9b60b,0a1ebfa845f03b454242f9b2042a91702d6b565142bf23789dd31182b27cbd35,0.523800000,0.000000000,0.000000000,0.000000000,0.000000000,7.441000000,2.108200000,2045.010200000,2054.559400000,5.589500000,2060.672700000,true,
RETF_C,6,6,2,1,e5-d1-20260713T120859.405885700,102726,1,10,10,8,db7bed1c28c3938588fe00fbb3f166b8593cdab09e1ff77ecf643b696123424e,534b57d3b6880920ea62821582b5058c42c0272bb2cacc067bcb5bfd6af9b60b,0a1ebfa845f03b454242f9b2042a91702d6b565142bf23789dd31182b27cbd35,0.000000000,0.000000000,0.000000000,3.152900000,0.000000000,7.856600000,3.203000000,2052.400600000,2063.460200000,4.727600000,2071.340700000,true,
PP_RETF,6,6,3,1,e5-d1-20260713T120859.405885700,102726,1,10,10,8,db7bed1c28c3938588fe00fbb3f166b8593cdab09e1ff77ecf643b696123424e,534b57d3b6880920ea62821582b5058c42c0272bb2cacc067bcb5bfd6af9b60b,0a1ebfa845f03b454242f9b2042a91702d6b565142bf23789dd31182b27cbd35,0.000000000,0.000000000,427.120400000,3.898000000,0.000000000,290.113400000,3.596500000,2045.107000000,2338.816900000,5.262100000,2775.097400000,true,
RETF_H,6,6,4,1,e5-d1-20260713T120859.405885700,102726,1,10,10,8,db7bed1c28c3938588fe00fbb3f166b8593cdab09e1ff77ecf643b696123424e,534b57d3b6880920ea62821582b5058c42c0272bb2cacc067bcb5bfd6af9b60b,0a1ebfa845f03b454242f9b2042a91702d6b565142bf23789dd31182b27cbd35,0.525400000,0.000000000,0.000000000,0.000000000,0.000000000,7.986400000,2.112000000,2041.483600000,2051.582000000,5.246200000,2057.353600000,true,
RETF_A,6,6,5,1,e5-d1-20260713T120859.405885700,102726,1,10,10,8,db7bed1c28c3938588fe00fbb3f166b8593cdab09e1ff77ecf643b696123424e,534b57d3b6880920ea62821582b5058c42c0272bb2cacc067bcb5bfd6af9b60b,0a1ebfa845f03b454242f9b2042a91702d6b565142bf23789dd31182b27cbd35,0.504600000,0.000000000,431.622900000,0.000000000,0.000000000,298.873500000,9.455300000,2044.342200000,2352.671000000,6.873200000,2791.671700000,true,
RETF_C,7,7,1,1,e5-d1-20260713T120859.405885700,102826,1,10,10,8,b057f9592ab6e3b6f52154c7683bae5fdd99a3de9a002d3324be4abc8593174c,55aa46b06b86a9819b66bba63a8cee1dbbf0c9a1f31e52894a39669fa695081f,84559a08beff391d21393b93be6a6435e08615a81ec7ebde673e1fcedda5911a,0.000000000,0.000000000,0.000000000,4.230600000,0.000000000,11.781300000,2.690400000,2044.875100000,2059.346800000,5.436100000,2069.013500000,true,
PP_RETF,7,7,2,1,e5-d1-20260713T120859.405885700,102826,1,10,10,8,b057f9592ab6e3b6f52154c7683bae5fdd99a3de9a002d3324be4abc8593174c,55aa46b06b86a9819b66bba63a8cee1dbbf0c9a1f31e52894a39669fa695081f,84559a08beff391d21393b93be6a6435e08615a81ec7ebde673e1fcedda5911a,0.000000000,0.000000000,466.215000000,4.247000000,0.000000000,328.534100000,3.195900000,2044.454300000,2376.184300000,5.341000000,2851.987300000,true,
Plain_RETF,7,7,3,1,e5-d1-20260713T120859.405885700,102826,1,10,10,8,b057f9592ab6e3b6f52154c7683bae5fdd99a3de9a002d3324be4abc8593174c,55aa46b06b86a9819b66bba63a8cee1dbbf0c9a1f31e52894a39669fa695081f,84559a08beff391d21393b93be6a6435e08615a81ec7ebde673e1fcedda5911a,0.598700000,0.000000000,0.000000000,0.000000000,0.000000000,6.982800000,2.632800000,2040.688800000,2050.304400000,5.482800000,2056.385900000,true,
RETF_H,7,7,4,1,e5-d1-20260713T120859.405885700,102826,1,10,10,8,b057f9592ab6e3b6f52154c7683bae5fdd99a3de9a002d3324be4abc8593174c,55aa46b06b86a9819b66bba63a8cee1dbbf0c9a1f31e52894a39669fa695081f,84559a08beff391d21393b93be6a6435e08615a81ec7ebde673e1fcedda5911a,0.512500000,0.000000000,0.000000000,0.000000000,0.000000000,7.957500000,2.645600000,2041.082400000,2051.685500000,5.288300000,2057.486300000,true,
RETF_A,7,7,5,1,e5-d1-20260713T120859.405885700,102826,1,10,10,8,b057f9592ab6e3b6f52154c7683bae5fdd99a3de9a002d3324be4abc8593174c,55aa46b06b86a9819b66bba63a8cee1dbbf0c9a1f31e52894a39669fa695081f,84559a08beff391d21393b93be6a6435e08615a81ec7ebde673e1fcedda5911a,0.546200000,0.000000000,427.673200000,0.000000000,0.000000000,278.763200000,2.674300000,2043.046400000,2324.483900000,5.565800000,2758.269100000,true,
PP_RETF,8,8,1,1,e5-d1-20260713T120859.405885700,102926,1,10,10,8,7afa4ed8a493585c783c79ab750170c6d1af48d5026c2df7b56ab32a76855a15,b09ce41b7964a8f32213f39edc34b15f49eb21e6185355e95a0be11d497881bd,6bd107ec3e843b8fe925e9d47745682007a4970007bc2504d2f3fcf792a4faca,0.000000000,0.000000000,463.180200000,3.678300000,0.000000000,306.867500000,3.953900000,2042.065600000,2352.887000000,4.868300000,2824.613800000,true,
RETF_H,8,8,2,1,e5-d1-20260713T120859.405885700,102926,1,10,10,8,7afa4ed8a493585c783c79ab750170c6d1af48d5026c2df7b56ab32a76855a15,b09ce41b7964a8f32213f39edc34b15f49eb21e6185355e95a0be11d497881bd,6bd107ec3e843b8fe925e9d47745682007a4970007bc2504d2f3fcf792a4faca,0.533800000,0.531300000,0.000000000,0.000000000,0.000000000,6.814600000,2.683600000,2044.235200000,2053.733400000,4.713600000,2059.512100000,true,
RETF_C,8,8,3,1,e5-d1-20260713T120859.405885700,102926,1,10,10,8,7afa4ed8a493585c783c79ab750170c6d1af48d5026c2df7b56ab32a76855a15,b09ce41b7964a8f32213f39edc34b15f49eb21e6185355e95a0be11d497881bd,6bd107ec3e843b8fe925e9d47745682007a4970007bc2504d2f3fcf792a4faca,0.000000000,0.000000000,0.000000000,4.896800000,0.000000000,7.700300000,2.614800000,2051.626100000,2061.941200000,8.824900000,2075.662900000,true,
Plain_RETF,8,8,4,1,e5-d1-20260713T120859.405885700,102926,1,10,10,8,7afa4ed8a493585c783c79ab750170c6d1af48d5026c2df7b56ab32a76855a15,b09ce41b7964a8f32213f39edc34b15f49eb21e6185355e95a0be11d497881bd,6bd107ec3e843b8fe925e9d47745682007a4970007bc2504d2f3fcf792a4faca,0.531000000,0.000000000,0.000000000,0.000000000,0.000000000,10.297500000,3.755800000,2048.446600000,2062.499900000,6.622800000,2070.196200000,true,
RETF_A,8,8,5,1,e5-d1-20260713T120859.405885700,102926,1,10,10,8,7afa4ed8a493585c783c79ab750170c6d1af48d5026c2df7b56ab32a76855a15,b09ce41b7964a8f32213f39edc34b15f49eb21e6185355e95a0be11d497881bd,6bd107ec3e843b8fe925e9d47745682007a4970007bc2504d2f3fcf792a4faca,0.504000000,0.000000000,458.829500000,0.000000000,0.000000000,300.949300000,2.767100000,2042.829500000,2346.545900000,5.201900000,2811.602600000,true,
RETF_C,9,9,1,1,e5-d1-20260713T120859.405885700,103026,1,10,10,8,ca23ace190242f62d6c62f2b8da3e9a96a4b93108ea96ac92f16520ca8663054,0bf67b90fce1bd4813efcc5636965663f04a7f2d895472c05a2515621cd9d97f,c7561f1db52a116bcd97c4879c41a02ab5ae78020e610a6e9babfb3024b7250c,0.000000000,0.000000000,0.000000000,4.821700000,0.000000000,8.509200000,2.097500000,2043.895700000,2054.502400000,6.036700000,2065.360800000,true,
RETF_H,9,9,2,1,e5-d1-20260713T120859.405885700,103026,1,10,10,8,ca23ace190242f62d6c62f2b8da3e9a96a4b93108ea96ac92f16520ca8663054,0bf67b90fce1bd4813efcc5636965663f04a7f2d895472c05a2515621cd9d97f,c7561f1db52a116bcd97c4879c41a02ab5ae78020e610a6e9babfb3024b7250c,0.521800000,0.000000000,0.000000000,0.000000000,0.000000000,8.507000000,3.734600000,2043.955800000,2056.197400000,5.345100000,2062.064300000,true,
PP_RETF,9,9,3,1,e5-d1-20260713T120859.405885700,103026,1,10,10,8,ca23ace190242f62d6c62f2b8da3e9a96a4b93108ea96ac92f16520ca8663054,0bf67b90fce1bd4813efcc5636965663f04a7f2d895472c05a2515621cd9d97f,c7561f1db52a116bcd97c4879c41a02ab5ae78020e610a6e9babfb3024b7250c,0.000000000,0.000000000,438.358500000,5.392900000,0.000000000,294.811100000,3.160700000,2044.145200000,2342.117000000,5.964500000,2792.894900000,true,
RETF_A,9,9,4,1,e5-d1-20260713T120859.405885700,103026,1,10,10,8,ca23ace190242f62d6c62f2b8da3e9a96a4b93108ea96ac92f16520ca8663054,0bf67b90fce1bd4813efcc5636965663f04a7f2d895472c05a2515621cd9d97f,c7561f1db52a116bcd97c4879c41a02ab5ae78020e610a6e9babfb3024b7250c,0.505600000,0.000000000,438.137300000,0.000000000,0.000000000,290.739500000,3.221000000,2045.914000000,2339.874500000,5.792900000,2784.310300000,true,
Plain_RETF,9,9,5,1,e5-d1-20260713T120859.405885700,103026,1,10,10,8,ca23ace190242f62d6c62f2b8da3e9a96a4b93108ea96ac92f16520ca8663054,0bf67b90fce1bd4813efcc5636965663f04a7f2d895472c05a2515621cd9d97f,c7561f1db52a116bcd97c4879c41a02ab5ae78020e610a6e9babfb3024b7250c,0.532200000,0.000000000,0.000000000,0.000000000,0.000000000,7.953100000,2.120800000,2040.014200000,2050.088100000,5.282000000,2056.502300000,true,
Plain_RETF,10,10,1,1,e5-d1-20260713T120859.405885700,103126,1,10,10,8,223db683ad4e5c0e0b686f5f7531b25c34b359d770dd849be3e115047dfd88d8,4920506474c46b93a2580bd54de9393ef3615a1e5dc9bf32da5969f966bcab0d,954f33be45f59fd2519ff3e0f8ba1efa9b0e745463d82749c702948a9358d501,0.528300000,0.000000000,0.000000000,0.000000000,0.000000000,6.798800000,2.666200000,2040.910400000,2050.375400000,5.260700000,2056.164400000,true,
RETF_A,10,10,2,1,e5-d1-20260713T120859.405885700,103126,1,10,10,8,223db683ad4e5c0e0b686f5f7531b25c34b359d770dd849be3e115047dfd88d8,4920506474c46b93a2580bd54de9393ef3615a1e5dc9bf32da5969f966bcab0d,954f33be45f59fd2519ff3e0f8ba1efa9b0e745463d82749c702948a9358d501,0.517200000,0.000000000,486.864600000,0.000000000,0.518900000,319.189300000,4.371400000,2044.137200000,2368.216800000,6.443400000,2862.042000000,true,
PP_RETF,10,10,3,1,e5-d1-20260713T120859.405885700,103126,1,10,10,8,223db683ad4e5c0e0b686f5f7531b25c34b359d770dd849be3e115047dfd88d8,4920506474c46b93a2580bd54de9393ef3615a1e5dc9bf32da5969f966bcab0d,954f33be45f59fd2519ff3e0f8ba1efa9b0e745463d82749c702948a9358d501,0.000000000,0.537300000,477.430400000,5.423400000,0.670700000,341.745200000,3.234000000,2053.938800000,2399.588700000,6.433200000,2889.957000000,true,
RETF_C,10,10,4,1,e5-d1-20260713T120859.405885700,103126,1,10,10,8,223db683ad4e5c0e0b686f5f7531b25c34b359d770dd849be3e115047dfd88d8,4920506474c46b93a2580bd54de9393ef3615a1e5dc9bf32da5969f966bcab0d,954f33be45f59fd2519ff3e0f8ba1efa9b0e745463d82749c702948a9358d501,0.000000000,0.000000000,0.000000000,7.770900000,0.000000000,10.040300000,2.655900000,2044.016400000,2056.712600000,5.991800000,2071.008300000,true,
RETF_H,10,10,5,1,e5-d1-20260713T120859.405885700,103126,1,10,10,8,223db683ad4e5c0e0b686f5f7531b25c34b359d770dd849be3e115047dfd88d8,4920506474c46b93a2580bd54de9393ef3615a1e5dc9bf32da5969f966bcab0d,954f33be45f59fd2519ff3e0f8ba1efa9b0e745463d82749c702948a9358d501,0.532500000,0.000000000,0.000000000,0.000000000,0.000000000,7.530400000,2.642700000,2047.462500000,2057.635600000,5.228100000,2063.396200000,true,
RETF_C,11,11,1,2,e5-d2-20260713T121119.183794400,202226,1,10,10,8,cda9af53522612f118adf7803ae5f5fbc8aabcb961d3a8f751021ba314ef2661,b1c8009af9e09e3cc6e5aaf99bc3b9bb500e4381f71b1830b7e506c395cf8c5f,7c48a1f04acd2d5f40ff66023da2cac49b47f114984fa458d2938a645830470a,0.000000000,0.000000000,0.000000000,3.754200000,0.000000000,8.062200000,2.621600000,2048.432600000,2059.116400000,4.726400000,2068.133900000,true,
RETF_H,11,11,2,2,e5-d2-20260713T121119.183794400,202226,1,10,10,8,cda9af53522612f118adf7803ae5f5fbc8aabcb961d3a8f751021ba314ef2661,b1c8009af9e09e3cc6e5aaf99bc3b9bb500e4381f71b1830b7e506c395cf8c5f,7c48a1f04acd2d5f40ff66023da2cac49b47f114984fa458d2938a645830470a,0.522300000,0.000000000,0.000000000,0.000000000,0.531200000,6.376300000,2.705700000,2040.927700000,2050.540900000,5.677700000,2056.740900000,true,
Plain_RETF,11,11,3,2,e5-d2-20260713T121119.183794400,202226,1,10,10,8,cda9af53522612f118adf7803ae5f5fbc8aabcb961d3a8f751021ba314ef2661,b1c8009af9e09e3cc6e5aaf99bc3b9bb500e4381f71b1830b7e506c395cf8c5f,7c48a1f04acd2d5f40ff66023da2cac49b47f114984fa458d2938a645830470a,0.523400000,0.000000000,0.000000000,0.000000000,0.000000000,6.353800000,2.222200000,2050.366200000,2058.942200000,5.509800000,2064.975400000,true,
PP_RETF,11,11,4,2,e5-d2-20260713T121119.183794400,202226,1,10,10,8,cda9af53522612f118adf7803ae5f5fbc8aabcb961d3a8f751021ba314ef2661,b1c8009af9e09e3cc6e5aaf99bc3b9bb500e4381f71b1830b7e506c395cf8c5f,7c48a1f04acd2d5f40ff66023da2cac49b47f114984fa458d2938a645830470a,0.000000000,0.000000000,429.953400000,3.223700000,0.527300000,290.677900000,10.019700000,2050.873400000,2352.098300000,5.889500000,2791.688900000,true,
RETF_A,11,11,5,2,e5-d2-20260713T121119.183794400,202226,1,10,10,8,cda9af53522612f118adf7803ae5f5fbc8aabcb961d3a8f751021ba314ef2661,b1c8009af9e09e3cc6e5aaf99bc3b9bb500e4381f71b1830b7e506c395cf8c5f,7c48a1f04acd2d5f40ff66023da2cac49b47f114984fa458d2938a645830470a,0.511200000,0.000000000,436.329000000,0.000000000,0.000000000,299.099000000,3.194400000,2046.116000000,2348.409400000,5.475500000,2791.238900000,true,
RETF_A,12,12,1,2,e5-d2-20260713T121119.183794400,202326,1,10,10,8,905ac9675626409dc53bd59ec3f20bf26ccd6905f8823eadae18b1687992f964,f2558b9af763b3941208eef3850550b0cf8e02a45e2853d744dee4c0da529e69,24d40ab2e43dbd1074b1f8cf443b33fd266cc9a81210f24aff4c28e34aa78496,0.705300000,0.000000000,457.288700000,0.000000000,0.000000000,299.168900000,3.189000000,2053.196700000,2355.554600000,5.488300000,2819.572500000,true,
RETF_C,12,12,2,2,e5-d2-20260713T121119.183794400,202326,1,10,10,8,905ac9675626409dc53bd59ec3f20bf26ccd6905f8823eadae18b1687992f964,f2558b9af763b3941208eef3850550b0cf8e02a45e2853d744dee4c0da529e69,24d40ab2e43dbd1074b1f8cf443b33fd266cc9a81210f24aff4c28e34aa78496,0.000000000,0.000000000,0.000000000,3.702300000,0.000000000,8.012100000,2.102300000,2048.191000000,2058.305400000,4.690500000,2066.698200000,true,
PP_RETF,12,12,3,2,e5-d2-20260713T121119.183794400,202326,1,10,10,8,905ac9675626409dc53bd59ec3f20bf26ccd6905f8823eadae18b1687992f964,f2558b9af763b3941208eef3850550b0cf8e02a45e2853d744dee4c0da529e69,24d40ab2e43dbd1074b1f8cf443b33fd266cc9a81210f24aff4c28e34aa78496,0.000000000,0.000000000,430.375200000,3.798100000,0.000000000,292.376200000,10.581400000,2038.320100000,2341.277700000,5.515500000,2780.966500000,true,
Plain_RETF,12,12,4,2,e5-d2-20260713T121119.183794400,202326,1,10,10,8,905ac9675626409dc53bd59ec3f20bf26ccd6905f8823eadae18b1687992f964,f2558b9af763b3941208eef3850550b0cf8e02a45e2853d744dee4c0da529e69,24d40ab2e43dbd1074b1f8cf443b33fd266cc9a81210f24aff4c28e34aa78496,0.526200000,0.000000000,0.000000000,0.000000000,0.000000000,6.476100000,2.122000000,2057.302000000,2065.900100000,6.045800000,2072.472100000,true,
RETF_H,12,12,5,2,e5-d2-20260713T121119.183794400,202326,1,10,10,8,905ac9675626409dc53bd59ec3f20bf26ccd6905f8823eadae18b1687992f964,f2558b9af763b3941208eef3850550b0cf8e02a45e2853d744dee4c0da529e69,24d40ab2e43dbd1074b1f8cf443b33fd266cc9a81210f24aff4c28e34aa78496,1.662300000,0.000000000,0.000000000,0.000000000,0.000000000,8.450600000,3.321200000,2047.458500000,2059.230300000,5.502800000,2066.395400000,true,
RETF_H,13,13,1,2,e5-d2-20260713T121119.183794400,202426,1,10,10,8,a5118b542c1ae7c6ed71bedf321d6810c01834eeacb409ecbb121bae862a6f31,e589a2f647e0d1e957991c317dd71400e58a7f06f777665457e12d1c8cbeb916,cfe7307ec758af8beeb10545110f10fe92bb85aef86feb9a84b62bafaeb18e25,0.521000000,0.000000000,0.000000000,0.000000000,0.000000000,8.061300000,2.135600000,2046.737800000,2056.934700000,5.474100000,2062.929800000,true,
RETF_C,13,13,2,2,e5-d2-20260713T121119.183794400,202426,1,10,10,8,a5118b542c1ae7c6ed71bedf321d6810c01834eeacb409ecbb121bae862a6f31,e589a2f647e0d1e957991c317dd71400e58a7f06f777665457e12d1c8cbeb916,cfe7307ec758af8beeb10545110f10fe92bb85aef86feb9a84b62bafaeb18e25,0.000000000,0.000000000,0.000000000,4.326600000,0.000000000,7.759200000,2.145200000,2045.711000000,2055.615400000,4.712800000,2064.654800000,true,
RETF_A,13,13,3,2,e5-d2-20260713T121119.183794400,202426,1,10,10,8,a5118b542c1ae7c6ed71bedf321d6810c01834eeacb409ecbb121bae862a6f31,e589a2f647e0d1e957991c317dd71400e58a7f06f777665457e12d1c8cbeb916,cfe7307ec758af8beeb10545110f10fe92bb85aef86feb9a84b62bafaeb18e25,0.504100000,0.000000000,429.201300000,0.000000000,0.000000000,285.831600000,2.113800000,2040.668400000,2328.613800000,5.528800000,2763.848000000,true,
Plain_RETF,13,13,4,2,e5-d2-20260713T121119.183794400,202426,1,10,10,8,a5118b542c1ae7c6ed71bedf321d6810c01834eeacb409ecbb121bae862a6f31,e589a2f647e0d1e957991c317dd71400e58a7f06f777665457e12d1c8cbeb916,cfe7307ec758af8beeb10545110f10fe92bb85aef86feb9a84b62bafaeb18e25,0.525900000,0.000000000,0.000000000,0.000000000,0.000000000,7.430700000,2.108400000,2046.145600000,2055.684700000,5.252000000,2061.462600000,true,
PP_RETF,13,13,5,2,e5-d2-20260713T121119.183794400,202426,1,10,10,8,a5118b542c1ae7c6ed71bedf321d6810c01834eeacb409ecbb121bae862a6f31,e589a2f647e0d1e957991c317dd71400e58a7f06f777665457e12d1c8cbeb916,cfe7307ec758af8beeb10545110f10fe92bb85aef86feb9a84b62bafaeb18e25,0.000000000,0.000000000,451.059800000,3.896400000,0.000000000,293.997600000,2.645900000,2041.649200000,2338.292700000,5.826200000,2799.599400000,true,
RETF_A,14,14,1,2,e5-d2-20260713T121119.183794400,202526,1,10,10,8,3e86846eadb36e9ad0c7d517ddb74bfd885d75c7d4ebf69b50b15a1584e55357,761c184af465b9d197959772ce46f08cb1df41961fc37a5c452aa69fc0b2416d,1b5a35f052642c83e3540ea1cb73e34b4ad67f938f7e3c14e763f62ed5f7f094,1.682000000,0.000000000,475.670900000,0.000000000,0.543100000,331.320100000,4.352300000,2036.148800000,2372.364300000,5.311600000,2855.028800000,true,
RETF_C,14,14,2,2,e5-d2-20260713T121119.183794400,202526,1,10,10,8,3e86846eadb36e9ad0c7d517ddb74bfd885d75c7d4ebf69b50b15a1584e55357,761c184af465b9d197959772ce46f08cb1df41961fc37a5c452aa69fc0b2416d,1b5a35f052642c83e3540ea1cb73e34b4ad67f938f7e3c14e763f62ed5f7f094,0.000000000,0.000000000,0.000000000,3.676400000,0.000000000,8.004200000,2.649500000,2048.382200000,2059.035900000,5.325800000,2068.038100000,true,
RETF_H,14,14,3,2,e5-d2-20260713T121119.183794400,202526,1,10,10,8,3e86846eadb36e9ad0c7d517ddb74bfd885d75c7d4ebf69b50b15a1584e55357,761c184af465b9d197959772ce46f08cb1df41961fc37a5c452aa69fc0b2416d,1b5a35f052642c83e3540ea1cb73e34b4ad67f938f7e3c14e763f62ed5f7f094,0.000000000,0.524600000,0.000000000,0.000000000,0.530700000,7.531500000,2.122900000,2040.820200000,2051.005300000,5.917300000,2057.447200000,true,
Plain_RETF,14,14,4,2,e5-d2-20260713T121119.183794400,202526,1,10,10,8,3e86846eadb36e9ad0c7d517ddb74bfd885d75c7d4ebf69b50b15a1584e55357,761c184af465b9d197959772ce46f08cb1df41961fc37a5c452aa69fc0b2416d,1b5a35f052642c83e3540ea1cb73e34b4ad67f938f7e3c14e763f62ed5f7f094,0.000000000,0.000000000,0.000000000,0.000000000,0.000000000,6.360200000,2.134400000,2037.587600000,2046.082200000,5.252100000,2051.844800000,true,
PP_RETF,14,14,5,2,e5-d2-20260713T121119.183794400,202526,1,10,10,8,3e86846eadb36e9ad0c7d517ddb74bfd885d75c7d4ebf69b50b15a1584e55357,761c184af465b9d197959772ce46f08cb1df41961fc37a5c452aa69fc0b2416d,1b5a35f052642c83e3540ea1cb73e34b4ad67f938f7e3c14e763f62ed5f7f094,0.000000000,0.000000000,445.382000000,4.389800000,0.000000000,292.754300000,3.530600000,2046.057800000,2342.342700000,5.886100000,2798.000600000,true,
RETF_A,15,15,1,2,e5-d2-20260713T121119.183794400,202626,1,10,10,8,8fd8bce097369538926db1ec5fa8668b9ee50e089b4857ec1aa90e43de9e33ed,2f46c106e4cbb9f5dd3a0d8d4608914cd8c8c31ce164f711b6379c216fa375d7,6968009800756717466849cef849e375dc5d56a5dd27d5d79358b76adcb50a56,0.505700000,0.000000000,461.147700000,0.000000000,0.000000000,300.573500000,3.711300000,2046.288600000,2350.573400000,5.290100000,2817.516900000,true,
RETF_H,15,15,2,2,e5-d2-20260713T121119.183794400,202626,1,10,10,8,8fd8bce097369538926db1ec5fa8668b9ee50e089b4857ec1aa90e43de9e33ed,2f46c106e4cbb9f5dd3a0d8d4608914cd8c8c31ce164f711b6379c216fa375d7,6968009800756717466849cef849e375dc5d56a5dd27d5d79358b76adcb50a56,0.528400000,0.000000000,0.000000000,0.000000000,0.000000000,7.452800000,2.101400000,2041.626900000,2051.181100000,5.333600000,2057.043100000,true,
RETF_C,15,15,3,2,e5-d2-20260713T121119.183794400,202626,1,10,10,8,8fd8bce097369538926db1ec5fa8668b9ee50e089b4857ec1aa90e43de9e33ed,2f46c106e4cbb9f5dd3a0d8d4608914cd8c8c31ce164f711b6379c216fa375d7,6968009800756717466849cef849e375dc5d56a5dd27d5d79358b76adcb50a56,0.000000000,0.000000000,0.000000000,3.755800000,0.000000000,6.837300000,3.214900000,2046.405500000,2056.457700000,5.339400000,2065.552900000,true,
Plain_RETF,15,15,4,2,e5-d2-20260713T121119.183794400,202626,1,10,10,8,8fd8bce097369538926db1ec5fa8668b9ee50e089b4857ec1aa90e43de9e33ed,2f46c106e4cbb9f5dd3a0d8d4608914cd8c8c31ce164f711b6379c216fa375d7,6968009800756717466849cef849e375dc5d56a5dd27d5d79358b76adcb50a56,0.528700000,0.000000000,0.000000000,0.000000000,0.000000000,5.891400000,2.717600000,2039.068000000,2047.677000000,5.237200000,2053.442900000,true,
PP_RETF,15,15,5,2,e5-d2-20260713T121119.183794400,202626,1,10,10,8,8fd8bce097369538926db1ec5fa8668b9ee50e089b4857ec1aa90e43de9e33ed,2f46c106e4cbb9f5dd3a0d8d4608914cd8c8c31ce164f711b6379c216fa375d7,6968009800756717466849cef849e375dc5d56a5dd27d5d79358b76adcb50a56,0.000000000,0.000000000,433.240500000,5.445900000,0.000000000,290.198600000,2.632100000,2043.226900000,2336.057600000,5.962800000,2780.706800000,true,
RETF_C,16,16,1,2,e5-d2-20260713T121119.183794400,202726,1,10,10,8,95de89e485a1557c6a1fef7b8413d32905d00f10d762febb134f3a0dbfe0f3fa,0a22267de3404b6e996356893b3a112e9701c3cd12db5843e8ea2ae4771a4489,37975459c68488fd310e2b51d8f598f499aab9042d5768843b8a81eebc33512b,0.000000000,0.000000000,0.000000000,3.815400000,0.549400000,8.359100000,2.120100000,2044.134400000,2055.163000000,5.782400000,2064.760800000,true,
Plain_RETF,16,16,2,2,e5-d2-20260713T121119.183794400,202726,1,10,10,8,95de89e485a1557c6a1fef7b8413d32905d00f10d762febb134f3a0dbfe0f3fa,0a22267de3404b6e996356893b3a112e9701c3cd12db5843e8ea2ae4771a4489,37975459c68488fd310e2b51d8f598f499aab9042d5768843b8a81eebc33512b,0.524100000,0.000000000,0.000000000,0.000000000,0.000000000,7.540700000,3.184400000,2045.431100000,2056.156200000,5.329600000,2062.009900000,true,
PP_RETF,16,16,3,2,e5-d2-20260713T121119.183794400,202726,1,10,10,8,95de89e485a1557c6a1fef7b8413d32905d00f10d762febb134f3a0dbfe0f3fa,0a22267de3404b6e996356893b3a112e9701c3cd12db5843e8ea2ae4771a4489,37975459c68488fd310e2b51d8f598f499aab9042d5768843b8a81eebc33512b,0.000000000,0.000000000,438.775600000,3.180700000,0.000000000,289.437700000,3.288200000,2047.093600000,2339.819500000,5.356700000,2787.132500000,true,
RETF_A,16,16,4,2,e5-d2-20260713T121119.183794400,202726,1,10,10,8,95de89e485a1557c6a1fef7b8413d32905d00f10d762febb134f3a0dbfe0f3fa,0a22267de3404b6e996356893b3a112e9701c3cd12db5843e8ea2ae4771a4489,37975459c68488fd310e2b51d8f598f499aab9042d5768843b8a81eebc33512b,0.569700000,0.000000000,430.223900000,0.000000000,0.000000000,288.663700000,2.134500000,2044.878200000,2335.676400000,5.354700000,2772.360500000,true,
RETF_H,16,16,5,2,e5-d2-20260713T121119.183794400,202726,1,10,10,8,95de89e485a1557c6a1fef7b8413d32905d00f10d762febb134f3a0dbfe0f3fa,0a22267de3404b6e996356893b3a112e9701c3cd12db5843e8ea2ae4771a4489,37975459c68488fd310e2b51d8f598f499aab9042d5768843b8a81eebc33512b,0.528700000,0.000000000,0.000000000,0.000000000,0.000000000,6.890600000,1.584800000,2043.478500000,2051.953900000,4.708300000,2057.190900000,true,
PP_RETF,17,17,1,2,e5-d2-20260713T121119.183794400,202826,1,10,10,8,ecc600388cfb58f872e06f05060ab157d2353402d02de220606ae49e654e1fb9,28de3078c100d9cef4c0640815f2b3d154360a2b6cd9220b062c14ee40b13c07,08700506bc9c04cd03b77a7b0f515f78ca52471c6a27be7856c485308f2a98f9,0.000000000,0.000000000,467.108900000,4.903500000,0.526800000,306.828600000,2.643000000,2047.366700000,2357.365100000,4.680900000,2834.577900000,true,
RETF_H,17,17,2,2,e5-d2-20260713T121119.183794400,202826,1,10,10,8,ecc600388cfb58f872e06f05060ab157d2353402d02de220606ae49e654e1fb9,28de3078c100d9cef4c0640815f2b3d154360a2b6cd9220b062c14ee40b13c07,08700506bc9c04cd03b77a7b0f515f78ca52471c6a27be7856c485308f2a98f9,0.527800000,0.000000000,0.000000000,0.000000000,0.000000000,7.515000000,2.645400000,2046.416100000,2056.576500000,5.773100000,2062.877400000,true,
RETF_C,17,17,3,2,e5-d2-20260713T121119.183794400,202826,1,10,10,8,ecc600388cfb58f872e06f05060ab157d2353402d02de220606ae49e654e1fb9,28de3078c100d9cef4c0640815f2b3d154360a2b6cd9220b062c14ee40b13c07,08700506bc9c04cd03b77a7b0f515f78ca52471c6a27be7856c485308f2a98f9,0.000000000,0.000000000,0.000000000,3.135600000,0.000000000,7.995200000,2.109000000,2040.527800000,2050.632000000,5.304000000,2059.071600000,true,
RETF_A,17,17,4,2,e5-d2-20260713T121119.183794400,202826,1,10,10,8,ecc600388cfb58f872e06f05060ab157d2353402d02de220606ae49e654e1fb9,28de3078c100d9cef4c0640815f2b3d154360a2b6cd9220b062c14ee40b13c07,08700506bc9c04cd03b77a7b0f515f78ca52471c6a27be7856c485308f2a98f9,0.998800000,0.000000000,431.402000000,0.000000000,0.000000000,290.132500000,2.115800000,2041.880200000,2334.128500000,5.899500000,2772.428800000,true,
Plain_RETF,17,17,5,2,e5-d2-20260713T121119.183794400,202826,1,10,10,8,ecc600388cfb58f872e06f05060ab157d2353402d02de220606ae49e654e1fb9,28de3078c100d9cef4c0640815f2b3d154360a2b6cd9220b062c14ee40b13c07,08700506bc9c04cd03b77a7b0f515f78ca52471c6a27be7856c485308f2a98f9,0.521400000,0.000000000,0.000000000,0.000000000,0.000000000,6.377400000,2.118800000,2046.332300000,2054.828500000,5.313100000,2061.192700000,true,
Plain_RETF,18,18,1,2,e5-d2-20260713T121119.183794400,202926,1,10,10,8,8020275361395af9b24a77a14cabcb9433b3ba6e94b743859089c111762575a5,d0d40e987e4ed34f1a6a26c4667d4ac6cfebe8d6390e410926ebc710af640bce,f8840638a07a43494657c73e78fb80366972815a288258f88451d5f226278269,0.525300000,0.000000000,0.000000000,0.000000000,0.000000000,7.513400000,2.667300000,2044.391600000,2054.572300000,5.907300000,2061.529700000,true,
PP_RETF,18,18,2,2,e5-d2-20260713T121119.183794400,202926,1,10,10,8,8020275361395af9b24a77a14cabcb9433b3ba6e94b743859089c111762575a5,d0d40e987e4ed34f1a6a26c4667d4ac6cfebe8d6390e410926ebc710af640bce,f8840638a07a43494657c73e78fb80366972815a288258f88451d5f226278269,0.000000000,0.000000000,457.984100000,4.269900000,0.000000000,285.649900000,3.793300000,2041.610200000,2331.053400000,4.744700000,2798.574100000,true,
RETF_C,18,18,3,2,e5-d2-20260713T121119.183794400,202926,1,10,10,8,8020275361395af9b24a77a14cabcb9433b3ba6e94b743859089c111762575a5,d0d40e987e4ed34f1a6a26c4667d4ac6cfebe8d6390e410926ebc710af640bce,f8840638a07a43494657c73e78fb80366972815a288258f88451d5f226278269,0.000000000,0.000000000,0.000000000,3.727600000,0.000000000,7.444500000,2.102800000,2043.879800000,2053.427100000,6.472300000,2063.627000000,true,
RETF_A,18,18,4,2,e5-d2-20260713T121119.183794400,202926,1,10,10,8,8020275361395af9b24a77a14cabcb9433b3ba6e94b743859089c111762575a5,d0d40e987e4ed34f1a6a26c4667d4ac6cfebe8d6390e410926ebc710af640bce,f8840638a07a43494657c73e78fb80366972815a288258f88451d5f226278269,0.506100000,0.000000000,437.757400000,0.000000000,0.531400000,285.157900000,2.635000000,2041.930000000,2330.254300000,5.813800000,2774.331600000,true,
RETF_H,18,18,5,2,e5-d2-20260713T121119.183794400,202926,1,10,10,8,8020275361395af9b24a77a14cabcb9433b3ba6e94b743859089c111762575a5,d0d40e987e4ed34f1a6a26c4667d4ac6cfebe8d6390e410926ebc710af640bce,f8840638a07a43494657c73e78fb80366972815a288258f88451d5f226278269,0.519900000,0.000000000,0.000000000,0.000000000,0.000000000,6.988800000,2.109800000,2046.930100000,2056.028700000,4.202000000,2061.279600000,true,
PP_RETF,19,19,1,2,e5-d2-20260713T121119.183794400,203026,1,10,10,8,cedaca15c0091b70af2526dbde371505f50958f26e3cb647f57abb9572c234d2,a911b8473524f924f97a86bfadadd58dd6252cdd5ec9ab79397f7379509fedbd,1bd4ebe1ce5218faaccaa70ab46baad7c549d2c29a930be6e2cf36a75d3b95ce,0.000000000,0.506500000,469.546100000,3.161700000,0.000000000,317.982400000,3.281800000,2050.931400000,2372.195600000,5.375200000,2851.313500000,true,
Plain_RETF,19,19,2,2,e5-d2-20260713T121119.183794400,203026,1,10,10,8,cedaca15c0091b70af2526dbde371505f50958f26e3cb647f57abb9572c234d2,a911b8473524f924f97a86bfadadd58dd6252cdd5ec9ab79397f7379509fedbd,1bd4ebe1ce5218faaccaa70ab46baad7c549d2c29a930be6e2cf36a75d3b95ce,0.000000000,0.000000000,0.000000000,0.000000000,0.000000000,5.819700000,2.687100000,2039.169500000,2047.676300000,5.829900000,2054.090900000,true,
RETF_A,19,19,3,2,e5-d2-20260713T121119.183794400,203026,1,10,10,8,cedaca15c0091b70af2526dbde371505f50958f26e3cb647f57abb9572c234d2,a911b8473524f924f97a86bfadadd58dd6252cdd5ec9ab79397f7379509fedbd,1bd4ebe1ce5218faaccaa70ab46baad7c549d2c29a930be6e2cf36a75d3b95ce,0.000000000,0.000000000,456.460600000,0.000000000,0.000000000,295.322000000,2.639100000,2049.177800000,2347.138900000,5.265300000,2808.864800000,true,
RETF_H,19,19,4,2,e5-d2-20260713T121119.183794400,203026,1,10,10,8,cedaca15c0091b70af2526dbde371505f50958f26e3cb647f57abb9572c234d2,a911b8473524f924f97a86bfadadd58dd6252cdd5ec9ab79397f7379509fedbd,1bd4ebe1ce5218faaccaa70ab46baad7c549d2c29a930be6e2cf36a75d3b95ce,0.535200000,0.000000000,0.000000000,0.000000000,0.000000000,7.459200000,2.164200000,2047.453200000,2057.076600000,4.802800000,2062.414600000,true,
RETF_C,19,19,5,2,e5-d2-20260713T121119.183794400,203026,1,10,10,8,cedaca15c0091b70af2526dbde371505f50958f26e3cb647f57abb9572c234d2,a911b8473524f924f97a86bfadadd58dd6252cdd5ec9ab79397f7379509fedbd,1bd4ebe1ce5218faaccaa70ab46baad7c549d2c29a930be6e2cf36a75d3b95ce,0.000000000,0.000000000,0.000000000,3.669000000,0.000000000,7.420900000,2.176500000,2044.896300000,2054.493700000,4.718800000,2062.881500000,true,
RETF_H,20,20,1,2,e5-d2-20260713T121119.183794400,203126,1,10,10,8,4bc3827b099eaaa4d7164255c1e1935596f952fbdbed7b2fbc6c3c5233a57b56,1a19d5aab28164392b6bc73ee5589c6a7e65734cb7a2b78b0e07ae1799f5b4ab,fc4b22e2fa26cd9e5aaa04942a31b7076ab0cfab871a9b7d384aba25f51ea145,0.524000000,0.000000000,0.000000000,0.000000000,0.000000000,8.431400000,2.709800000,2041.800500000,2052.941700000,4.711000000,2058.176700000,true,
RETF_A,20,20,2,2,e5-d2-20260713T121119.183794400,203126,1,10,10,8,4bc3827b099eaaa4d7164255c1e1935596f952fbdbed7b2fbc6c3c5233a57b56,1a19d5aab28164392b6bc73ee5589c6a7e65734cb7a2b78b0e07ae1799f5b4ab,fc4b22e2fa26cd9e5aaa04942a31b7076ab0cfab871a9b7d384aba25f51ea145,0.000000000,0.000000000,449.684200000,0.000000000,0.000000000,292.949100000,3.156900000,2043.677600000,2339.783600000,5.446800000,2794.914600000,true,
PP_RETF,20,20,3,2,e5-d2-20260713T121119.183794400,203126,1,10,10,8,4bc3827b099eaaa4d7164255c1e1935596f952fbdbed7b2fbc6c3c5233a57b56,1a19d5aab28164392b6bc73ee5589c6a7e65734cb7a2b78b0e07ae1799f5b4ab,fc4b22e2fa26cd9e5aaa04942a31b7076ab0cfab871a9b7d384aba25f51ea145,0.000000000,0.506500000,433.743700000,3.721300000,0.000000000,301.088400000,3.194200000,2047.297700000,2351.580300000,5.497300000,2795.049100000,true,
RETF_C,20,20,4,2,e5-d2-20260713T121119.183794400,203126,1,10,10,8,4bc3827b099eaaa4d7164255c1e1935596f952fbdbed7b2fbc6c3c5233a57b56,1a19d5aab28164392b6bc73ee5589c6a7e65734cb7a2b78b0e07ae1799f5b4ab,fc4b22e2fa26cd9e5aaa04942a31b7076ab0cfab871a9b7d384aba25f51ea145,0.000000000,0.000000000,0.000000000,3.167700000,0.000000000,7.388200000,2.672200000,2041.334500000,2051.394900000,4.709300000,2059.790800000,true,
Plain_RETF,20,20,5,2,e5-d2-20260713T121119.183794400,203126,1,10,10,8,4bc3827b099eaaa4d7164255c1e1935596f952fbdbed7b2fbc6c3c5233a57b56,1a19d5aab28164392b6bc73ee5589c6a7e65734cb7a2b78b0e07ae1799f5b4ab,fc4b22e2fa26cd9e5aaa04942a31b7076ab0cfab871a9b7d384aba25f51ea145,0.523300000,0.000000000,0.000000000,0.000000000,0.000000000,5.763600000,2.624900000,2041.017700000,2049.406200000,6.327700000,2056.257200000,true,
PP_RETF,21,21,1,3,e5-d3-20260713T121337.834860900,302226,1,10,10,8,93d9f260a13f96e8a013b4916940356b79bbbaf396abb2da70b51600017fe7f2,a12f18ed6328ff149eab07fbd8c0d14d9f33a1b78971082d60b563aba6a46544,922c3628fc6d9dcb9c3a779a441479e746d0ba6ff8971f18e65d200934ae3624,0.000000000,0.000000000,417.679100000,4.162100000,0.000000000,275.228700000,2.666400000,2040.765800000,2318.660900000,6.455000000,2747.461900000,true,
RETF_A,21,21,2,3,e5-d3-20260713T121337.834860900,302226,1,10,10,8,93d9f260a13f96e8a013b4916940356b79bbbaf396abb2da70b51600017fe7f2,a12f18ed6328ff149eab07fbd8c0d14d9f33a1b78971082d60b563aba6a46544,922c3628fc6d9dcb9c3a779a441479e746d0ba6ff8971f18e65d200934ae3624,0.514000000,0.000000000,425.835800000,0.000000000,0.000000000,278.293700000,2.142900000,2046.416900000,2326.853500000,5.555200000,2758.758500000,true,
RETF_C,21,21,3,3,e5-d3-20260713T121337.834860900,302226,1,10,10,8,93d9f260a13f96e8a013b4916940356b79bbbaf396abb2da70b51600017fe7f2,a12f18ed6328ff149eab07fbd8c0d14d9f33a1b78971082d60b563aba6a46544,922c3628fc6d9dcb9c3a779a441479e746d0ba6ff8971f18e65d200934ae3624,0.000000000,0.000000000,0.000000000,3.160200000,0.000000000,7.899000000,2.206500000,2040.100700000,2050.206200000,4.724500000,2058.090900000,true,
RETF_H,21,21,4,3,e5-d3-20260713T121337.834860900,302226,1,10,10,8,93d9f260a13f96e8a013b4916940356b79bbbaf396abb2da70b51600017fe7f2,a12f18ed6328ff149eab07fbd8c0d14d9f33a1b78971082d60b563aba6a46544,922c3628fc6d9dcb9c3a779a441479e746d0ba6ff8971f18e65d200934ae3624,0.523100000,0.000000000,0.000000000,0.000000000,0.000000000,6.968200000,2.648900000,2047.168200000,2056.785300000,5.243700000,2062.552100000,true,
Plain_RETF,21,21,5,3,e5-d3-20260713T121337.834860900,302226,1,10,10,8,93d9f260a13f96e8a013b4916940356b79bbbaf396abb2da70b51600017fe7f2,a12f18ed6328ff149eab07fbd8c0d14d9f33a1b78971082d60b563aba6a46544,922c3628fc6d9dcb9c3a779a441479e746d0ba6ff8971f18e65d200934ae3624,0.000000000,0.000000000,0.000000000,0.000000000,0.000000000,6.297600000,2.610200000,2044.394900000,2053.302700000,4.719800000,2059.175000000,true,
RETF_A,22,22,1,3,e5-d3-20260713T121337.834860900,302326,1,10,10,8,44ec9709e33ab388399101c44da1e52332b4ecb65186273417aebe2e31d2cbb8,18d9f6c98df77d7e1129507a84325b8c3a317d41aaab46dc3cd02fbcb66fb66e,c42cb0daffa65a6c31108713f4f6bf5cd0f44ef8392491ac66f7a0d1a04cfed7,1.609300000,0.000000000,451.834600000,0.000000000,0.000000000,321.711800000,3.204500000,2052.147500000,2377.063800000,6.081900000,2836.589600000,true,
Plain_RETF,22,22,2,3,e5-d3-20260713T121337.834860900,302326,1,10,10,8,44ec9709e33ab388399101c44da1e52332b4ecb65186273417aebe2e31d2cbb8,18d9f6c98df77d7e1129507a84325b8c3a317d41aaab46dc3cd02fbcb66fb66e,c42cb0daffa65a6c31108713f4f6bf5cd0f44ef8392491ac66f7a0d1a04cfed7,0.524000000,0.000000000,0.000000000,0.000000000,0.000000000,7.941100000,2.651200000,2046.448400000,2057.040700000,4.776800000,2062.868100000,true,
RETF_H,22,22,3,3,e5-d3-20260713T121337.834860900,302326,1,10,10,8,44ec9709e33ab388399101c44da1e52332b4ecb65186273417aebe2e31d2cbb8,18d9f6c98df77d7e1129507a84325b8c3a317d41aaab46dc3cd02fbcb66fb66e,c42cb0daffa65a6c31108713f4f6bf5cd0f44ef8392491ac66f7a0d1a04cfed7,0.000000000,0.532600000,0.000000000,0.000000000,0.000000000,7.512800000,2.640900000,2048.131300000,2058.285000000,5.922900000,2064.740500000,true,
RETF_C,22,22,4,3,e5-d3-20260713T121337.834860900,302326,1,10,10,8,44ec9709e33ab388399101c44da1e52332b4ecb65186273417aebe2e31d2cbb8,18d9f6c98df77d7e1129507a84325b8c3a317d41aaab46dc3cd02fbcb66fb66e,c42cb0daffa65a6c31108713f4f6bf5cd0f44ef8392491ac66f7a0d1a04cfed7,0.000000000,0.000000000,0.000000000,3.673600000,0.000000000,7.985100000,2.185900000,2047.357200000,2057.528200000,5.222200000,2066.424000000,true,
PP_RETF,22,22,5,3,e5-d3-20260713T121337.834860900,302326,1,10,10,8,44ec9709e33ab388399101c44da1e52332b4ecb65186273417aebe2e31d2cbb8,18d9f6c98df77d7e1129507a84325b8c3a317d41aaab46dc3cd02fbcb66fb66e,c42cb0daffa65a6c31108713f4f6bf5cd0f44ef8392491ac66f7a0d1a04cfed7,0.000000000,0.000000000,414.621900000,3.679600000,0.000000000,281.831700000,2.117600000,2040.896000000,2324.845300000,5.764100000,2748.910900000,true,
RETF_H,23,23,1,3,e5-d3-20260713T121337.834860900,302426,1,10,10,8,8c9fa612f498e8c8b0f3a9270805fe947fa20aad99618e1551119bfc19a131ab,7ead862af3cc762e59aab63535202e23b290d633ad92400c69788d55a7a2f625,cc9945543588497acf0d90c56acf34815761d84b9f4c9aa961a7b39a4162fbbc,0.515700000,0.000000000,0.000000000,0.000000000,0.522600000,8.019400000,2.147000000,2046.329700000,2057.018700000,4.841800000,2062.376200000,true,
RETF_C,23,23,2,3,e5-d3-20260713T121337.834860900,302426,1,10,10,8,8c9fa612f498e8c8b0f3a9270805fe947fa20aad99618e1551119bfc19a131ab,7ead862af3cc762e59aab63535202e23b290d633ad92400c69788d55a7a2f625,cc9945543588497acf0d90c56acf34815761d84b9f4c9aa961a7b39a4162fbbc,0.000000000,0.000000000,0.000000000,5.390500000,0.000000000,7.115300000,2.618100000,2045.418100000,2055.151500000,4.182300000,2065.253100000,true,
Plain_RETF,23,23,3,3,e5-d3-20260713T121337.834860900,302426,1,10,10,8,8c9fa612f498e8c8b0f3a9270805fe947fa20aad99618e1551119bfc19a131ab,7ead862af3cc762e59aab63535202e23b290d633ad92400c69788d55a7a2f625,cc9945543588497acf0d90c56acf34815761d84b9f4c9aa961a7b39a4162fbbc,0.530600000,0.000000000,0.000000000,0.000000000,0.530300000,7.076900000,2.130800000,2040.184700000,2049.922700000,5.273000000,2055.726300000,true,
RETF_A,23,23,4,3,e5-d3-20260713T121337.834860900,302426,1,10,10,8,8c9fa612f498e8c8b0f3a9270805fe947fa20aad99618e1551119bfc19a131ab,7ead862af3cc762e59aab63535202e23b290d633ad92400c69788d55a7a2f625,cc9945543588497acf0d90c56acf34815761d84b9f4c9aa961a7b39a4162fbbc,0.000000000,0.000000000,416.838200000,0.000000000,0.000000000,280.822400000,2.714500000,2040.524700000,2324.061600000,4.758900000,2746.190400000,true,
PP_RETF,23,23,5,3,e5-d3-20260713T121337.834860900,302426,1,10,10,8,8c9fa612f498e8c8b0f3a9270805fe947fa20aad99618e1551119bfc19a131ab,7ead862af3cc762e59aab63535202e23b290d633ad92400c69788d55a7a2f625,cc9945543588497acf0d90c56acf34815761d84b9f4c9aa961a7b39a4162fbbc,0.000000000,0.000000000,411.759900000,4.295400000,0.000000000,274.594100000,3.261200000,2048.856000000,2326.711300000,4.760000000,2748.038900000,true,
RETF_H,24,24,1,3,e5-d3-20260713T121337.834860900,302526,1,10,10,8,904c08eeca22cfd74409f4f11d8b36df07d30a9d3883ff7cd42c04b85bf3a501,20362864b153328f3e9426f53e3a647ca8dfbccca47596b2bb1c684689668ab3,43fff41598d221e2881098f3699992f60c1fdc166e8be21fb5be4541b1fb9a25,0.519400000,0.000000000,0.000000000,0.000000000,0.000000000,9.638100000,2.634800000,2046.137900000,2058.410800000,5.555600000,2064.485800000,true,
PP_RETF,24,24,2,3,e5-d3-20260713T121337.834860900,302526,1,10,10,8,904c08eeca22cfd74409f4f11d8b36df07d30a9d3883ff7cd42c04b85bf3a501,20362864b153328f3e9426f53e3a647ca8dfbccca47596b2bb1c684689668ab3,43fff41598d221e2881098f3699992f60c1fdc166e8be21fb5be4541b1fb9a25,0.000000000,0.000000000,426.986300000,4.196800000,0.000000000,281.338600000,2.680700000,2042.694200000,2326.713500000,5.875800000,2763.772400000,true,
RETF_A,24,24,3,3,e5-d3-20260713T121337.834860900,302526,1,10,10,8,904c08eeca22cfd74409f4f11d8b36df07d30a9d3883ff7cd42c04b85bf3a501,20362864b153328f3e9426f53e3a647ca8dfbccca47596b2bb1c684689668ab3,43fff41598d221e2881098f3699992f60c1fdc166e8be21fb5be4541b1fb9a25,0.505300000,0.000000000,416.931800000,0.000000000,0.000000000,275.238700000,9.002900000,2041.140100000,2325.381700000,5.452900000,2748.799600000,true,
Plain_RETF,24,24,4,3,e5-d3-20260713T121337.834860900,302526,1,10,10,8,904c08eeca22cfd74409f4f11d8b36df07d30a9d3883ff7cd42c04b85bf3a501,20362864b153328f3e9426f53e3a647ca8dfbccca47596b2bb1c684689668ab3,43fff41598d221e2881098f3699992f60c1fdc166e8be21fb5be4541b1fb9a25,0.000000000,0.000000000,0.000000000,0.000000000,0.000000000,5.876300000,3.191000000,2044.754800000,2053.822100000,6.557300000,2060.898000000,true,
RETF_C,24,24,5,3,e5-d3-20260713T121337.834860900,302526,1,10,10,8,904c08eeca22cfd74409f4f11d8b36df07d30a9d3883ff7cd42c04b85bf3a501,20362864b153328f3e9426f53e3a647ca8dfbccca47596b2bb1c684689668ab3,43fff41598d221e2881098f3699992f60c1fdc166e8be21fb5be4541b1fb9a25,0.000000000,0.000000000,0.000000000,4.986500000,0.000000000,8.365000000,2.785900000,2042.988400000,2054.139300000,5.830700000,2065.490600000,true,
RETF_C,25,25,1,3,e5-d3-20260713T121337.834860900,302626,1,10,10,8,71572f4832d975ad4daaa3c36edd39086e620d23e6e7eae2984a5333860e5f79,2e652dee3ebea18e10e2a9065495498fabf20e971b0a9dd0ad1c455a232ce3d1,e881dbdb231677300dea38553cdd88e806516a2a766469becd8c236e85fa9675,0.000000000,0.000000000,0.000000000,3.673200000,0.000000000,9.717600000,2.657900000,2046.820800000,2059.196300000,5.831400000,2068.700900000,true,
RETF_H,25,25,2,3,e5-d3-20260713T121337.834860900,302626,1,10,10,8,71572f4832d975ad4daaa3c36edd39086e620d23e6e7eae2984a5333860e5f79,2e652dee3ebea18e10e2a9065495498fabf20e971b0a9dd0ad1c455a232ce3d1,e881dbdb231677300dea38553cdd88e806516a2a766469becd8c236e85fa9675,0.525700000,0.000000000,0.000000000,0.000000000,0.000000000,8.564700000,3.223100000,2039.591700000,2051.379500000,5.307000000,2058.260600000,true,
PP_RETF,25,25,3,3,e5-d3-20260713T121337.834860900,302626,1,10,10,8,71572f4832d975ad4daaa3c36edd39086e620d23e6e7eae2984a5333860e5f79,2e652dee3ebea18e10e2a9065495498fabf20e971b0a9dd0ad1c455a232ce3d1,e881dbdb231677300dea38553cdd88e806516a2a766469becd8c236e85fa9675,0.000000000,0.000000000,423.947500000,3.691500000,0.000000000,284.536500000,2.647900000,2041.656400000,2328.840800000,5.806700000,2762.286500000,true,
RETF_A,25,25,4,3,e5-d3-20260713T121337.834860900,302626,1,10,10,8,71572f4832d975ad4daaa3c36edd39086e620d23e6e7eae2984a5333860e5f79,2e652dee3ebea18e10e2a9065495498fabf20e971b0a9dd0ad1c455a232ce3d1,e881dbdb231677300dea38553cdd88e806516a2a766469becd8c236e85fa9675,0.507800000,0.000000000,431.303700000,0.000000000,0.000000000,297.215300000,2.631900000,2040.814900000,2340.662100000,5.766700000,2778.240300000,true,
Plain_RETF,25,25,5,3,e5-d3-20260713T121337.834860900,302626,1,10,10,8,71572f4832d975ad4daaa3c36edd39086e620d23e6e7eae2984a5333860e5f79,2e652dee3ebea18e10e2a9065495498fabf20e971b0a9dd0ad1c455a232ce3d1,e881dbdb231677300dea38553cdd88e806516a2a766469becd8c236e85fa9675,0.513500000,0.000000000,0.000000000,0.000000000,0.000000000,6.399300000,2.605800000,2058.334300000,2067.339400000,8.883900000,2076.736800000,true,
RETF_A,26,26,1,3,e5-d3-20260713T121337.834860900,302726,1,10,10,8,94d8d7e9c0a2d5cfbdc789682247d5c5f5f717bb0b1cfa1ad29ea130a53d30a0,bf2151c8f127c3f64b7027e0ef333f5b6420a06b54a045f43530aa8e6df2cc6b,a0540600abfc0b6b57ab61bd60c76226240ae8762eba99cedf8d4329c244af37,0.505300000,0.000000000,511.417700000,0.000000000,0.000000000,329.016900000,3.778600000,2046.116900000,2378.912400000,5.328200000,2896.163600000,true,
PP_RETF,26,26,2,3,e5-d3-20260713T121337.834860900,302726,1,10,10,8,94d8d7e9c0a2d5cfbdc789682247d5c5f5f717bb0b1cfa1ad29ea130a53d30a0,bf2151c8f127c3f64b7027e0ef333f5b6420a06b54a045f43530aa8e6df2cc6b,a0540600abfc0b6b57ab61bd60c76226240ae8762eba99cedf8d4329c244af37,0.000000000,0.000000000,439.014000000,3.840700000,0.000000000,294.902400000,4.052800000,2050.510700000,2349.465900000,9.053900000,2801.899900000,true,
RETF_C,26,26,3,3,e5-d3-20260713T121337.834860900,302726,1,10,10,8,94d8d7e9c0a2d5cfbdc789682247d5c5f5f717bb0b1cfa1ad29ea130a53d30a0,bf2151c8f127c3f64b7027e0ef333f5b6420a06b54a045f43530aa8e6df2cc6b,a0540600abfc0b6b57ab61bd60c76226240ae8762eba99cedf8d4329c244af37,0.000000000,0.000000000,0.000000000,6.638700000,0.000000000,13.390400000,3.790500000,2060.789700000,2077.970600000,7.845000000,2092.454300000,true,
RETF_H,26,26,4,3,e5-d3-20260713T121337.834860900,302726,1,10,10,8,94d8d7e9c0a2d5cfbdc789682247d5c5f5f717bb0b1cfa1ad29ea130a53d30a0,bf2151c8f127c3f64b7027e0ef333f5b6420a06b54a045f43530aa8e6df2cc6b,a0540600abfc0b6b57ab61bd60c76226240ae8762eba99cedf8d4329c244af37,0.549000000,0.000000000,0.000000000,0.000000000,0.000000000,14.162300000,5.587900000,2043.687000000,2063.437200000,6.778600000,2071.316400000,true,
Plain_RETF,26,26,5,3,e5-d3-20260713T121337.834860900,302726,1,10,10,8,94d8d7e9c0a2d5cfbdc789682247d5c5f5f717bb0b1cfa1ad29ea130a53d30a0,bf2151c8f127c3f64b7027e0ef333f5b6420a06b54a045f43530aa8e6df2cc6b,a0540600abfc0b6b57ab61bd60c76226240ae8762eba99cedf8d4329c244af37,0.000000000,0.000000000,0.000000000,0.000000000,0.000000000,6.354500000,2.116600000,2059.773900000,2068.245000000,9.339200000,2078.618300000,true,
PP_RETF,27,27,1,3,e5-d3-20260713T121337.834860900,302826,1,10,10,8,d9bf157b8759a7bf8f7dc4dd779490ac3d4ab99c023778a751cf5e7178661dce,796cdda457860ad3d3a83e9f4a893f97e479c2990e7c73951645bead002e5490,baaf0790355f9a762149d02bb6dbc5acc7bcd08e6c28fb371817bcbc2b12f44b,0.000000000,0.000000000,642.826900000,5.655100000,0.548700000,367.523100000,5.065200000,2046.648400000,2419.785400000,6.424300000,3074.691700000,true,
Plain_RETF,27,27,2,3,e5-d3-20260713T121337.834860900,302826,1,10,10,8,d9bf157b8759a7bf8f7dc4dd779490ac3d4ab99c023778a751cf5e7178661dce,796cdda457860ad3d3a83e9f4a893f97e479c2990e7c73951645bead002e5490,baaf0790355f9a762149d02bb6dbc5acc7bcd08e6c28fb371817bcbc2b12f44b,0.000000000,0.000000000,0.000000000,0.000000000,0.000000000,7.952800000,2.753400000,2039.754800000,2050.461000000,5.363300000,2056.362200000,true,
RETF_A,27,27,3,3,e5-d3-20260713T121337.834860900,302826,1,10,10,8,d9bf157b8759a7bf8f7dc4dd779490ac3d4ab99c023778a751cf5e7178661dce,796cdda457860ad3d3a83e9f4a893f97e479c2990e7c73951645bead002e5490,baaf0790355f9a762149d02bb6dbc5acc7bcd08e6c28fb371817bcbc2b12f44b,0.505100000,0.000000000,434.794600000,0.000000000,0.000000000,310.604300000,2.686600000,2045.751600000,2359.042500000,5.921700000,2800.800300000,true,
RETF_H,27,27,4,3,e5-d3-20260713T121337.834860900,302826,1,10,10,8,d9bf157b8759a7bf8f7dc4dd779490ac3d4ab99c023778a751cf5e7178661dce,796cdda457860ad3d3a83e9f4a893f97e479c2990e7c73951645bead002e5490,baaf0790355f9a762149d02bb6dbc5acc7bcd08e6c28fb371817bcbc2b12f44b,0.577500000,0.530600000,0.000000000,0.000000000,0.000000000,8.682200000,3.191000000,2050.149600000,2062.022800000,6.429700000,2069.560600000,true,
RETF_C,27,27,5,3,e5-d3-20260713T121337.834860900,302826,1,10,10,8,d9bf157b8759a7bf8f7dc4dd779490ac3d4ab99c023778a751cf5e7178661dce,796cdda457860ad3d3a83e9f4a893f97e479c2990e7c73951645bead002e5490,baaf0790355f9a762149d02bb6dbc5acc7bcd08e6c28fb371817bcbc2b12f44b,0.000000000,0.000000000,0.000000000,4.346500000,0.000000000,8.491600000,3.183400000,2064.134900000,2075.809900000,8.539800000,2088.696200000,true,
RETF_A,28,28,1,3,e5-d3-20260713T121337.834860900,302926,1,10,10,8,abec55f7cc50ed18addda914a0c5d95ac28b52c8127b55832cf2a8c12b50649f,aeb8f434fe3707413c93ae74f5a9cd38ffa9d59cd9e9dd185a61ee58f8535a4c,861545d3050ff0bd32d9b76c4608d79bbf8a3d912be5d5640ff91b4401be1c29,0.541000000,0.000000000,575.281100000,0.000000000,0.510700000,446.206300000,4.323700000,2052.356100000,2503.396800000,8.118100000,3088.447000000,true,
PP_RETF,28,28,2,3,e5-d3-20260713T121337.834860900,302926,1,10,10,8,abec55f7cc50ed18addda914a0c5d95ac28b52c8127b55832cf2a8c12b50649f,aeb8f434fe3707413c93ae74f5a9cd38ffa9d59cd9e9dd185a61ee58f8535a4c,861545d3050ff0bd32d9b76c4608d79bbf8a3d912be5d5640ff91b4401be1c29,0.000000000,0.000000000,555.251300000,6.107400000,0.000000000,369.342600000,3.170000000,2054.047600000,2426.560200000,8.961900000,2996.880800000,true,
Plain_RETF,28,28,3,3,e5-d3-20260713T121337.834860900,302926,1,10,10,8,abec55f7cc50ed18addda914a0c5d95ac28b52c8127b55832cf2a8c12b50649f,aeb8f434fe3707413c93ae74f5a9cd38ffa9d59cd9e9dd185a61ee58f8535a4c,861545d3050ff0bd32d9b76c4608d79bbf8a3d912be5d5640ff91b4401be1c29,0.536000000,0.000000000,0.000000000,0.000000000,0.000000000,10.798300000,3.973800000,2064.684000000,2079.456100000,9.429500000,2089.421600000,true,
RETF_H,28,28,4,3,e5-d3-20260713T121337.834860900,302926,1,10,10,8,abec55f7cc50ed18addda914a0c5d95ac28b52c8127b55832cf2a8c12b50649f,aeb8f434fe3707413c93ae74f5a9cd38ffa9d59cd9e9dd185a61ee58f8535a4c,861545d3050ff0bd32d9b76c4608d79bbf8a3d912be5d5640ff91b4401be1c29,0.712300000,0.000000000,0.000000000,0.000000000,0.000000000,13.332800000,4.520800000,2047.266300000,2065.119900000,5.861800000,2072.298600000,true,
RETF_C,28,28,5,3,e5-d3-20260713T121337.834860900,302926,1,10,10,8,abec55f7cc50ed18addda914a0c5d95ac28b52c8127b55832cf2a8c12b50649f,aeb8f434fe3707413c93ae74f5a9cd38ffa9d59cd9e9dd185a61ee58f8535a4c,861545d3050ff0bd32d9b76c4608d79bbf8a3d912be5d5640ff91b4401be1c29,0.000000000,0.000000000,0.000000000,4.263900000,0.000000000,8.263300000,2.083500000,2046.356400000,2056.703200000,5.307000000,2066.274100000,true,
RETF_A,29,29,1,3,e5-d3-20260713T121337.834860900,303026,1,10,10,8,e8762610b3b33b60f804a954eca2ea53b31cb48e6662ce97743d102397118a33,4e65d0cedda1e4b46f13053cd10f5087d96f9c859ffa9fa31fc0b0b8e8e31e77,dadcd7f8eb7a486205d14c1605f7c9c5284841f4288ef36bd752f521b9d669d3,0.623000000,0.000000000,512.560000000,0.000000000,0.000000000,333.749300000,4.358400000,2048.654200000,2386.761900000,6.434500000,2907.172400000,true,
RETF_H,29,29,2,3,e5-d3-20260713T121337.834860900,303026,1,10,10,8,e8762610b3b33b60f804a954eca2ea53b31cb48e6662ce97743d102397118a33,4e65d0cedda1e4b46f13053cd10f5087d96f9c859ffa9fa31fc0b0b8e8e31e77,dadcd7f8eb7a486205d14c1605f7c9c5284841f4288ef36bd752f521b9d669d3,0.524000000,0.000000000,0.000000000,0.000000000,0.000000000,9.117800000,2.661500000,2047.708300000,2059.487600000,7.438300000,2067.449900000,true,
RETF_C,29,29,3,3,e5-d3-20260713T121337.834860900,303026,1,10,10,8,e8762610b3b33b60f804a954eca2ea53b31cb48e6662ce97743d102397118a33,4e65d0cedda1e4b46f13053cd10f5087d96f9c859ffa9fa31fc0b0b8e8e31e77,dadcd7f8eb7a486205d14c1605f7c9c5284841f4288ef36bd752f521b9d669d3,0.000000000,0.000000000,0.000000000,3.713500000,0.000000000,7.997400000,3.165700000,2053.463800000,2064.626900000,5.254900000,2073.595300000,true,
PP_RETF,29,29,4,3,e5-d3-20260713T121337.834860900,303026,1,10,10,8,e8762610b3b33b60f804a954eca2ea53b31cb48e6662ce97743d102397118a33,4e65d0cedda1e4b46f13053cd10f5087d96f9c859ffa9fa31fc0b0b8e8e31e77,dadcd7f8eb7a486205d14c1605f7c9c5284841f4288ef36bd752f521b9d669d3,0.000000000,0.000000000,462.390200000,4.016300000,0.000000000,307.916900000,5.478600000,2052.183300000,2365.578800000,6.040300000,2838.025600000,true,
Plain_RETF,29,29,5,3,e5-d3-20260713T121337.834860900,303026,1,10,10,8,e8762610b3b33b60f804a954eca2ea53b31cb48e6662ce97743d102397118a33,4e65d0cedda1e4b46f13053cd10f5087d96f9c859ffa9fa31fc0b0b8e8e31e77,dadcd7f8eb7a486205d14c1605f7c9c5284841f4288ef36bd752f521b9d669d3,0.000000000,0.000000000,0.000000000,0.000000000,0.000000000,7.393300000,2.822500000,2045.956300000,2056.172100000,6.297000000,2062.998500000,true,
RETF_C,30,30,1,3,e5-d3-20260713T121337.834860900,303126,1,10,10,8,b4cd1c802d8160927854e06413dbcd7a641e093a8e8ba787ca298ac3a71df0c3,e70a8b328922a5214df6e14d4d53ee522103810a0c8f3d825dda014673de0d63,d00b236f30ce1761ca5a8339cfa3b75c0cc08566b4874b201cd5a64f4ee27137,0.000000000,0.000000000,0.000000000,4.330300000,0.000000000,9.956600000,3.223200000,2043.926900000,2057.106700000,8.171500000,2069.608500000,true,
RETF_H,30,30,2,3,e5-d3-20260713T121337.834860900,303126,1,10,10,8,b4cd1c802d8160927854e06413dbcd7a641e093a8e8ba787ca298ac3a71df0c3,e70a8b328922a5214df6e14d4d53ee522103810a0c8f3d825dda014673de0d63,d00b236f30ce1761ca5a8339cfa3b75c0cc08566b4874b201cd5a64f4ee27137,0.525300000,0.000000000,0.000000000,0.000000000,0.529400000,7.946000000,4.146800000,2048.357900000,2060.980100000,6.992300000,2069.031900000,true,
Plain_RETF,30,30,3,3,e5-d3-20260713T121337.834860900,303126,1,10,10,8,b4cd1c802d8160927854e06413dbcd7a641e093a8e8ba787ca298ac3a71df0c3,e70a8b328922a5214df6e14d4d53ee522103810a0c8f3d825dda014673de0d63,d00b236f30ce1761ca5a8339cfa3b75c0cc08566b4874b201cd5a64f4ee27137,0.000000000,0.000000000,0.000000000,0.000000000,0.000000000,6.979100000,2.112000000,2042.771100000,2051.862200000,5.267700000,2057.129900000,true,
RETF_A,30,30,4,3,e5-d3-20260713T121337.834860900,303126,1,10,10,8,b4cd1c802d8160927854e06413dbcd7a641e093a8e8ba787ca298ac3a71df0c3,e70a8b328922a5214df6e14d4d53ee522103810a0c8f3d825dda014673de0d63,d00b236f30ce1761ca5a8339cfa3b75c0cc08566b4874b201cd5a64f4ee27137,0.504100000,0.000000000,443.820200000,0.000000000,0.000000000,294.739000000,4.282700000,2043.932800000,2342.954500000,6.654900000,2794.465000000,true,
PP_RETF,30,30,5,3,e5-d3-20260713T121337.834860900,303126,1,10,10,8,b4cd1c802d8160927854e06413dbcd7a641e093a8e8ba787ca298ac3a71df0c3,e70a8b328922a5214df6e14d4d53ee522103810a0c8f3d825dda014673de0d63,d00b236f30ce1761ca5a8339cfa3b75c0cc08566b4874b201cd5a64f4ee27137,0.000000000,0.602000000,443.510000000,3.735900000,0.516500000,297.327300000,3.894000000,2045.631400000,2347.369200000,5.799600000,2801.547300000,true,
