variant,concurrency,run_id,orders,couchdb_container,couchdb_database,document_id,application_key_bytes,application_value_bytes,logical_public_state_bytes,logical_public_state_bytes_per_order,compact_couchdb_document_json_bytes,fabric_private_data_bytes,success,measurement_scope
PP_RETF,1,1,10,nsw-couchdb0,intra-channel_retf-core,BenchmarkWorkflow:e6-wf-pp_retf-c1-i1-r1-wfalse,47,501,548,54.800000000,623,0,true,"persisted CouchDB key plus compact application value; physical DB files, indexes, block files and protobuf envelopes excluded"
PP_RETF,1,2,10,nsw-couchdb0,intra-channel_retf-core,BenchmarkWorkflow:e6-wf-pp_retf-c1-i1-r2-wfalse,47,501,548,54.800000000,623,0,true,"persisted CouchDB key plus compact application value; physical DB files, indexes, block files and protobuf envelopes excluded"
PP_RETF,1,3,10,nsw-couchdb0,intra-channel_retf-core,BenchmarkWorkflow:e6-wf-pp_retf-c1-i1-r3-wfalse,47,501,548,54.800000000,623,0,true,"persisted CouchDB key plus compact application value; physical DB files, indexes, block files and protobuf envelopes excluded"
PP_RETF,1,4,10,nsw-couchdb0,intra-channel_retf-core,BenchmarkWorkflow:e6-wf-pp_retf-c1-i1-r4-wfalse,47,501,548,54.800000000,623,0,true,"persisted CouchDB key plus compact application value; physical DB files, indexes, block files and protobuf envelopes excluded"
PP_RETF,1,5,10,nsw-couchdb0,intra-channel_retf-core,BenchmarkWorkflow:e6-wf-pp_retf-c1-i1-r5-wfalse,47,501,548,54.800000000,623,0,true,"persisted CouchDB key plus compact application value; physical DB files, indexes, block files and protobuf envelopes excluded"
PP_RETF,1,6,10,nsw-couchdb0,intra-channel_retf-core,BenchmarkWorkflow:e6-wf-pp_retf-c1-i1-r6-wfalse,47,501,548,54.800000000,623,0,true,"persisted CouchDB key plus compact application value; physical DB files, indexes, block files and protobuf envelopes excluded"
PP_RETF,1,7,10,nsw-couchdb0,intra-channel_retf-core,BenchmarkWorkflow:e6-wf-pp_retf-c1-i1-r7-wfalse,47,501,548,54.800000000,623,0,true,"persisted CouchDB key plus compact application value; physical DB files, indexes, block files and protobuf envelopes excluded"
PP_RETF,1,8,10,nsw-couchdb0,intra-channel_retf-core,BenchmarkWorkflow:e6-wf-pp_retf-c1-i1-r8-wfalse,47,501,548,54.800000000,623,0,true,"persisted CouchDB key plus compact application value; physical DB files, indexes, block files and protobuf envelopes excluded"
PP_RETF,1,9,10,nsw-couchdb0,intra-channel_retf-core,BenchmarkWorkflow:e6-wf-pp_retf-c1-i1-r9-wfalse,47,501,548,54.800000000,623,0,true,"persisted CouchDB key plus compact application value; physical DB files, indexes, block files and protobuf envelopes excluded"
PP_RETF,1,10,10,nsw-couchdb0,intra-channel_retf-core,BenchmarkWorkflow:e6-wf-pp_retf-c1-i1-r10-wfalse,48,502,550,55.000000000,625,0,true,"persisted CouchDB key plus compact application value; physical DB files, indexes, block files and protobuf envelopes excluded"
PP_RETF,1,11,10,nsw-couchdb0,intra-channel_retf-core,BenchmarkWorkflow:e6-wf-pp_retf-c1-i1-r11-wfalse,48,502,550,55.000000000,625,0,true,"persisted CouchDB key plus compact application value; physical DB files, indexes, block files and protobuf envelopes excluded"
PP_RETF,1,12,10,nsw-couchdb0,intra-channel_retf-core,BenchmarkWorkflow:e6-wf-pp_retf-c1-i1-r12-wfalse,48,502,550,55.000000000,625,0,true,"persisted CouchDB key plus compact application value; physical DB files, indexes, block files and protobuf envelopes excluded"
PP_RETF,1,13,10,nsw-couchdb0,intra-channel_retf-core,BenchmarkWorkflow:e6-wf-pp_retf-c1-i1-r13-wfalse,48,502,550,55.000000000,625,0,true,"persisted CouchDB key plus compact application value; physical DB files, indexes, block files and protobuf envelopes excluded"
PP_RETF,1,14,10,nsw-couchdb0,intra-channel_retf-core,BenchmarkWorkflow:e6-wf-pp_retf-c1-i1-r14-wfalse,48,502,550,55.000000000,625,0,true,"persisted CouchDB key plus compact application value; physical DB files, indexes, block files and protobuf envelopes excluded"
PP_RETF,1,15,10,nsw-couchdb0,intra-channel_retf-core,BenchmarkWorkflow:e6-wf-pp_retf-c1-i1-r15-wfalse,48,502,550,55.000000000,625,0,true,"persisted CouchDB key plus compact application value; physical DB files, indexes, block files and protobuf envelopes excluded"
PP_RETF,1,16,10,nsw-couchdb0,intra-channel_retf-core,BenchmarkWorkflow:e6-wf-pp_retf-c1-i1-r16-wfalse,48,502,550,55.000000000,625,0,true,"persisted CouchDB key plus compact application value; physical DB files, indexes, block files and protobuf envelopes excluded"
PP_RETF,1,17,10,nsw-couchdb0,intra-channel_retf-core,BenchmarkWorkflow:e6-wf-pp_retf-c1-i1-r17-wfalse,48,502,550,55.000000000,625,0,true,"persisted CouchDB key plus compact application value; physical DB files, indexes, block files and protobuf envelopes excluded"
PP_RETF,1,18,10,nsw-couchdb0,intra-channel_retf-core,BenchmarkWorkflow:e6-wf-pp_retf-c1-i1-r18-wfalse,48,502,550,55.000000000,625,0,true,"persisted CouchDB key plus compact application value; physical DB files, indexes, block files and protobuf envelopes excluded"
PP_RETF,1,19,10,nsw-couchdb0,intra-channel_retf-core,BenchmarkWorkflow:e6-wf-pp_retf-c1-i1-r19-wfalse,48,502,550,55.000000000,625,0,true,"persisted CouchDB key plus compact application value; physical DB files, indexes, block files and protobuf envelopes excluded"
PP_RETF,1,20,10,nsw-couchdb0,intra-channel_retf-core,BenchmarkWorkflow:e6-wf-pp_retf-c1-i1-r20-wfalse,48,502,550,55.000000000,625,0,true,"persisted CouchDB key plus compact application value; physical DB files, indexes, block files and protobuf envelopes excluded"
PP_RETF,1,21,10,nsw-couchdb0,intra-channel_retf-core,BenchmarkWorkflow:e6-wf-pp_retf-c1-i1-r21-wfalse,48,502,550,55.000000000,625,0,true,"persisted CouchDB key plus compact application value; physical DB files, indexes, block files and protobuf envelopes excluded"
PP_RETF,1,22,10,nsw-couchdb0,intra-channel_retf-core,BenchmarkWorkflow:e6-wf-pp_retf-c1-i1-r22-wfalse,48,502,550,55.000000000,625,0,true,"persisted CouchDB key plus compact application value; physical DB files, indexes, block files and protobuf envelopes excluded"
PP_RETF,1,23,10,nsw-couchdb0,intra-channel_retf-core,BenchmarkWorkflow:e6-wf-pp_retf-c1-i1-r23-wfalse,48,502,550,55.000000000,625,0,true,"persisted CouchDB key plus compact application value; physical DB files, indexes, block files and protobuf envelopes excluded"
PP_RETF,1,24,10,nsw-couchdb0,intra-channel_retf-core,BenchmarkWorkflow:e6-wf-pp_retf-c1-i1-r24-wfalse,48,502,550,55.000000000,625,0,true,"persisted CouchDB key plus compact application value; physical DB files, indexes, block files and protobuf envelopes excluded"
PP_RETF,1,25,10,nsw-couchdb0,intra-channel_retf-core,BenchmarkWorkflow:e6-wf-pp_retf-c1-i1-r25-wfalse,48,502,550,55.000000000,625,0,true,"persisted CouchDB key plus compact application value; physical DB files, indexes, block files and protobuf envelopes excluded"
PP_RETF,1,26,10,nsw-couchdb0,intra-channel_retf-core,BenchmarkWorkflow:e6-wf-pp_retf-c1-i1-r26-wfalse,48,502,550,55.000000000,625,0,true,"persisted CouchDB key plus compact application value; physical DB files, indexes, block files and protobuf envelopes excluded"
PP_RETF,1,27,10,nsw-couchdb0,intra-channel_retf-core,BenchmarkWorkflow:e6-wf-pp_retf-c1-i1-r27-wfalse,48,502,550,55.000000000,625,0,true,"persisted CouchDB key plus compact application value; physical DB files, indexes, block files and protobuf envelopes excluded"
PP_RETF,1,28,10,nsw-couchdb0,intra-channel_retf-core,BenchmarkWorkflow:e6-wf-pp_retf-c1-i1-r28-wfalse,48,502,550,55.000000000,625,0,true,"persisted CouchDB key plus compact application value; physical DB files, indexes, block files and protobuf envelopes excluded"
PP_RETF,1,29,10,nsw-couchdb0,intra-channel_retf-core,BenchmarkWorkflow:e6-wf-pp_retf-c1-i1-r29-wfalse,48,502,550,55.000000000,625,0,true,"persisted CouchDB key plus compact application value; physical DB files, indexes, block files and protobuf envelopes excluded"
PP_RETF,1,30,10,nsw-couchdb0,intra-channel_retf-core,BenchmarkWorkflow:e6-wf-pp_retf-c1-i1-r30-wfalse,48,502,550,55.000000000,625,0,true,"persisted CouchDB key plus compact application value; physical DB files, indexes, block files and protobuf envelopes excluded"
PP_RETF,1,31,10,nsw-couchdb0,intra-channel_retf-core,BenchmarkWorkflow:e6-wf-pp_retf-c1-i1-r31-wfalse,48,502,550,55.000000000,625,0,true,"persisted CouchDB key plus compact application value; physical DB files, indexes, block files and protobuf envelopes excluded"
PP_RETF,1,32,10,nsw-couchdb0,intra-channel_retf-core,BenchmarkWorkflow:e6-wf-pp_retf-c1-i1-r32-wfalse,48,502,550,55.000000000,625,0,true,"persisted CouchDB key plus compact application value; physical DB files, indexes, block files and protobuf envelopes excluded"
PP_RETF,1,33,10,nsw-couchdb0,intra-channel_retf-core,BenchmarkWorkflow:e6-wf-pp_retf-c1-i1-r33-wfalse,48,502,550,55.000000000,625,0,true,"persisted CouchDB key plus compact application value; physical DB files, indexes, block files and protobuf envelopes excluded"
PP_RETF,1,34,10,nsw-couchdb0,intra-channel_retf-core,BenchmarkWorkflow:e6-wf-pp_retf-c1-i1-r34-wfalse,48,502,550,55.000000000,625,0,true,"persisted CouchDB key plus compact application value; physical DB files, indexes, block files and protobuf envelopes excluded"
PP_RETF,1,35,10,nsw-couchdb0,intra-channel_retf-core,BenchmarkWorkflow:e6-wf-pp_retf-c1-i1-r35-wfalse,48,502,550,55.000000000,625,0,true,"persisted CouchDB key plus compact application value; physical DB files, indexes, block files and protobuf envelopes excluded"
PP_RETF,1,36,10,nsw-couchdb0,intra-channel_retf-core,BenchmarkWorkflow:e6-wf-pp_retf-c1-i1-r36-wfalse,48,502,550,55.000000000,625,0,true,"persisted CouchDB key plus compact application value; physical DB files, indexes, block files and protobuf envelopes excluded"
PP_RETF,1,37,10,nsw-couchdb0,intra-channel_retf-core,BenchmarkWorkflow:e6-wf-pp_retf-c1-i1-r37-wfalse,48,502,550,55.000000000,625,0,true,"persisted CouchDB key plus compact application value; physical DB files, indexes, block files and protobuf envelopes excluded"
PP_RETF,1,38,10,nsw-couchdb0,intra-channel_retf-core,BenchmarkWorkflow:e6-wf-pp_retf-c1-i1-r38-wfalse,48,502,550,55.000000000,625,0,true,"persisted CouchDB key plus compact application value; physical DB files, indexes, block files and protobuf envelopes excluded"
PP_RETF,1,39,10,nsw-couchdb0,intra-channel_retf-core,BenchmarkWorkflow:e6-wf-pp_retf-c1-i1-r39-wfalse,48,502,550,55.000000000,625,0,true,"persisted CouchDB key plus compact application value; physical DB files, indexes, block files and protobuf envelopes excluded"
PP_RETF,1,40,10,nsw-couchdb0,intra-channel_retf-core,BenchmarkWorkflow:e6-wf-pp_retf-c1-i1-r40-wfalse,48,502,550,55.000000000,625,0,true,"persisted CouchDB key plus compact application value; physical DB files, indexes, block files and protobuf envelopes excluded"
PP_RETF,5,1,10,nsw-couchdb0,intra-channel_retf-core,BenchmarkWorkflow:e6-wf-pp_retf-c5-i5-r1-wfalse,47,501,548,54.800000000,627,0,true,"persisted CouchDB key plus compact application value; physical DB files, indexes, block files and protobuf envelopes excluded"
PP_RETF,5,2,10,nsw-couchdb0,intra-channel_retf-core,BenchmarkWorkflow:e6-wf-pp_retf-c5-i5-r2-wfalse,47,501,548,54.800000000,627,0,true,"persisted CouchDB key plus compact application value; physical DB files, indexes, block files and protobuf envelopes excluded"
PP_RETF,5,3,10,nsw-couchdb0,intra-channel_retf-core,BenchmarkWorkflow:e6-wf-pp_retf-c5-i5-r3-wfalse,47,501,548,54.800000000,627,0,true,"persisted CouchDB key plus compact application value; physical DB files, indexes, block files and protobuf envelopes excluded"
PP_RETF,5,4,10,nsw-couchdb0,intra-channel_retf-core,BenchmarkWorkflow:e6-wf-pp_retf-c5-i5-r4-wfalse,47,501,548,54.800000000,627,0,true,"persisted CouchDB key plus compact application value; physical DB files, indexes, block files and protobuf envelopes excluded"
PP_RETF,5,5,10,nsw-couchdb0,intra-channel_retf-core,BenchmarkWorkflow:e6-wf-pp_retf-c5-i5-r5-wfalse,47,501,548,54.800000000,623,0,true,"persisted CouchDB key plus compact application value; physical DB files, indexes, block files and protobuf envelopes excluded"
PP_RETF,5,6,10,nsw-couchdb0,intra-channel_retf-core,BenchmarkWorkflow:e6-wf-pp_retf-c5-i5-r6-wfalse,47,501,548,54.800000000,627,0,true,"persisted CouchDB key plus compact application value; physical DB files, indexes, block files and protobuf envelopes excluded"
PP_RETF,5,7,10,nsw-couchdb0,intra-channel_retf-core,BenchmarkWorkflow:e6-wf-pp_retf-c5-i5-r7-wfalse,47,501,548,54.800000000,627,0,true,"persisted CouchDB key plus compact application value; physical DB files, indexes, block files and protobuf envelopes excluded"
PP_RETF,5,8,10,nsw-couchdb0,intra-channel_retf-core,BenchmarkWorkflow:e6-wf-pp_retf-c5-i5-r8-wfalse,47,501,548,54.800000000,627,0,true,"persisted CouchDB key plus compact application value; physical DB files, indexes, block files and protobuf envelopes excluded"
PP_RETF,5,9,10,nsw-couchdb0,intra-channel_retf-core,BenchmarkWorkflow:e6-wf-pp_retf-c5-i5-r9-wfalse,47,501,548,54.800000000,627,0,true,"persisted CouchDB key plus compact application value; physical DB files, indexes, block files and protobuf envelopes excluded"
PP_RETF,5,10,10,nsw-couchdb0,intra-channel_retf-core,BenchmarkWorkflow:e6-wf-pp_retf-c5-i5-r10-wfalse,48,502,550,55.000000000,629,0,true,"persisted CouchDB key plus compact application value; physical DB files, indexes, block files and protobuf envelopes excluded"
PP_RETF,5,11,10,nsw-couchdb0,intra-channel_retf-core,BenchmarkWorkflow:e6-wf-pp_retf-c5-i5-r11-wfalse,48,502,550,55.000000000,625,0,true,"persisted CouchDB key plus compact application value; physical DB files, indexes, block files and protobuf envelopes excluded"
PP_RETF,5,12,10,nsw-couchdb0,intra-channel_retf-core,BenchmarkWorkflow:e6-wf-pp_retf-c5-i5-r12-wfalse,48,502,550,55.000000000,629,0,true,"persisted CouchDB key plus compact application value; physical DB files, indexes, block files and protobuf envelopes excluded"
PP_RETF,5,13,10,nsw-couchdb0,intra-channel_retf-core,BenchmarkWorkflow:e6-wf-pp_retf-c5-i5-r13-wfalse,48,502,550,55.000000000,629,0,true,"persisted CouchDB key plus compact application value; physical DB files, indexes, block files and protobuf envelopes excluded"
PP_RETF,5,14,10,nsw-couchdb0,intra-channel_retf-core,BenchmarkWorkflow:e6-wf-pp_retf-c5-i5-r14-wfalse,48,502,550,55.000000000,629,0,true,"persisted CouchDB key plus compact application value; physical DB files, indexes, block files and protobuf envelopes excluded"
PP_RETF,5,15,10,nsw-couchdb0,intra-channel_retf-core,BenchmarkWorkflow:e6-wf-pp_retf-c5-i5-r15-wfalse,48,502,550,55.000000000,629,0,true,"persisted CouchDB key plus compact application value; physical DB files, indexes, block files and protobuf envelopes excluded"
PP_RETF,5,16,10,nsw-couchdb0,intra-channel_retf-core,BenchmarkWorkflow:e6-wf-pp_retf-c5-i5-r16-wfalse,48,502,550,55.000000000,625,0,true,"persisted CouchDB key plus compact application value; physical DB files, indexes, block files and protobuf envelopes excluded"
PP_RETF,5,17,10,nsw-couchdb0,intra-channel_retf-core,BenchmarkWorkflow:e6-wf-pp_retf-c5-i5-r17-wfalse,48,502,550,55.000000000,629,0,true,"persisted CouchDB key plus compact application value; physical DB files, indexes, block files and protobuf envelopes excluded"
PP_RETF,5,18,10,nsw-couchdb0,intra-channel_retf-core,BenchmarkWorkflow:e6-wf-pp_retf-c5-i5-r18-wfalse,48,502,550,55.000000000,629,0,true,"persisted CouchDB key plus compact application value; physical DB files, indexes, block files and protobuf envelopes excluded"
PP_RETF,5,19,10,nsw-couchdb0,intra-channel_retf-core,BenchmarkWorkflow:e6-wf-pp_retf-c5-i5-r19-wfalse,48,502,550,55.000000000,629,0,true,"persisted CouchDB key plus compact application value; physical DB files, indexes, block files and protobuf envelopes excluded"
PP_RETF,5,20,10,nsw-couchdb0,intra-channel_retf-core,BenchmarkWorkflow:e6-wf-pp_retf-c5-i5-r20-wfalse,48,502,550,55.000000000,629,0,true,"persisted CouchDB key plus compact application value; physical DB files, indexes, block files and protobuf envelopes excluded"
PP_RETF,5,21,10,nsw-couchdb0,intra-channel_retf-core,BenchmarkWorkflow:e6-wf-pp_retf-c5-i5-r21-wfalse,48,502,550,55.000000000,629,0,true,"persisted CouchDB key plus compact application value; physical DB files, indexes, block files and protobuf envelopes excluded"
PP_RETF,5,22,10,nsw-couchdb0,intra-channel_retf-core,BenchmarkWorkflow:e6-wf-pp_retf-c5-i5-r22-wfalse,48,502,550,55.000000000,625,0,true,"persisted CouchDB key plus compact application value; physical DB files, indexes, block files and protobuf envelopes excluded"
PP_RETF,5,23,10,nsw-couchdb0,intra-channel_retf-core,BenchmarkWorkflow:e6-wf-pp_retf-c5-i5-r23-wfalse,48,502,550,55.000000000,629,0,true,"persisted CouchDB key plus compact application value; physical DB files, indexes, block files and protobuf envelopes excluded"
PP_RETF,5,24,10,nsw-couchdb0,intra-channel_retf-core,BenchmarkWorkflow:e6-wf-pp_retf-c5-i5-r24-wfalse,48,502,550,55.000000000,629,0,true,"persisted CouchDB key plus compact application value; physical DB files, indexes, block files and protobuf envelopes excluded"
PP_RETF,5,25,10,nsw-couchdb0,intra-channel_retf-core,BenchmarkWorkflow:e6-wf-pp_retf-c5-i5-r25-wfalse,48,502,550,55.000000000,629,0,true,"persisted CouchDB key plus compact application value; physical DB files, indexes, block files and protobuf envelopes excluded"
PP_RETF,5,26,10,nsw-couchdb0,intra-channel_retf-core,BenchmarkWorkflow:e6-wf-pp_retf-c5-i5-r26-wfalse,48,502,550,55.000000000,629,0,true,"persisted CouchDB key plus compact application value; physical DB files, indexes, block files and protobuf envelopes excluded"
PP_RETF,5,27,10,nsw-couchdb0,intra-channel_retf-core,BenchmarkWorkflow:e6-wf-pp_retf-c5-i5-r27-wfalse,48,502,550,55.000000000,629,0,true,"persisted CouchDB key plus compact application value; physical DB files, indexes, block files and protobuf envelopes excluded"
PP_RETF,5,28,10,nsw-couchdb0,intra-channel_retf-core,BenchmarkWorkflow:e6-wf-pp_retf-c5-i5-r28-wfalse,48,502,550,55.000000000,625,0,true,"persisted CouchDB key plus compact application value; physical DB files, indexes, block files and protobuf envelopes excluded"
PP_RETF,5,29,10,nsw-couchdb0,intra-channel_retf-core,BenchmarkWorkflow:e6-wf-pp_retf-c5-i5-r29-wfalse,48,502,550,55.000000000,629,0,true,"persisted CouchDB key plus compact application value; physical DB files, indexes, block files and protobuf envelopes excluded"
PP_RETF,5,30,10,nsw-couchdb0,intra-channel_retf-core,BenchmarkWorkflow:e6-wf-pp_retf-c5-i5-r30-wfalse,48,502,550,55.000000000,629,0,true,"persisted CouchDB key plus compact application value; physical DB files, indexes, block files and protobuf envelopes excluded"
PP_RETF,5,31,10,nsw-couchdb0,intra-channel_retf-core,BenchmarkWorkflow:e6-wf-pp_retf-c5-i5-r31-wfalse,48,502,550,55.000000000,625,0,true,"persisted CouchDB key plus compact application value; physical DB files, indexes, block files and protobuf envelopes excluded"
PP_RETF,5,32,10,nsw-couchdb0,intra-channel_retf-core,BenchmarkWorkflow:e6-wf-pp_retf-c5-i5-r32-wfalse,48,502,550,55.000000000,629,0,true,"persisted CouchDB key plus compact application value; physical DB files, indexes, block files and protobuf envelopes excluded"
PP_RETF,5,33,10,nsw-couchdb0,intra-channel_retf-core,BenchmarkWorkflow:e6-wf-pp_retf-c5-i5-r33-wfalse,48,502,550,55.000000000,625,0,true,"persisted CouchDB key plus compact application value; physical DB files, indexes, block files and protobuf envelopes excluded"
PP_RETF,5,34,10,nsw-couchdb0,intra-channel_retf-core,BenchmarkWorkflow:e6-wf-pp_retf-c5-i5-r34-wfalse,48,502,550,55.000000000,629,0,true,"persisted CouchDB key plus compact application value; physical DB files, indexes, block files and protobuf envelopes excluded"
PP_RETF,5,35,10,nsw-couchdb0,intra-channel_retf-core,BenchmarkWorkflow:e6-wf-pp_retf-c5-i5-r35-wfalse,48,502,550,55.000000000,629,0,true,"persisted CouchDB key plus compact application value; physical DB files, indexes, block files and protobuf envelopes excluded"
PP_RETF,5,36,10,nsw-couchdb0,intra-channel_retf-core,BenchmarkWorkflow:e6-wf-pp_retf-c5-i5-r36-wfalse,48,502,550,55.000000000,629,0,true,"persisted CouchDB key plus compact application value; physical DB files, indexes, block files and protobuf envelopes excluded"
PP_RETF,5,37,10,nsw-couchdb0,intra-channel_retf-core,BenchmarkWorkflow:e6-wf-pp_retf-c5-i5-r37-wfalse,48,502,550,55.000000000,629,0,true,"persisted CouchDB key plus compact application value; physical DB files, indexes, block files and protobuf envelopes excluded"
PP_RETF,5,38,10,nsw-couchdb0,intra-channel_retf-core,BenchmarkWorkflow:e6-wf-pp_retf-c5-i5-r38-wfalse,48,502,550,55.000000000,629,0,true,"persisted CouchDB key plus compact application value; physical DB files, indexes, block files and protobuf envelopes excluded"
PP_RETF,5,39,10,nsw-couchdb0,intra-channel_retf-core,BenchmarkWorkflow:e6-wf-pp_retf-c5-i5-r39-wfalse,48,502,550,55.000000000,625,0,true,"persisted CouchDB key plus compact application value; physical DB files, indexes, block files and protobuf envelopes excluded"
PP_RETF,5,40,10,nsw-couchdb0,intra-channel_retf-core,BenchmarkWorkflow:e6-wf-pp_retf-c5-i5-r40-wfalse,48,502,550,55.000000000,629,0,true,"persisted CouchDB key plus compact application value; physical DB files, indexes, block files and protobuf envelopes excluded"
PP_RETF,10,1,10,nsw-couchdb0,intra-channel_retf-core,BenchmarkWorkflow:e6-wf-pp_retf-c10-i0-r1-wfalse,48,502,550,55.000000000,625,0,true,"persisted CouchDB key plus compact application value; physical DB files, indexes, block files and protobuf envelopes excluded"
PP_RETF,10,2,10,nsw-couchdb0,intra-channel_retf-core,BenchmarkWorkflow:e6-wf-pp_retf-c10-i0-r2-wfalse,48,502,550,55.000000000,629,0,true,"persisted CouchDB key plus compact application value; physical DB files, indexes, block files and protobuf envelopes excluded"
PP_RETF,10,3,10,nsw-couchdb0,intra-channel_retf-core,BenchmarkWorkflow:e6-wf-pp_retf-c10-i0-r3-wfalse,48,502,550,55.000000000,629,0,true,"persisted CouchDB key plus compact application value; physical DB files, indexes, block files and protobuf envelopes excluded"
PP_RETF,10,4,10,nsw-couchdb0,intra-channel_retf-core,BenchmarkWorkflow:e6-wf-pp_retf-c10-i0-r4-wfalse,48,502,550,55.000000000,629,0,true,"persisted CouchDB key plus compact application value; physical DB files, indexes, block files and protobuf envelopes excluded"
PP_RETF,10,5,10,nsw-couchdb0,intra-channel_retf-core,BenchmarkWorkflow:e6-wf-pp_retf-c10-i0-r5-wfalse,48,502,550,55.000000000,629,0,true,"persisted CouchDB key plus compact application value; physical DB files, indexes, block files and protobuf envelopes excluded"
PP_RETF,10,6,10,nsw-couchdb0,intra-channel_retf-core,BenchmarkWorkflow:e6-wf-pp_retf-c10-i0-r6-wfalse,48,502,550,55.000000000,629,0,true,"persisted CouchDB key plus compact application value; physical DB files, indexes, block files and protobuf envelopes excluded"
PP_RETF,10,7,10,nsw-couchdb0,intra-channel_retf-core,BenchmarkWorkflow:e6-wf-pp_retf-c10-i0-r7-wfalse,48,502,550,55.000000000,629,0,true,"persisted CouchDB key plus compact application value; physical DB files, indexes, block files and protobuf envelopes excluded"
PP_RETF,10,8,10,nsw-couchdb0,intra-channel_retf-core,BenchmarkWorkflow:e6-wf-pp_retf-c10-i0-r8-wfalse,48,502,550,55.000000000,629,0,true,"persisted CouchDB key plus compact application value; physical DB files, indexes, block files and protobuf envelopes excluded"
PP_RETF,10,9,10,nsw-couchdb0,intra-channel_retf-core,BenchmarkWorkflow:e6-wf-pp_retf-c10-i0-r9-wfalse,48,502,550,55.000000000,629,0,true,"persisted CouchDB key plus compact application value; physical DB files, indexes, block files and protobuf envelopes excluded"
PP_RETF,10,10,10,nsw-couchdb0,intra-channel_retf-core,BenchmarkWorkflow:e6-wf-pp_retf-c10-i0-r10-wfalse,49,503,552,55.200000000,631,0,true,"persisted CouchDB key plus compact application value; physical DB files, indexes, block files and protobuf envelopes excluded"
PP_RETF,10,11,10,nsw-couchdb0,intra-channel_retf-core,BenchmarkWorkflow:e6-wf-pp_retf-c10-i0-r11-wfalse,49,503,552,55.200000000,631,0,true,"persisted CouchDB key plus compact application value; physical DB files, indexes, block files and protobuf envelopes excluded"
PP_RETF,10,12,10,nsw-couchdb0,intra-channel_retf-core,BenchmarkWorkflow:e6-wf-pp_retf-c10-i0-r12-wfalse,49,503,552,55.200000000,631,0,true,"persisted CouchDB key plus compact application value; physical DB files, indexes, block files and protobuf envelopes excluded"
PP_RETF,10,13,10,nsw-couchdb0,intra-channel_retf-core,BenchmarkWorkflow:e6-wf-pp_retf-c10-i0-r13-wfalse,49,503,552,55.200000000,631,0,true,"persisted CouchDB key plus compact application value; physical DB files, indexes, block files and protobuf envelopes excluded"
PP_RETF,10,14,10,nsw-couchdb0,intra-channel_retf-core,BenchmarkWorkflow:e6-wf-pp_retf-c10-i0-r14-wfalse,49,503,552,55.200000000,631,0,true,"persisted CouchDB key plus compact application value; physical DB files, indexes, block files and protobuf envelopes excluded"
PP_RETF,10,15,10,nsw-couchdb0,intra-channel_retf-core,BenchmarkWorkflow:e6-wf-pp_retf-c10-i0-r15-wfalse,49,503,552,55.200000000,631,0,true,"persisted CouchDB key plus compact application value; physical DB files, indexes, block files and protobuf envelopes excluded"
PP_RETF,10,16,10,nsw-couchdb0,intra-channel_retf-core,BenchmarkWorkflow:e6-wf-pp_retf-c10-i0-r16-wfalse,49,503,552,55.200000000,631,0,true,"persisted CouchDB key plus compact application value; physical DB files, indexes, block files and protobuf envelopes excluded"
PP_RETF,10,17,10,nsw-couchdb0,intra-channel_retf-core,BenchmarkWorkflow:e6-wf-pp_retf-c10-i0-r17-wfalse,49,503,552,55.200000000,631,0,true,"persisted CouchDB key plus compact application value; physical DB files, indexes, block files and protobuf envelopes excluded"
PP_RETF,10,18,10,nsw-couchdb0,intra-channel_retf-core,BenchmarkWorkflow:e6-wf-pp_retf-c10-i0-r18-wfalse,49,503,552,55.200000000,631,0,true,"persisted CouchDB key plus compact application value; physical DB files, indexes, block files and protobuf envelopes excluded"
PP_RETF,10,19,10,nsw-couchdb0,intra-channel_retf-core,BenchmarkWorkflow:e6-wf-pp_retf-c10-i0-r19-wfalse,49,503,552,55.200000000,631,0,true,"persisted CouchDB key plus compact application value; physical DB files, indexes, block files and protobuf envelopes excluded"
PP_RETF,10,20,10,nsw-couchdb0,intra-channel_retf-core,BenchmarkWorkflow:e6-wf-pp_retf-c10-i0-r20-wfalse,49,503,552,55.200000000,627,0,true,"persisted CouchDB key plus compact application value; physical DB files, indexes, block files and protobuf envelopes excluded"
PP_RETF,10,21,10,nsw-couchdb0,intra-channel_retf-core,BenchmarkWorkflow:e6-wf-pp_retf-c10-i0-r21-wfalse,49,503,552,55.200000000,631,0,true,"persisted CouchDB key plus compact application value; physical DB files, indexes, block files and protobuf envelopes excluded"
PP_RETF,10,22,10,nsw-couchdb0,intra-channel_retf-core,BenchmarkWorkflow:e6-wf-pp_retf-c10-i0-r22-wfalse,49,503,552,55.200000000,631,0,true,"persisted CouchDB key plus compact application value; physical DB files, indexes, block files and protobuf envelopes excluded"
PP_RETF,10,23,10,nsw-couchdb0,intra-channel_retf-core,BenchmarkWorkflow:e6-wf-pp_retf-c10-i0-r23-wfalse,49,503,552,55.200000000,631,0,true,"persisted CouchDB key plus compact application value; physical DB files, indexes, block files and protobuf envelopes excluded"
PP_RETF,10,24,10,nsw-couchdb0,intra-channel_retf-core,BenchmarkWorkflow:e6-wf-pp_retf-c10-i0-r24-wfalse,49,503,552,55.200000000,627,0,true,"persisted CouchDB key plus compact application value; physical DB files, indexes, block files and protobuf envelopes excluded"
PP_RETF,10,25,10,nsw-couchdb0,intra-channel_retf-core,BenchmarkWorkflow:e6-wf-pp_retf-c10-i0-r25-wfalse,49,503,552,55.200000000,631,0,true,"persisted CouchDB key plus compact application value; physical DB files, indexes, block files and protobuf envelopes excluded"
PP_RETF,10,26,10,nsw-couchdb0,intra-channel_retf-core,BenchmarkWorkflow:e6-wf-pp_retf-c10-i0-r26-wfalse,49,503,552,55.200000000,631,0,true,"persisted CouchDB key plus compact application value; physical DB files, indexes, block files and protobuf envelopes excluded"
PP_RETF,10,27,10,nsw-couchdb0,intra-channel_retf-core,BenchmarkWorkflow:e6-wf-pp_retf-c10-i0-r27-wfalse,49,503,552,55.200000000,631,0,true,"persisted CouchDB key plus compact application value; physical DB files, indexes, block files and protobuf envelopes excluded"
PP_RETF,10,28,10,nsw-couchdb0,intra-channel_retf-core,BenchmarkWorkflow:e6-wf-pp_retf-c10-i0-r28-wfalse,49,503,552,55.200000000,631,0,true,"persisted CouchDB key plus compact application value; physical DB files, indexes, block files and protobuf envelopes excluded"
PP_RETF,10,29,10,nsw-couchdb0,intra-channel_retf-core,BenchmarkWorkflow:e6-wf-pp_retf-c10-i0-r29-wfalse,49,503,552,55.200000000,627,0,true,"persisted CouchDB key plus compact application value; physical DB files, indexes, block files and protobuf envelopes excluded"
PP_RETF,10,30,10,nsw-couchdb0,intra-channel_retf-core,BenchmarkWorkflow:e6-wf-pp_retf-c10-i0-r30-wfalse,49,503,552,55.200000000,631,0,true,"persisted CouchDB key plus compact application value; physical DB files, indexes, block files and protobuf envelopes excluded"
PP_RETF,10,31,10,nsw-couchdb0,intra-channel_retf-core,BenchmarkWorkflow:e6-wf-pp_retf-c10-i0-r31-wfalse,49,503,552,55.200000000,631,0,true,"persisted CouchDB key plus compact application value; physical DB files, indexes, block files and protobuf envelopes excluded"
PP_RETF,10,32,10,nsw-couchdb0,intra-channel_retf-core,BenchmarkWorkflow:e6-wf-pp_retf-c10-i0-r32-wfalse,49,503,552,55.200000000,631,0,true,"persisted CouchDB key plus compact application value; physical DB files, indexes, block files and protobuf envelopes excluded"
PP_RETF,10,33,10,nsw-couchdb0,intra-channel_retf-core,BenchmarkWorkflow:e6-wf-pp_retf-c10-i0-r33-wfalse,49,503,552,55.200000000,631,0,true,"persisted CouchDB key plus compact application value; physical DB files, indexes, block files and protobuf envelopes excluded"
PP_RETF,10,34,10,nsw-couchdb0,intra-channel_retf-core,BenchmarkWorkflow:e6-wf-pp_retf-c10-i0-r34-wfalse,49,503,552,55.200000000,631,0,true,"persisted CouchDB key plus compact application value; physical DB files, indexes, block files and protobuf envelopes excluded"
PP_RETF,10,35,10,nsw-couchdb0,intra-channel_retf-core,BenchmarkWorkflow:e6-wf-pp_retf-c10-i0-r35-wfalse,49,503,552,55.200000000,631,0,true,"persisted CouchDB key plus compact application value; physical DB files, indexes, block files and protobuf envelopes excluded"
PP_RETF,10,36,10,nsw-couchdb0,intra-channel_retf-core,BenchmarkWorkflow:e6-wf-pp_retf-c10-i0-r36-wfalse,49,503,552,55.200000000,631,0,true,"persisted CouchDB key plus compact application value; physical DB files, indexes, block files and protobuf envelopes excluded"
PP_RETF,10,37,10,nsw-couchdb0,intra-channel_retf-core,BenchmarkWorkflow:e6-wf-pp_retf-c10-i0-r37-wfalse,49,503,552,55.200000000,631,0,true,"persisted CouchDB key plus compact application value; physical DB files, indexes, block files and protobuf envelopes excluded"
PP_RETF,10,38,10,nsw-couchdb0,intra-channel_retf-core,BenchmarkWorkflow:e6-wf-pp_retf-c10-i0-r38-wfalse,49,503,552,55.200000000,631,0,true,"persisted CouchDB key plus compact application value; physical DB files, indexes, block files and protobuf envelopes excluded"
PP_RETF,10,39,10,nsw-couchdb0,intra-channel_retf-core,BenchmarkWorkflow:e6-wf-pp_retf-c10-i0-r39-wfalse,49,503,552,55.200000000,631,0,true,"persisted CouchDB key plus compact application value; physical DB files, indexes, block files and protobuf envelopes excluded"
PP_RETF,10,40,10,nsw-couchdb0,intra-channel_retf-core,BenchmarkWorkflow:e6-wf-pp_retf-c10-i0-r40-wfalse,49,503,552,55.200000000,631,0,true,"persisted CouchDB key plus compact application value; physical DB files, indexes, block files and protobuf envelopes excluded"
PP_RETF,20,1,10,nsw-couchdb0,intra-channel_retf-core,BenchmarkWorkflow:e6-wf-pp_retf-c20-i7-r1-wfalse,48,502,550,55.000000000,629,0,true,"persisted CouchDB key plus compact application value; physical DB files, indexes, block files and protobuf envelopes excluded"
PP_RETF,20,2,10,nsw-couchdb0,intra-channel_retf-core,BenchmarkWorkflow:e6-wf-pp_retf-c20-i7-r2-wfalse,48,502,550,55.000000000,629,0,true,"persisted CouchDB key plus compact application value; physical DB files, indexes, block files and protobuf envelopes excluded"
PP_RETF,20,3,10,nsw-couchdb0,intra-channel_retf-core,BenchmarkWorkflow:e6-wf-pp_retf-c20-i7-r3-wfalse,48,502,550,55.000000000,629,0,true,"persisted CouchDB key plus compact application value; physical DB files, indexes, block files and protobuf envelopes excluded"
PP_RETF,20,4,10,nsw-couchdb0,intra-channel_retf-core,BenchmarkWorkflow:e6-wf-pp_retf-c20-i7-r4-wfalse,48,502,550,55.000000000,629,0,true,"persisted CouchDB key plus compact application value; physical DB files, indexes, block files and protobuf envelopes excluded"
PP_RETF,20,5,10,nsw-couchdb0,intra-channel_retf-core,BenchmarkWorkflow:e6-wf-pp_retf-c20-i7-r5-wfalse,48,502,550,55.000000000,629,0,true,"persisted CouchDB key plus compact application value; physical DB files, indexes, block files and protobuf envelopes excluded"
PP_RETF,20,6,10,nsw-couchdb0,intra-channel_retf-core,BenchmarkWorkflow:e6-wf-pp_retf-c20-i7-r6-wfalse,48,502,550,55.000000000,629,0,true,"persisted CouchDB key plus compact application value; physical DB files, indexes, block files and protobuf envelopes excluded"
PP_RETF,20,7,10,nsw-couchdb0,intra-channel_retf-core,BenchmarkWorkflow:e6-wf-pp_retf-c20-i7-r7-wfalse,48,502,550,55.000000000,629,0,true,"persisted CouchDB key plus compact application value; physical DB files, indexes, block files and protobuf envelopes excluded"
PP_RETF,20,8,10,nsw-couchdb0,intra-channel_retf-core,BenchmarkWorkflow:e6-wf-pp_retf-c20-i7-r8-wfalse,48,502,550,55.000000000,629,0,true,"persisted CouchDB key plus compact application value; physical DB files, indexes, block files and protobuf envelopes excluded"
PP_RETF,20,9,10,nsw-couchdb0,intra-channel_retf-core,BenchmarkWorkflow:e6-wf-pp_retf-c20-i7-r9-wfalse,48,502,550,55.000000000,629,0,true,"persisted CouchDB key plus compact application value; physical DB files, indexes, block files and protobuf envelopes excluded"
PP_RETF,20,10,10,nsw-couchdb0,intra-channel_retf-core,BenchmarkWorkflow:e6-wf-pp_retf-c20-i7-r10-wfalse,49,503,552,55.200000000,631,0,true,"persisted CouchDB key plus compact application value; physical DB files, indexes, block files and protobuf envelopes excluded"
PP_RETF,20,11,10,nsw-couchdb0,intra-channel_retf-core,BenchmarkWorkflow:e6-wf-pp_retf-c20-i7-r11-wfalse,49,503,552,55.200000000,627,0,true,"persisted CouchDB key plus compact application value; physical DB files, indexes, block files and protobuf envelopes excluded"
PP_RETF,20,12,10,nsw-couchdb0,intra-channel_retf-core,BenchmarkWorkflow:e6-wf-pp_retf-c20-i7-r12-wfalse,49,503,552,55.200000000,627,0,true,"persisted CouchDB key plus compact application value; physical DB files, indexes, block files and protobuf envelopes excluded"
PP_RETF,20,13,10,nsw-couchdb0,intra-channel_retf-core,BenchmarkWorkflow:e6-wf-pp_retf-c20-i7-r13-wfalse,49,503,552,55.200000000,631,0,true,"persisted CouchDB key plus compact application value; physical DB files, indexes, block files and protobuf envelopes excluded"
PP_RETF,20,14,10,nsw-couchdb0,intra-channel_retf-core,BenchmarkWorkflow:e6-wf-pp_retf-c20-i7-r14-wfalse,49,503,552,55.200000000,631,0,true,"persisted CouchDB key plus compact application value; physical DB files, indexes, block files and protobuf envelopes excluded"
PP_RETF,20,15,10,nsw-couchdb0,intra-channel_retf-core,BenchmarkWorkflow:e6-wf-pp_retf-c20-i7-r15-wfalse,49,503,552,55.200000000,631,0,true,"persisted CouchDB key plus compact application value; physical DB files, indexes, block files and protobuf envelopes excluded"
PP_RETF,20,16,10,nsw-couchdb0,intra-channel_retf-core,BenchmarkWorkflow:e6-wf-pp_retf-c20-i7-r16-wfalse,49,503,552,55.200000000,631,0,true,"persisted CouchDB key plus compact application value; physical DB files, indexes, block files and protobuf envelopes excluded"
PP_RETF,20,17,10,nsw-couchdb0,intra-channel_retf-core,BenchmarkWorkflow:e6-wf-pp_retf-c20-i7-r17-wfalse,49,503,552,55.200000000,631,0,true,"persisted CouchDB key plus compact application value; physical DB files, indexes, block files and protobuf envelopes excluded"
PP_RETF,20,18,10,nsw-couchdb0,intra-channel_retf-core,BenchmarkWorkflow:e6-wf-pp_retf-c20-i7-r18-wfalse,49,503,552,55.200000000,631,0,true,"persisted CouchDB key plus compact application value; physical DB files, indexes, block files and protobuf envelopes excluded"
PP_RETF,20,19,10,nsw-couchdb0,intra-channel_retf-core,BenchmarkWorkflow:e6-wf-pp_retf-c20-i7-r19-wfalse,49,503,552,55.200000000,627,0,true,"persisted CouchDB key plus compact application value; physical DB files, indexes, block files and protobuf envelopes excluded"
PP_RETF,20,20,10,nsw-couchdb0,intra-channel_retf-core,BenchmarkWorkflow:e6-wf-pp_retf-c20-i7-r20-wfalse,49,503,552,55.200000000,631,0,true,"persisted CouchDB key plus compact application value; physical DB files, indexes, block files and protobuf envelopes excluded"
PP_RETF,20,21,10,nsw-couchdb0,intra-channel_retf-core,BenchmarkWorkflow:e6-wf-pp_retf-c20-i7-r21-wfalse,49,503,552,55.200000000,631,0,true,"persisted CouchDB key plus compact application value; physical DB files, indexes, block files and protobuf envelopes excluded"
PP_RETF,20,22,10,nsw-couchdb0,intra-channel_retf-core,BenchmarkWorkflow:e6-wf-pp_retf-c20-i7-r22-wfalse,49,503,552,55.200000000,631,0,true,"persisted CouchDB key plus compact application value; physical DB files, indexes, block files and protobuf envelopes excluded"
PP_RETF,20,23,10,nsw-couchdb0,intra-channel_retf-core,BenchmarkWorkflow:e6-wf-pp_retf-c20-i7-r23-wfalse,49,503,552,55.200000000,631,0,true,"persisted CouchDB key plus compact application value; physical DB files, indexes, block files and protobuf envelopes excluded"
PP_RETF,20,24,10,nsw-couchdb0,intra-channel_retf-core,BenchmarkWorkflow:e6-wf-pp_retf-c20-i7-r24-wfalse,49,503,552,55.200000000,631,0,true,"persisted CouchDB key plus compact application value; physical DB files, indexes, block files and protobuf envelopes excluded"
PP_RETF,20,25,10,nsw-couchdb0,intra-channel_retf-core,BenchmarkWorkflow:e6-wf-pp_retf-c20-i7-r25-wfalse,49,503,552,55.200000000,631,0,true,"persisted CouchDB key plus compact application value; physical DB files, indexes, block files and protobuf envelopes excluded"
PP_RETF,20,26,10,nsw-couchdb0,intra-channel_retf-core,BenchmarkWorkflow:e6-wf-pp_retf-c20-i7-r26-wfalse,49,503,552,55.200000000,631,0,true,"persisted CouchDB key plus compact application value; physical DB files, indexes, block files and protobuf envelopes excluded"
PP_RETF,20,27,10,nsw-couchdb0,intra-channel_retf-core,BenchmarkWorkflow:e6-wf-pp_retf-c20-i7-r27-wfalse,49,503,552,55.200000000,631,0,true,"persisted CouchDB key plus compact application value; physical DB files, indexes, block files and protobuf envelopes excluded"
PP_RETF,20,28,10,nsw-couchdb0,intra-channel_retf-core,BenchmarkWorkflow:e6-wf-pp_retf-c20-i7-r28-wfalse,49,503,552,55.200000000,631,0,true,"persisted CouchDB key plus compact application value; physical DB files, indexes, block files and protobuf envelopes excluded"
PP_RETF,20,29,10,nsw-couchdb0,intra-channel_retf-core,BenchmarkWorkflow:e6-wf-pp_retf-c20-i7-r29-wfalse,49,503,552,55.200000000,631,0,true,"persisted CouchDB key plus compact application value; physical DB files, indexes, block files and protobuf envelopes excluded"
PP_RETF,20,30,10,nsw-couchdb0,intra-channel_retf-core,BenchmarkWorkflow:e6-wf-pp_retf-c20-i7-r30-wfalse,49,503,552,55.200000000,631,0,true,"persisted CouchDB key plus compact application value; physical DB files, indexes, block files and protobuf envelopes excluded"
PP_RETF,20,31,10,nsw-couchdb0,intra-channel_retf-core,BenchmarkWorkflow:e6-wf-pp_retf-c20-i7-r31-wfalse,49,503,552,55.200000000,631,0,true,"persisted CouchDB key plus compact application value; physical DB files, indexes, block files and protobuf envelopes excluded"
PP_RETF,20,32,10,nsw-couchdb0,intra-channel_retf-core,BenchmarkWorkflow:e6-wf-pp_retf-c20-i7-r32-wfalse,49,503,552,55.200000000,631,0,true,"persisted CouchDB key plus compact application value; physical DB files, indexes, block files and protobuf envelopes excluded"
PP_RETF,20,33,10,nsw-couchdb0,intra-channel_retf-core,BenchmarkWorkflow:e6-wf-pp_retf-c20-i7-r33-wfalse,49,503,552,55.200000000,631,0,true,"persisted CouchDB key plus compact application value; physical DB files, indexes, block files and protobuf envelopes excluded"
PP_RETF,20,34,10,nsw-couchdb0,intra-channel_retf-core,BenchmarkWorkflow:e6-wf-pp_retf-c20-i7-r34-wfalse,49,503,552,55.200000000,631,0,true,"persisted CouchDB key plus compact application value; physical DB files, indexes, block files and protobuf envelopes excluded"
PP_RETF,20,35,10,nsw-couchdb0,intra-channel_retf-core,BenchmarkWorkflow:e6-wf-pp_retf-c20-i7-r35-wfalse,49,503,552,55.200000000,627,0,true,"persisted CouchDB key plus compact application value; physical DB files, indexes, block files and protobuf envelopes excluded"
PP_RETF,20,36,10,nsw-couchdb0,intra-channel_retf-core,BenchmarkWorkflow:e6-wf-pp_retf-c20-i7-r36-wfalse,49,503,552,55.200000000,631,0,true,"persisted CouchDB key plus compact application value; physical DB files, indexes, block files and protobuf envelopes excluded"
PP_RETF,20,37,10,nsw-couchdb0,intra-channel_retf-core,BenchmarkWorkflow:e6-wf-pp_retf-c20-i7-r37-wfalse,49,503,552,55.200000000,631,0,true,"persisted CouchDB key plus compact application value; physical DB files, indexes, block files and protobuf envelopes excluded"
PP_RETF,20,38,10,nsw-couchdb0,intra-channel_retf-core,BenchmarkWorkflow:e6-wf-pp_retf-c20-i7-r38-wfalse,49,503,552,55.200000000,631,0,true,"persisted CouchDB key plus compact application value; physical DB files, indexes, block files and protobuf envelopes excluded"
PP_RETF,20,39,10,nsw-couchdb0,intra-channel_retf-core,BenchmarkWorkflow:e6-wf-pp_retf-c20-i7-r39-wfalse,49,503,552,55.200000000,631,0,true,"persisted CouchDB key plus compact application value; physical DB files, indexes, block files and protobuf envelopes excluded"
PP_RETF,20,40,10,nsw-couchdb0,intra-channel_retf-core,BenchmarkWorkflow:e6-wf-pp_retf-c20-i7-r40-wfalse,49,503,552,55.200000000,631,0,true,"persisted CouchDB key plus compact application value; physical DB files, indexes, block files and protobuf envelopes excluded"
