section,num_users,iteration,add_avg_per_member_ms,witness_generation_ms,verification_ms,revocation_ms,witness_update_ms,operation,success,total_ms,endorsement_ms,ordering_ms,commit_ms,total_invoke_ms,error
local_crypto,100,1,0.003189200000,0.202220000000,0.000000000000,0.000000000000,1.247760000000,,,,,,,,
local_crypto,100,2,0.004027200000,0.000000000000,0.425360000000,0.000000000000,1.423960000000,,,,,,,,
local_crypto,100,3,0.000000000000,0.000000000000,0.523360000000,0.000000000000,1.572380000000,,,,,,,,
local_crypto,100,4,0.004893000000,0.203720000000,0.000000000000,0.000000000000,1.224760000000,,,,,,,,
local_crypto,100,5,0.004274000000,0.000000000000,0.000000000000,0.000000000000,1.692760000000,,,,,,,,
local_crypto,100,6,0.004204200000,0.000000000000,0.000000000000,0.000000000000,1.409220000000,,,,,,,,
local_crypto,100,7,0.003022200000,0.201280000000,0.000000000000,0.000000000000,1.567340000000,,,,,,,,
local_crypto,100,8,0.000000000000,0.000000000000,0.442880000000,0.000000000000,1.455200000000,,,,,,,,
local_crypto,100,9,0.006027400000,0.000000000000,0.199840000000,0.000000000000,1.301420000000,,,,,,,,
local_crypto,100,10,0.004149200000,0.129400000000,0.000000000000,0.000000000000,1.614920000000,,,,,,,,
local_crypto,100,11,0.002957800000,0.101780000000,0.000000000000,0.000000000000,1.472220000000,,,,,,,,
local_crypto,100,12,0.008017600000,0.000000000000,0.199960000000,0.000000000000,1.919120000000,,,,,,,,
local_crypto,100,13,0.001071800000,0.214800000000,0.000000000000,0.000000000000,1.779960000000,,,,,,,,
local_crypto,100,14,0.001073200000,0.106120000000,0.000000000000,0.000000000000,1.952440000000,,,,,,,,
local_crypto,100,15,0.005014800000,0.199700000000,0.199860000000,0.000000000000,1.519140000000,,,,,,,,
local_crypto,100,16,0.002135000000,0.203740000000,0.105920000000,0.000000000000,1.681600000000,,,,,,,,
local_crypto,100,17,0.003727200000,0.206680000000,0.132480000000,0.000000000000,1.214040000000,,,,,,,,
local_crypto,100,18,0.004024800000,0.199560000000,0.000000000000,0.000000000000,1.587960000000,,,,,,,,
local_crypto,100,19,0.006956400000,0.000000000000,0.199860000000,0.000000000000,1.594200000000,,,,,,,,
local_crypto,100,20,0.002024000000,0.000000000000,0.000000000000,0.411800000000,1.421580000000,,,,,,,,
local_crypto,100,21,0.002458800000,0.000000000000,0.201880000000,0.000000000000,1.638780000000,,,,,,,,
local_crypto,100,22,0.000000000000,0.201640000000,0.000000000000,0.000000000000,1.817980000000,,,,,,,,
local_crypto,100,23,0.001012800000,0.000000000000,0.203180000000,0.000000000000,1.743800000000,,,,,,,,
local_crypto,100,24,0.004032200000,0.000000000000,0.000000000000,0.000000000000,1.625260000000,,,,,,,,
local_crypto,100,25,0.003012000000,0.000000000000,0.199900000000,0.000000000000,1.403400000000,,,,,,,,
local_crypto,100,26,0.000000000000,0.000000000000,0.209820000000,0.000000000000,1.825980000000,,,,,,,,
local_crypto,100,27,0.007018400000,0.000000000000,0.199920000000,0.000000000000,1.083380000000,,,,,,,,
local_crypto,100,28,0.005831200000,0.000000000000,0.501880000000,0.000000000000,0.986960000000,,,,,,,,
local_crypto,100,29,0.001067400000,0.107900000000,0.200260000000,0.000000000000,1.674960000000,,,,,,,,
local_crypto,100,30,0.000000000000,0.211460000000,0.203760000000,0.000000000000,1.460680000000,,,,,,,,
local_crypto,500,1,0.003037880000,0.225400000000,0.000000000000,0.199660000000,7.710100000000,,,,,,,,
local_crypto,500,2,0.003802680000,0.000000000000,0.000000000000,0.000000000000,8.359980000000,,,,,,,,
local_crypto,500,3,0.002442000000,0.000000000000,0.000000000000,0.000000000000,8.223960000000,,,,,,,,
local_crypto,500,4,0.003178160000,0.000000000000,0.213960000000,0.000000000000,7.647300000000,,,,,,,,
local_crypto,500,5,0.004057040000,0.000000000000,0.108500000000,0.000000000000,7.931280000000,,,,,,,,
local_crypto,500,6,0.004879280000,0.313120000000,0.000000000000,0.000000000000,8.375820000000,,,,,,,,
local_crypto,500,7,0.003821080000,0.000000000000,0.199780000000,0.000000000000,9.144140000000,,,,,,,,
local_crypto,500,8,0.004468360000,0.000000000000,0.000000000000,0.000000000000,8.524280000000,,,,,,,,
local_crypto,500,9,0.003778520000,0.000000000000,0.215040000000,0.000000000000,8.220960000000,,,,,,,,
local_crypto,500,10,0.003826480000,0.000000000000,0.000000000000,0.000000000000,7.915180000000,,,,,,,,
local_crypto,500,11,0.004194080000,0.000000000000,0.108760000000,0.213940000000,9.236120000000,,,,,,,,
local_crypto,500,12,0.004034040000,0.200580000000,0.000000000000,0.000000000000,7.659620000000,,,,,,,,
local_crypto,500,13,0.004577040000,0.000000000000,0.199680000000,0.000000000000,7.571660000000,,,,,,,,
local_crypto,500,14,0.004676440000,0.000000000000,0.000000000000,0.000000000000,8.102120000000,,,,,,,,
local_crypto,500,15,0.002511240000,0.000000000000,0.400040000000,0.000000000000,8.720760000000,,,,,,,,
local_crypto,500,16,0.003881520000,0.218540000000,0.000000000000,0.000000000000,8.625480000000,,,,,,,,
local_crypto,500,17,0.002793280000,0.000000000000,0.450960000000,0.000000000000,8.629460000000,,,,,,,,
local_crypto,500,18,0.004017800000,0.000000000000,0.216460000000,0.105360000000,8.202940000000,,,,,,,,
local_crypto,500,19,0.003584200000,0.000000000000,0.105200000000,0.000000000000,7.272460000000,,,,,,,,
local_crypto,500,20,0.003204000000,0.000000000000,0.199940000000,0.000000000000,8.271360000000,,,,,,,,
local_crypto,500,21,0.003877360000,0.000000000000,0.200480000000,0.000000000000,8.335360000000,,,,,,,,
local_crypto,500,22,0.002598840000,0.399240000000,0.000000000000,0.000000000000,7.720940000000,,,,,,,,
local_crypto,500,23,0.002835720000,0.000000000000,0.201300000000,0.000000000000,7.663860000000,,,,,,,,
local_crypto,500,24,0.002999240000,0.000000000000,0.399220000000,0.000000000000,7.511720000000,,,,,,,,
local_crypto,500,25,0.004205840000,0.000000000000,0.200080000000,0.000000000000,7.508520000000,,,,,,,,
local_crypto,500,26,0.004003480000,0.400260000000,0.400080000000,0.000000000000,8.016680000000,,,,,,,,
local_crypto,500,27,0.002799760000,0.000000000000,0.399400000000,0.000000000000,8.470280000000,,,,,,,,
local_crypto,500,28,0.004266440000,0.108800000000,0.000000000000,0.000000000000,9.219140000000,,,,,,,,
local_crypto,500,29,0.003892560000,0.000000000000,0.306140000000,0.106420000000,7.948220000000,,,,,,,,
local_crypto,500,30,0.004484280000,0.399780000000,0.303160000000,0.000000000000,7.915780000000,,,,,,,,
local_crypto,1000,1,0.004148560000,0.000000000000,0.106780000000,0.000000000000,17.290560000000,,,,,,,,
local_crypto,1000,2,0.003307080000,0.000000000000,0.105660000000,0.000000000000,15.847940000000,,,,,,,,
local_crypto,1000,3,0.003492000000,0.000000000000,0.400260000000,0.000000000000,15.198500000000,,,,,,,,
local_crypto,1000,4,0.003647680000,0.199360000000,0.000000000000,0.199700000000,17.057160000000,,,,,,,,
local_crypto,1000,5,0.003751040000,0.000000000000,0.000000000000,0.000000000000,17.142820000000,,,,,,,,
local_crypto,1000,6,0.003317780000,0.000000000000,0.284380000000,0.000000000000,15.778380000000,,,,,,,,
local_crypto,1000,7,0.003575980000,0.000000000000,0.000000000000,0.000000000000,15.595580000000,,,,,,,,
local_crypto,1000,8,0.003309700000,0.200020000000,0.000000000000,0.000000000000,16.959540000000,,,,,,,,
local_crypto,1000,9,0.003093720000,0.000000000000,0.000000000000,0.000000000000,17.167780000000,,,,,,,,
local_crypto,1000,10,0.003186160000,0.277120000000,0.000000000000,0.000000000000,15.950340000000,,,,,,,,
local_crypto,1000,11,0.003709280000,0.199940000000,0.000000000000,0.000000000000,15.830260000000,,,,,,,,
local_crypto,1000,12,0.003364000000,0.000000000000,0.000000000000,0.000000000000,17.284540000000,,,,,,,,
local_crypto,1000,13,0.003666480000,0.000000000000,0.000000000000,0.202360000000,15.634440000000,,,,,,,,
local_crypto,1000,14,0.003554260000,0.300680000000,0.000000000000,0.199960000000,15.820560000000,,,,,,,,
local_crypto,1000,15,0.003535420000,0.000000000000,0.000000000000,0.346520000000,18.610800000000,,,,,,,,
local_crypto,1000,16,0.004311000000,0.000000000000,0.000000000000,0.000000000000,21.590900000000,,,,,,,,
local_crypto,1000,17,0.003913520000,0.000000000000,0.105500000000,0.000000000000,16.859540000000,,,,,,,,
local_crypto,1000,18,0.003511340000,0.000000000000,0.000000000000,0.000000000000,18.455780000000,,,,,,,,
local_crypto,1000,19,0.003362840000,0.409700000000,0.000000000000,0.000000000000,16.251460000000,,,,,,,,
local_crypto,1000,20,0.003317500000,0.212280000000,0.211740000000,0.000000000000,17.881060000000,,,,,,,,
local_crypto,1000,21,0.002953560000,0.000000000000,0.000000000000,0.000000000000,15.899600000000,,,,,,,,
local_crypto,1000,22,0.002841240000,0.570560000000,0.000000000000,0.000000000000,15.679040000000,,,,,,,,
local_crypto,1000,23,0.003327660000,0.000000000000,0.000000000000,0.000000000000,18.361360000000,,,,,,,,
local_crypto,1000,24,0.003725740000,0.219160000000,0.000000000000,0.000000000000,19.061240000000,,,,,,,,
local_crypto,1000,25,0.005160320000,0.256040000000,0.000000000000,0.000000000000,26.880720000000,,,,,,,,
local_crypto,1000,26,0.004635540000,0.000000000000,0.320180000000,0.000000000000,21.975560000000,,,,,,,,
local_crypto,1000,27,0.003159580000,0.218400000000,0.207460000000,0.000000000000,20.204880000000,,,,,,,,
local_crypto,1000,28,0.003074820000,0.000000000000,0.101220000000,0.000000000000,17.523660000000,,,,,,,,
local_crypto,1000,29,0.003039320000,0.200040000000,0.000000000000,0.000000000000,16.123700000000,,,,,,,,
local_crypto,1000,30,0.004053920000,0.000000000000,0.000000000000,0.000000000000,16.094880000000,,,,,,,,
local_crypto,5000,1,0.004002296000,0.415840000000,0.106280000000,0.000000000000,96.858120000000,,,,,,,,
local_crypto,5000,2,0.004585852000,0.309020000000,0.107380000000,0.000000000000,97.265340000000,,,,,,,,
local_crypto,5000,3,0.003748712000,0.212840000000,0.200240000000,0.000000000000,90.510900000000,,,,,,,,
local_crypto,5000,4,0.003801816000,0.201300000000,0.000000000000,0.000000000000,91.230280000000,,,,,,,,
local_crypto,5000,5,0.003606628000,0.000000000000,0.401080000000,0.000000000000,91.989620000000,,,,,,,,
local_crypto,5000,6,0.004012784000,0.000000000000,0.000000000000,0.238720000000,98.778520000000,,,,,,,,
local_crypto,5000,7,0.004029404000,0.000000000000,0.000000000000,0.000000000000,94.081440000000,,,,,,,,
local_crypto,5000,8,0.003797068000,0.203780000000,0.504240000000,0.201640000000,88.455820000000,,,,,,,,
local_crypto,5000,9,0.003690268000,0.000000000000,0.000000000000,0.202940000000,89.516720000000,,,,,,,,
local_crypto,5000,10,0.003786148000,0.108760000000,0.000000000000,0.000000000000,90.393420000000,,,,,,,,
local_crypto,5000,11,0.003956608000,0.000000000000,0.000000000000,0.000000000000,93.333760000000,,,,,,,,
local_crypto,5000,12,0.003771572000,0.000000000000,0.000000000000,0.000000000000,91.730440000000,,,,,,,,
local_crypto,5000,13,0.003863460000,0.000000000000,0.000000000000,0.000000000000,91.418720000000,,,,,,,,
local_crypto,5000,14,0.004119740000,0.334000000000,0.000000000000,0.000000000000,104.793760000000,,,,,,,,
local_crypto,5000,15,0.003925092000,0.239020000000,0.213200000000,0.000000000000,103.783980000000,,,,,,,,
local_crypto,5000,16,0.004385944000,0.105520000000,0.000000000000,0.000000000000,94.590980000000,,,,,,,,
local_crypto,5000,17,0.003811424000,0.000000000000,0.200160000000,0.000000000000,95.771680000000,,,,,,,,
local_crypto,5000,18,0.004421448000,0.109700000000,0.216760000000,0.000000000000,103.261380000000,,,,,,,,
local_crypto,5000,19,0.004524472000,0.000000000000,0.000000000000,0.108700000000,96.887260000000,,,,,,,,
local_crypto,5000,20,0.003953172000,0.106680000000,0.000000000000,0.204400000000,91.017520000000,,,,,,,,
local_crypto,5000,21,0.003852556000,0.199760000000,0.204240000000,0.000000000000,88.772260000000,,,,,,,,
local_crypto,5000,22,0.003769532000,0.200780000000,0.000000000000,0.000000000000,91.164860000000,,,,,,,,
local_crypto,5000,23,0.003889664000,0.000000000000,0.468260000000,0.000000000000,89.418900000000,,,,,,,,
local_crypto,5000,24,0.003993188000,0.000000000000,0.200140000000,0.000000000000,96.755260000000,,,,,,,,
local_crypto,5000,25,0.003595588000,0.200900000000,0.199840000000,0.000000000000,88.241740000000,,,,,,,,
local_crypto,5000,26,0.003749600000,0.199880000000,0.241000000000,0.000000000000,95.567500000000,,,,,,,,
local_crypto,5000,27,0.003828364000,0.000000000000,0.399960000000,0.000000000000,89.031860000000,,,,,,,,
local_crypto,5000,28,0.004054980000,0.000000000000,0.200400000000,0.000000000000,90.554200000000,,,,,,,,
local_crypto,5000,29,0.003785192000,0.000000000000,0.365160000000,0.000000000000,89.420720000000,,,,,,,,
local_crypto,5000,30,0.003988472000,0.000000000000,0.000000000000,0.000000000000,88.309980000000,,,,,,,,
chain_invocation,,,,,,,,VerifyMembership,false,4.268500000000,4.268500000000,0.000000000000,0.000000000000,4.268500000000,"rpc error: code = Unknown desc = evaluate call to endorser returned error: chaincode response 500, Function GetAllUsers not found in contract SmartContract"
chain_invocation,,,,,,,,SubmitTask,false,6.482700000000,6.482700000000,0.000000000000,0.000000000000,6.482700000000,"rpc error: code = Unknown desc = evaluate call to endorser returned error: chaincode response 500, Function GetNormalizedOrders not found in contract SmartContract"
chain_invocation,,,,,,,,SubmitResult,false,6.011200000000,6.011200000000,0.000000000000,0.000000000000,6.011200000000,"rpc error: code = Unknown desc = evaluate call to endorser returned error: chaincode response 500, Function GetAccumulatorInfo not found in contract SmartContract"
chain_invocation,,,,,,,,Verify committee signatures,false,5.540400000000,5.540400000000,0.000000000000,0.000000000000,5.540400000000,"rpc error: code = Unknown desc = evaluate call to endorser returned error: chaincode response 500, Function GetPendingOrders not found in contract SmartContract"
chain_invocation,,,,,,,,Query finalized state,false,5.247900000000,5.247900000000,0.000000000000,0.000000000000,5.247900000000,"rpc error: code = Unknown desc = evaluate call to endorser returned error: chaincode response 500, Function GetOrdersByRegion not found in contract SmartContract"
chain_invocation,,,,,,,,VerifyMembership,false,3.909000000000,3.909000000000,0.000000000000,0.000000000000,3.909000000000,"rpc error: code = Unknown desc = evaluate call to endorser returned error: chaincode response 500, Function GetAllUsers not found in contract SmartContract"
chain_invocation,,,,,,,,SubmitTask,false,4.382900000000,4.382900000000,0.000000000000,0.000000000000,4.382900000000,"rpc error: code = Unknown desc = evaluate call to endorser returned error: chaincode response 500, Function GetNormalizedOrders not found in contract SmartContract"
chain_invocation,,,,,,,,SubmitResult,false,4.041200000000,4.041200000000,0.000000000000,0.000000000000,4.041200000000,"rpc error: code = Unknown desc = evaluate call to endorser returned error: chaincode response 500, Function GetAccumulatorInfo not found in contract SmartContract"
chain_invocation,,,,,,,,Verify committee signatures,false,4.422600000000,4.422600000000,0.000000000000,0.000000000000,4.422600000000,"rpc error: code = Unknown desc = evaluate call to endorser returned error: chaincode response 500, Function GetPendingOrders not found in contract SmartContract"
chain_invocation,,,,,,,,Query finalized state,false,5.076800000000,5.076800000000,0.000000000000,0.000000000000,5.076800000000,"rpc error: code = Unknown desc = evaluate call to endorser returned error: chaincode response 500, Function GetOrdersByRegion not found in contract SmartContract"
chain_invocation,,,,,,,,VerifyMembership,false,5.011200000000,5.011200000000,0.000000000000,0.000000000000,5.011200000000,"rpc error: code = Unknown desc = evaluate call to endorser returned error: chaincode response 500, Function GetAllUsers not found in contract SmartContract"
chain_invocation,,,,,,,,SubmitTask,false,4.987000000000,4.987000000000,0.000000000000,0.000000000000,4.987000000000,"rpc error: code = Unknown desc = evaluate call to endorser returned error: chaincode response 500, Function GetNormalizedOrders not found in contract SmartContract"
chain_invocation,,,,,,,,SubmitResult,false,5.038800000000,5.038800000000,0.000000000000,0.000000000000,5.038800000000,"rpc error: code = Unknown desc = evaluate call to endorser returned error: chaincode response 500, Function GetAccumulatorInfo not found in contract SmartContract"
chain_invocation,,,,,,,,Verify committee signatures,false,5.343000000000,5.343000000000,0.000000000000,0.000000000000,5.343000000000,"rpc error: code = Unknown desc = evaluate call to endorser returned error: chaincode response 500, Function GetPendingOrders not found in contract SmartContract"
chain_invocation,,,,,,,,Query finalized state,false,4.903500000000,4.903500000000,0.000000000000,0.000000000000,4.903500000000,"rpc error: code = Unknown desc = evaluate call to endorser returned error: chaincode response 500, Function GetOrdersByRegion not found in contract SmartContract"
chain_invocation,,,,,,,,VerifyMembership,false,5.633700000000,5.633700000000,0.000000000000,0.000000000000,5.633700000000,"rpc error: code = Unknown desc = evaluate call to endorser returned error: chaincode response 500, Function GetAllUsers not found in contract SmartContract"
chain_invocation,,,,,,,,SubmitTask,false,5.156700000000,5.156700000000,0.000000000000,0.000000000000,5.156700000000,"rpc error: code = Unknown desc = evaluate call to endorser returned error: chaincode response 500, Function GetNormalizedOrders not found in contract SmartContract"
chain_invocation,,,,,,,,SubmitResult,false,4.722700000000,4.722700000000,0.000000000000,0.000000000000,4.722700000000,"rpc error: code = Unknown desc = evaluate call to endorser returned error: chaincode response 500, Function GetAccumulatorInfo not found in contract SmartContract"
chain_invocation,,,,,,,,Verify committee signatures,false,5.066500000000,5.066500000000,0.000000000000,0.000000000000,5.066500000000,"rpc error: code = Unknown desc = evaluate call to endorser returned error: chaincode response 500, Function GetPendingOrders not found in contract SmartContract"
chain_invocation,,,,,,,,Query finalized state,false,4.581600000000,4.581600000000,0.000000000000,0.000000000000,4.581600000000,"rpc error: code = Unknown desc = evaluate call to endorser returned error: chaincode response 500, Function GetOrdersByRegion not found in contract SmartContract"
chain_invocation,,,,,,,,VerifyMembership,false,5.619300000000,5.619300000000,0.000000000000,0.000000000000,5.619300000000,"rpc error: code = Unknown desc = evaluate call to endorser returned error: chaincode response 500, Function GetAllUsers not found in contract SmartContract"
chain_invocation,,,,,,,,SubmitTask,false,3.314200000000,3.314200000000,0.000000000000,0.000000000000,3.314200000000,"rpc error: code = Unknown desc = evaluate call to endorser returned error: chaincode response 500, Function GetNormalizedOrders not found in contract SmartContract"
chain_invocation,,,,,,,,SubmitResult,false,4.503400000000,4.503400000000,0.000000000000,0.000000000000,4.503400000000,"rpc error: code = Unknown desc = evaluate call to endorser returned error: chaincode response 500, Function GetAccumulatorInfo not found in contract SmartContract"
chain_invocation,,,,,,,,Verify committee signatures,false,4.913300000000,4.913300000000,0.000000000000,0.000000000000,4.913300000000,"rpc error: code = Unknown desc = evaluate call to endorser returned error: chaincode response 500, Function GetPendingOrders not found in contract SmartContract"
chain_invocation,,,,,,,,Query finalized state,false,4.439700000000,4.439700000000,0.000000000000,0.000000000000,4.439700000000,"rpc error: code = Unknown desc = evaluate call to endorser returned error: chaincode response 500, Function GetOrdersByRegion not found in contract SmartContract"
chain_invocation,,,,,,,,VerifyMembership,false,4.440600000000,4.440600000000,0.000000000000,0.000000000000,4.440600000000,"rpc error: code = Unknown desc = evaluate call to endorser returned error: chaincode response 500, Function GetAllUsers not found in contract SmartContract"
chain_invocation,,,,,,,,SubmitTask,false,4.518700000000,4.518700000000,0.000000000000,0.000000000000,4.518700000000,"rpc error: code = Unknown desc = evaluate call to endorser returned error: chaincode response 500, Function GetNormalizedOrders not found in contract SmartContract"
chain_invocation,,,,,,,,SubmitResult,false,4.904000000000,4.904000000000,0.000000000000,0.000000000000,4.904000000000,"rpc error: code = Unknown desc = evaluate call to endorser returned error: chaincode response 500, Function GetAccumulatorInfo not found in contract SmartContract"
chain_invocation,,,,,,,,Verify committee signatures,false,3.794700000000,3.794700000000,0.000000000000,0.000000000000,3.794700000000,"rpc error: code = Unknown desc = evaluate call to endorser returned error: chaincode response 500, Function GetPendingOrders not found in contract SmartContract"
chain_invocation,,,,,,,,Query finalized state,false,5.711800000000,5.711800000000,0.000000000000,0.000000000000,5.711800000000,"rpc error: code = Unknown desc = evaluate call to endorser returned error: chaincode response 500, Function GetOrdersByRegion not found in contract SmartContract"
chain_invocation,,,,,,,,VerifyMembership,false,5.098400000000,5.098400000000,0.000000000000,0.000000000000,5.098400000000,"rpc error: code = Unknown desc = evaluate call to endorser returned error: chaincode response 500, Function GetAllUsers not found in contract SmartContract"
chain_invocation,,,,,,,,SubmitTask,false,4.481300000000,4.481300000000,0.000000000000,0.000000000000,4.481300000000,"rpc error: code = Unknown desc = evaluate call to endorser returned error: chaincode response 500, Function GetNormalizedOrders not found in contract SmartContract"
chain_invocation,,,,,,,,SubmitResult,false,3.651900000000,3.651900000000,0.000000000000,0.000000000000,3.651900000000,"rpc error: code = Unknown desc = evaluate call to endorser returned error: chaincode response 500, Function GetAccumulatorInfo not found in contract SmartContract"
chain_invocation,,,,,,,,Verify committee signatures,false,4.947200000000,4.947200000000,0.000000000000,0.000000000000,4.947200000000,"rpc error: code = Unknown desc = evaluate call to endorser returned error: chaincode response 500, Function GetPendingOrders not found in contract SmartContract"
chain_invocation,,,,,,,,Query finalized state,false,3.857200000000,3.857200000000,0.000000000000,0.000000000000,3.857200000000,"rpc error: code = Unknown desc = evaluate call to endorser returned error: chaincode response 500, Function GetOrdersByRegion not found in contract SmartContract"
chain_invocation,,,,,,,,VerifyMembership,false,4.571800000000,4.571800000000,0.000000000000,0.000000000000,4.571800000000,"rpc error: code = Unknown desc = evaluate call to endorser returned error: chaincode response 500, Function GetAllUsers not found in contract SmartContract"
chain_invocation,,,,,,,,SubmitTask,false,4.871200000000,4.871200000000,0.000000000000,0.000000000000,4.871200000000,"rpc error: code = Unknown desc = evaluate call to endorser returned error: chaincode response 500, Function GetNormalizedOrders not found in contract SmartContract"
chain_invocation,,,,,,,,SubmitResult,false,3.876500000000,3.876500000000,0.000000000000,0.000000000000,3.876500000000,"rpc error: code = Unknown desc = evaluate call to endorser returned error: chaincode response 500, Function GetAccumulatorInfo not found in contract SmartContract"
chain_invocation,,,,,,,,Verify committee signatures,false,4.854900000000,4.854900000000,0.000000000000,0.000000000000,4.854900000000,"rpc error: code = Unknown desc = evaluate call to endorser returned error: chaincode response 500, Function GetPendingOrders not found in contract SmartContract"
chain_invocation,,,,,,,,Query finalized state,false,4.492200000000,4.492200000000,0.000000000000,0.000000000000,4.492200000000,"rpc error: code = Unknown desc = evaluate call to endorser returned error: chaincode response 500, Function GetOrdersByRegion not found in contract SmartContract"
chain_invocation,,,,,,,,VerifyMembership,false,4.468700000000,4.468700000000,0.000000000000,0.000000000000,4.468700000000,"rpc error: code = Unknown desc = evaluate call to endorser returned error: chaincode response 500, Function GetAllUsers not found in contract SmartContract"
chain_invocation,,,,,,,,SubmitTask,false,2.729200000000,2.729200000000,0.000000000000,0.000000000000,2.729200000000,"rpc error: code = Unknown desc = evaluate call to endorser returned error: chaincode response 500, Function GetNormalizedOrders not found in contract SmartContract"
chain_invocation,,,,,,,,SubmitResult,false,4.505300000000,4.505300000000,0.000000000000,0.000000000000,4.505300000000,"rpc error: code = Unknown desc = evaluate call to endorser returned error: chaincode response 500, Function GetAccumulatorInfo not found in contract SmartContract"
chain_invocation,,,,,,,,Verify committee signatures,false,3.397100000000,3.397100000000,0.000000000000,0.000000000000,3.397100000000,"rpc error: code = Unknown desc = evaluate call to endorser returned error: chaincode response 500, Function GetPendingOrders not found in contract SmartContract"
chain_invocation,,,,,,,,Query finalized state,false,5.130000000000,5.130000000000,0.000000000000,0.000000000000,5.130000000000,"rpc error: code = Unknown desc = evaluate call to endorser returned error: chaincode response 500, Function GetOrdersByRegion not found in contract SmartContract"
chain_invocation,,,,,,,,VerifyMembership,false,2.729100000000,2.729100000000,0.000000000000,0.000000000000,2.729100000000,"rpc error: code = Unknown desc = evaluate call to endorser returned error: chaincode response 500, Function GetAllUsers not found in contract SmartContract"
chain_invocation,,,,,,,,SubmitTask,false,5.205800000000,5.205800000000,0.000000000000,0.000000000000,5.205800000000,"rpc error: code = Unknown desc = evaluate call to endorser returned error: chaincode response 500, Function GetNormalizedOrders not found in contract SmartContract"
chain_invocation,,,,,,,,SubmitResult,false,3.847400000000,3.847400000000,0.000000000000,0.000000000000,3.847400000000,"rpc error: code = Unknown desc = evaluate call to endorser returned error: chaincode response 500, Function GetAccumulatorInfo not found in contract SmartContract"
chain_invocation,,,,,,,,Verify committee signatures,false,3.891700000000,3.891700000000,0.000000000000,0.000000000000,3.891700000000,"rpc error: code = Unknown desc = evaluate call to endorser returned error: chaincode response 500, Function GetPendingOrders not found in contract SmartContract"
chain_invocation,,,,,,,,Query finalized state,false,3.228800000000,3.228800000000,0.000000000000,0.000000000000,3.228800000000,"rpc error: code = Unknown desc = evaluate call to endorser returned error: chaincode response 500, Function GetOrdersByRegion not found in contract SmartContract"
chain_invocation,,,,,,,,VerifyMembership,false,5.171500000000,5.171500000000,0.000000000000,0.000000000000,5.171500000000,"rpc error: code = Unknown desc = evaluate call to endorser returned error: chaincode response 500, Function GetAllUsers not found in contract SmartContract"
chain_invocation,,,,,,,,SubmitTask,false,3.266900000000,3.266900000000,0.000000000000,0.000000000000,3.266900000000,"rpc error: code = Unknown desc = evaluate call to endorser returned error: chaincode response 500, Function GetNormalizedOrders not found in contract SmartContract"
chain_invocation,,,,,,,,SubmitResult,false,5.037200000000,5.037200000000,0.000000000000,0.000000000000,5.037200000000,"rpc error: code = Unknown desc = evaluate call to endorser returned error: chaincode response 500, Function GetAccumulatorInfo not found in contract SmartContract"
chain_invocation,,,,,,,,Verify committee signatures,false,3.278800000000,3.278800000000,0.000000000000,0.000000000000,3.278800000000,"rpc error: code = Unknown desc = evaluate call to endorser returned error: chaincode response 500, Function GetPendingOrders not found in contract SmartContract"
chain_invocation,,,,,,,,Query finalized state,false,5.225800000000,5.225800000000,0.000000000000,0.000000000000,5.225800000000,"rpc error: code = Unknown desc = evaluate call to endorser returned error: chaincode response 500, Function GetOrdersByRegion not found in contract SmartContract"
chain_invocation,,,,,,,,VerifyMembership,false,3.266000000000,3.266000000000,0.000000000000,0.000000000000,3.266000000000,"rpc error: code = Unknown desc = evaluate call to endorser returned error: chaincode response 500, Function GetAllUsers not found in contract SmartContract"
chain_invocation,,,,,,,,SubmitTask,false,3.927700000000,3.927700000000,0.000000000000,0.000000000000,3.927700000000,"rpc error: code = Unknown desc = evaluate call to endorser returned error: chaincode response 500, Function GetNormalizedOrders not found in contract SmartContract"
chain_invocation,,,,,,,,SubmitResult,false,2.736700000000,2.736700000000,0.000000000000,0.000000000000,2.736700000000,"rpc error: code = Unknown desc = evaluate call to endorser returned error: chaincode response 500, Function GetAccumulatorInfo not found in contract SmartContract"
chain_invocation,,,,,,,,Verify committee signatures,false,3.674700000000,3.674700000000,0.000000000000,0.000000000000,3.674700000000,"rpc error: code = Unknown desc = evaluate call to endorser returned error: chaincode response 500, Function GetPendingOrders not found in contract SmartContract"
chain_invocation,,,,,,,,Query finalized state,false,4.446200000000,4.446200000000,0.000000000000,0.000000000000,4.446200000000,"rpc error: code = Unknown desc = evaluate call to endorser returned error: chaincode response 500, Function GetOrdersByRegion not found in contract SmartContract"
chain_invocation,,,,,,,,VerifyMembership,false,3.915900000000,3.915900000000,0.000000000000,0.000000000000,3.915900000000,"rpc error: code = Unknown desc = evaluate call to endorser returned error: chaincode response 500, Function GetAllUsers not found in contract SmartContract"
chain_invocation,,,,,,,,SubmitTask,false,3.265000000000,3.265000000000,0.000000000000,0.000000000000,3.265000000000,"rpc error: code = Unknown desc = evaluate call to endorser returned error: chaincode response 500, Function GetNormalizedOrders not found in contract SmartContract"
chain_invocation,,,,,,,,SubmitResult,false,4.134500000000,4.134500000000,0.000000000000,0.000000000000,4.134500000000,"rpc error: code = Unknown desc = evaluate call to endorser returned error: chaincode response 500, Function GetAccumulatorInfo not found in contract SmartContract"
chain_invocation,,,,,,,,Verify committee signatures,false,4.399900000000,4.399900000000,0.000000000000,0.000000000000,4.399900000000,"rpc error: code = Unknown desc = evaluate call to endorser returned error: chaincode response 500, Function GetPendingOrders not found in contract SmartContract"
chain_invocation,,,,,,,,Query finalized state,false,3.370200000000,3.370200000000,0.000000000000,0.000000000000,3.370200000000,"rpc error: code = Unknown desc = evaluate call to endorser returned error: chaincode response 500, Function GetOrdersByRegion not found in contract SmartContract"
chain_invocation,,,,,,,,VerifyMembership,false,3.861500000000,3.861500000000,0.000000000000,0.000000000000,3.861500000000,"rpc error: code = Unknown desc = evaluate call to endorser returned error: chaincode response 500, Function GetAllUsers not found in contract SmartContract"
chain_invocation,,,,,,,,SubmitTask,false,2.861400000000,2.861400000000,0.000000000000,0.000000000000,2.861400000000,"rpc error: code = Unknown desc = evaluate call to endorser returned error: chaincode response 500, Function GetNormalizedOrders not found in contract SmartContract"
chain_invocation,,,,,,,,SubmitResult,false,4.582700000000,4.582700000000,0.000000000000,0.000000000000,4.582700000000,"rpc error: code = Unknown desc = evaluate call to endorser returned error: chaincode response 500, Function GetAccumulatorInfo not found in contract SmartContract"
chain_invocation,,,,,,,,Verify committee signatures,false,3.278700000000,3.278700000000,0.000000000000,0.000000000000,3.278700000000,"rpc error: code = Unknown desc = evaluate call to endorser returned error: chaincode response 500, Function GetPendingOrders not found in contract SmartContract"
chain_invocation,,,,,,,,Query finalized state,false,4.545800000000,4.545800000000,0.000000000000,0.000000000000,4.545800000000,"rpc error: code = Unknown desc = evaluate call to endorser returned error: chaincode response 500, Function GetOrdersByRegion not found in contract SmartContract"
chain_invocation,,,,,,,,VerifyMembership,false,3.426300000000,3.426300000000,0.000000000000,0.000000000000,3.426300000000,"rpc error: code = Unknown desc = evaluate call to endorser returned error: chaincode response 500, Function GetAllUsers not found in contract SmartContract"
chain_invocation,,,,,,,,SubmitTask,false,4.922100000000,4.922100000000,0.000000000000,0.000000000000,4.922100000000,"rpc error: code = Unknown desc = evaluate call to endorser returned error: chaincode response 500, Function GetNormalizedOrders not found in contract SmartContract"
chain_invocation,,,,,,,,SubmitResult,false,3.734000000000,3.734000000000,0.000000000000,0.000000000000,3.734000000000,"rpc error: code = Unknown desc = evaluate call to endorser returned error: chaincode response 500, Function GetAccumulatorInfo not found in contract SmartContract"
chain_invocation,,,,,,,,Verify committee signatures,false,4.261100000000,4.261100000000,0.000000000000,0.000000000000,4.261100000000,"rpc error: code = Unknown desc = evaluate call to endorser returned error: chaincode response 500, Function GetPendingOrders not found in contract SmartContract"
chain_invocation,,,,,,,,Query finalized state,false,3.255400000000,3.255400000000,0.000000000000,0.000000000000,3.255400000000,"rpc error: code = Unknown desc = evaluate call to endorser returned error: chaincode response 500, Function GetOrdersByRegion not found in contract SmartContract"
chain_invocation,,,,,,,,VerifyMembership,false,4.483600000000,4.483600000000,0.000000000000,0.000000000000,4.483600000000,"rpc error: code = Unknown desc = evaluate call to endorser returned error: chaincode response 500, Function GetAllUsers not found in contract SmartContract"
chain_invocation,,,,,,,,SubmitTask,false,3.265300000000,3.265300000000,0.000000000000,0.000000000000,3.265300000000,"rpc error: code = Unknown desc = evaluate call to endorser returned error: chaincode response 500, Function GetNormalizedOrders not found in contract SmartContract"
chain_invocation,,,,,,,,SubmitResult,false,3.977800000000,3.977800000000,0.000000000000,0.000000000000,3.977800000000,"rpc error: code = Unknown desc = evaluate call to endorser returned error: chaincode response 500, Function GetAccumulatorInfo not found in contract SmartContract"
chain_invocation,,,,,,,,Verify committee signatures,false,3.914800000000,3.914800000000,0.000000000000,0.000000000000,3.914800000000,"rpc error: code = Unknown desc = evaluate call to endorser returned error: chaincode response 500, Function GetPendingOrders not found in contract SmartContract"
chain_invocation,,,,,,,,Query finalized state,false,2.734700000000,2.734700000000,0.000000000000,0.000000000000,2.734700000000,"rpc error: code = Unknown desc = evaluate call to endorser returned error: chaincode response 500, Function GetOrdersByRegion not found in contract SmartContract"
chain_invocation,,,,,,,,VerifyMembership,false,4.974600000000,4.974600000000,0.000000000000,0.000000000000,4.974600000000,"rpc error: code = Unknown desc = evaluate call to endorser returned error: chaincode response 500, Function GetAllUsers not found in contract SmartContract"
chain_invocation,,,,,,,,SubmitTask,false,3.377900000000,3.377900000000,0.000000000000,0.000000000000,3.377900000000,"rpc error: code = Unknown desc = evaluate call to endorser returned error: chaincode response 500, Function GetNormalizedOrders not found in contract SmartContract"
chain_invocation,,,,,,,,SubmitResult,false,4.410600000000,4.410600000000,0.000000000000,0.000000000000,4.410600000000,"rpc error: code = Unknown desc = evaluate call to endorser returned error: chaincode response 500, Function GetAccumulatorInfo not found in contract SmartContract"
chain_invocation,,,,,,,,Verify committee signatures,false,2.687700000000,2.687700000000,0.000000000000,0.000000000000,2.687700000000,"rpc error: code = Unknown desc = evaluate call to endorser returned error: chaincode response 500, Function GetPendingOrders not found in contract SmartContract"
chain_invocation,,,,,,,,Query finalized state,false,4.349600000000,4.349600000000,0.000000000000,0.000000000000,4.349600000000,"rpc error: code = Unknown desc = evaluate call to endorser returned error: chaincode response 500, Function GetOrdersByRegion not found in contract SmartContract"
chain_invocation,,,,,,,,VerifyMembership,false,3.269500000000,3.269500000000,0.000000000000,0.000000000000,3.269500000000,"rpc error: code = Unknown desc = evaluate call to endorser returned error: chaincode response 500, Function GetAllUsers not found in contract SmartContract"
chain_invocation,,,,,,,,SubmitTask,false,4.500600000000,4.500600000000,0.000000000000,0.000000000000,4.500600000000,"rpc error: code = Unknown desc = evaluate call to endorser returned error: chaincode response 500, Function GetNormalizedOrders not found in contract SmartContract"
chain_invocation,,,,,,,,SubmitResult,false,3.250200000000,3.250200000000,0.000000000000,0.000000000000,3.250200000000,"rpc error: code = Unknown desc = evaluate call to endorser returned error: chaincode response 500, Function GetAccumulatorInfo not found in contract SmartContract"
chain_invocation,,,,,,,,Verify committee signatures,false,3.258900000000,3.258900000000,0.000000000000,0.000000000000,3.258900000000,"rpc error: code = Unknown desc = evaluate call to endorser returned error: chaincode response 500, Function GetPendingOrders not found in contract SmartContract"
chain_invocation,,,,,,,,Query finalized state,false,4.935500000000,4.935500000000,0.000000000000,0.000000000000,4.935500000000,"rpc error: code = Unknown desc = evaluate call to endorser returned error: chaincode response 500, Function GetOrdersByRegion not found in contract SmartContract"
chain_invocation,,,,,,,,VerifyMembership,false,4.438300000000,4.438300000000,0.000000000000,0.000000000000,4.438300000000,"rpc error: code = Unknown desc = evaluate call to endorser returned error: chaincode response 500, Function GetAllUsers not found in contract SmartContract"
chain_invocation,,,,,,,,SubmitTask,false,3.281600000000,3.281600000000,0.000000000000,0.000000000000,3.281600000000,"rpc error: code = Unknown desc = evaluate call to endorser returned error: chaincode response 500, Function GetNormalizedOrders not found in contract SmartContract"
chain_invocation,,,,,,,,SubmitResult,false,3.273800000000,3.273800000000,0.000000000000,0.000000000000,3.273800000000,"rpc error: code = Unknown desc = evaluate call to endorser returned error: chaincode response 500, Function GetAccumulatorInfo not found in contract SmartContract"
chain_invocation,,,,,,,,Verify committee signatures,false,5.567000000000,5.567000000000,0.000000000000,0.000000000000,5.567000000000,"rpc error: code = Unknown desc = evaluate call to endorser returned error: chaincode response 500, Function GetPendingOrders not found in contract SmartContract"
chain_invocation,,,,,,,,Query finalized state,false,3.872300000000,3.872300000000,0.000000000000,0.000000000000,3.872300000000,"rpc error: code = Unknown desc = evaluate call to endorser returned error: chaincode response 500, Function GetOrdersByRegion not found in contract SmartContract"
chain_invocation,,,,,,,,VerifyMembership,false,3.247900000000,3.247900000000,0.000000000000,0.000000000000,3.247900000000,"rpc error: code = Unknown desc = evaluate call to endorser returned error: chaincode response 500, Function GetAllUsers not found in contract SmartContract"
chain_invocation,,,,,,,,SubmitTask,false,3.263000000000,3.263000000000,0.000000000000,0.000000000000,3.263000000000,"rpc error: code = Unknown desc = evaluate call to endorser returned error: chaincode response 500, Function GetNormalizedOrders not found in contract SmartContract"
chain_invocation,,,,,,,,SubmitResult,false,5.491700000000,5.491700000000,0.000000000000,0.000000000000,5.491700000000,"rpc error: code = Unknown desc = evaluate call to endorser returned error: chaincode response 500, Function GetAccumulatorInfo not found in contract SmartContract"
chain_invocation,,,,,,,,Verify committee signatures,false,5.134100000000,5.134100000000,0.000000000000,0.000000000000,5.134100000000,"rpc error: code = Unknown desc = evaluate call to endorser returned error: chaincode response 500, Function GetPendingOrders not found in contract SmartContract"
chain_invocation,,,,,,,,Query finalized state,false,4.361900000000,4.361900000000,0.000000000000,0.000000000000,4.361900000000,"rpc error: code = Unknown desc = evaluate call to endorser returned error: chaincode response 500, Function GetOrdersByRegion not found in contract SmartContract"
chain_invocation,,,,,,,,VerifyMembership,false,3.985600000000,3.985600000000,0.000000000000,0.000000000000,3.985600000000,"rpc error: code = Unknown desc = evaluate call to endorser returned error: chaincode response 500, Function GetAllUsers not found in contract SmartContract"
chain_invocation,,,,,,,,SubmitTask,false,3.233600000000,3.233600000000,0.000000000000,0.000000000000,3.233600000000,"rpc error: code = Unknown desc = evaluate call to endorser returned error: chaincode response 500, Function GetNormalizedOrders not found in contract SmartContract"
chain_invocation,,,,,,,,SubmitResult,false,3.800200000000,3.800200000000,0.000000000000,0.000000000000,3.800200000000,"rpc error: code = Unknown desc = evaluate call to endorser returned error: chaincode response 500, Function GetAccumulatorInfo not found in contract SmartContract"
chain_invocation,,,,,,,,Verify committee signatures,false,3.331600000000,3.331600000000,0.000000000000,0.000000000000,3.331600000000,"rpc error: code = Unknown desc = evaluate call to endorser returned error: chaincode response 500, Function GetPendingOrders not found in contract SmartContract"
chain_invocation,,,,,,,,Query finalized state,false,3.398500000000,3.398500000000,0.000000000000,0.000000000000,3.398500000000,"rpc error: code = Unknown desc = evaluate call to endorser returned error: chaincode response 500, Function GetOrdersByRegion not found in contract SmartContract"
chain_invocation,,,,,,,,VerifyMembership,false,6.554400000000,6.554400000000,0.000000000000,0.000000000000,6.554400000000,"rpc error: code = Unknown desc = evaluate call to endorser returned error: chaincode response 500, Function GetAllUsers not found in contract SmartContract"
chain_invocation,,,,,,,,SubmitTask,false,4.706100000000,4.706100000000,0.000000000000,0.000000000000,4.706100000000,"rpc error: code = Unknown desc = evaluate call to endorser returned error: chaincode response 500, Function GetNormalizedOrders not found in contract SmartContract"
chain_invocation,,,,,,,,SubmitResult,false,3.577300000000,3.577300000000,0.000000000000,0.000000000000,3.577300000000,"rpc error: code = Unknown desc = evaluate call to endorser returned error: chaincode response 500, Function GetAccumulatorInfo not found in contract SmartContract"
chain_invocation,,,,,,,,Verify committee signatures,false,4.467400000000,4.467400000000,0.000000000000,0.000000000000,4.467400000000,"rpc error: code = Unknown desc = evaluate call to endorser returned error: chaincode response 500, Function GetPendingOrders not found in contract SmartContract"
chain_invocation,,,,,,,,Query finalized state,false,3.313800000000,3.313800000000,0.000000000000,0.000000000000,3.313800000000,"rpc error: code = Unknown desc = evaluate call to endorser returned error: chaincode response 500, Function GetOrdersByRegion not found in contract SmartContract"
chain_invocation,,,,,,,,VerifyMembership,false,3.287400000000,3.287400000000,0.000000000000,0.000000000000,3.287400000000,"rpc error: code = Unknown desc = evaluate call to endorser returned error: chaincode response 500, Function GetAllUsers not found in contract SmartContract"
chain_invocation,,,,,,,,SubmitTask,false,3.807200000000,3.807200000000,0.000000000000,0.000000000000,3.807200000000,"rpc error: code = Unknown desc = evaluate call to endorser returned error: chaincode response 500, Function GetNormalizedOrders not found in contract SmartContract"
chain_invocation,,,,,,,,SubmitResult,false,2.821800000000,2.821800000000,0.000000000000,0.000000000000,2.821800000000,"rpc error: code = Unknown desc = evaluate call to endorser returned error: chaincode response 500, Function GetAccumulatorInfo not found in contract SmartContract"
chain_invocation,,,,,,,,Verify committee signatures,false,3.860500000000,3.860500000000,0.000000000000,0.000000000000,3.860500000000,"rpc error: code = Unknown desc = evaluate call to endorser returned error: chaincode response 500, Function GetPendingOrders not found in contract SmartContract"
chain_invocation,,,,,,,,Query finalized state,false,3.378800000000,3.378800000000,0.000000000000,0.000000000000,3.378800000000,"rpc error: code = Unknown desc = evaluate call to endorser returned error: chaincode response 500, Function GetOrdersByRegion not found in contract SmartContract"
chain_invocation,,,,,,,,VerifyMembership,false,4.016800000000,4.016800000000,0.000000000000,0.000000000000,4.016800000000,"rpc error: code = Unknown desc = evaluate call to endorser returned error: chaincode response 500, Function GetAllUsers not found in contract SmartContract"
chain_invocation,,,,,,,,SubmitTask,false,3.452000000000,3.452000000000,0.000000000000,0.000000000000,3.452000000000,"rpc error: code = Unknown desc = evaluate call to endorser returned error: chaincode response 500, Function GetNormalizedOrders not found in contract SmartContract"
chain_invocation,,,,,,,,SubmitResult,false,3.832100000000,3.832100000000,0.000000000000,0.000000000000,3.832100000000,"rpc error: code = Unknown desc = evaluate call to endorser returned error: chaincode response 500, Function GetAccumulatorInfo not found in contract SmartContract"
chain_invocation,,,,,,,,Verify committee signatures,false,3.221700000000,3.221700000000,0.000000000000,0.000000000000,3.221700000000,"rpc error: code = Unknown desc = evaluate call to endorser returned error: chaincode response 500, Function GetPendingOrders not found in contract SmartContract"
chain_invocation,,,,,,,,Query finalized state,false,2.719100000000,2.719100000000,0.000000000000,0.000000000000,2.719100000000,"rpc error: code = Unknown desc = evaluate call to endorser returned error: chaincode response 500, Function GetOrdersByRegion not found in contract SmartContract"
chain_invocation,,,,,,,,VerifyMembership,false,4.111100000000,4.111100000000,0.000000000000,0.000000000000,4.111100000000,"rpc error: code = Unknown desc = evaluate call to endorser returned error: chaincode response 500, Function GetAllUsers not found in contract SmartContract"
chain_invocation,,,,,,,,SubmitTask,false,3.085700000000,3.085700000000,0.000000000000,0.000000000000,3.085700000000,"rpc error: code = Unknown desc = evaluate call to endorser returned error: chaincode response 500, Function GetNormalizedOrders not found in contract SmartContract"
chain_invocation,,,,,,,,SubmitResult,false,3.812700000000,3.812700000000,0.000000000000,0.000000000000,3.812700000000,"rpc error: code = Unknown desc = evaluate call to endorser returned error: chaincode response 500, Function GetAccumulatorInfo not found in contract SmartContract"
chain_invocation,,,,,,,,Verify committee signatures,false,3.766700000000,3.766700000000,0.000000000000,0.000000000000,3.766700000000,"rpc error: code = Unknown desc = evaluate call to endorser returned error: chaincode response 500, Function GetPendingOrders not found in contract SmartContract"
chain_invocation,,,,,,,,Query finalized state,false,4.211200000000,4.211200000000,0.000000000000,0.000000000000,4.211200000000,"rpc error: code = Unknown desc = evaluate call to endorser returned error: chaincode response 500, Function GetOrdersByRegion not found in contract SmartContract"
chain_invocation,,,,,,,,VerifyMembership,false,4.495500000000,4.495500000000,0.000000000000,0.000000000000,4.495500000000,"rpc error: code = Unknown desc = evaluate call to endorser returned error: chaincode response 500, Function GetAllUsers not found in contract SmartContract"
chain_invocation,,,,,,,,SubmitTask,false,3.252800000000,3.252800000000,0.000000000000,0.000000000000,3.252800000000,"rpc error: code = Unknown desc = evaluate call to endorser returned error: chaincode response 500, Function GetNormalizedOrders not found in contract SmartContract"
chain_invocation,,,,,,,,SubmitResult,false,3.840400000000,3.840400000000,0.000000000000,0.000000000000,3.840400000000,"rpc error: code = Unknown desc = evaluate call to endorser returned error: chaincode response 500, Function GetAccumulatorInfo not found in contract SmartContract"
chain_invocation,,,,,,,,Verify committee signatures,false,2.705600000000,2.705600000000,0.000000000000,0.000000000000,2.705600000000,"rpc error: code = Unknown desc = evaluate call to endorser returned error: chaincode response 500, Function GetPendingOrders not found in contract SmartContract"
chain_invocation,,,,,,,,Query finalized state,false,4.885800000000,4.885800000000,0.000000000000,0.000000000000,4.885800000000,"rpc error: code = Unknown desc = evaluate call to endorser returned error: chaincode response 500, Function GetOrdersByRegion not found in contract SmartContract"
chain_invocation,,,,,,,,VerifyMembership,false,3.262600000000,3.262600000000,0.000000000000,0.000000000000,3.262600000000,"rpc error: code = Unknown desc = evaluate call to endorser returned error: chaincode response 500, Function GetAllUsers not found in contract SmartContract"
chain_invocation,,,,,,,,SubmitTask,false,4.027400000000,4.027400000000,0.000000000000,0.000000000000,4.027400000000,"rpc error: code = Unknown desc = evaluate call to endorser returned error: chaincode response 500, Function GetNormalizedOrders not found in contract SmartContract"
chain_invocation,,,,,,,,SubmitResult,false,2.874000000000,2.874000000000,0.000000000000,0.000000000000,2.874000000000,"rpc error: code = Unknown desc = evaluate call to endorser returned error: chaincode response 500, Function GetAccumulatorInfo not found in contract SmartContract"
chain_invocation,,,,,,,,Verify committee signatures,false,4.108400000000,4.108400000000,0.000000000000,0.000000000000,4.108400000000,"rpc error: code = Unknown desc = evaluate call to endorser returned error: chaincode response 500, Function GetPendingOrders not found in contract SmartContract"
chain_invocation,,,,,,,,Query finalized state,false,3.851100000000,3.851100000000,0.000000000000,0.000000000000,3.851100000000,"rpc error: code = Unknown desc = evaluate call to endorser returned error: chaincode response 500, Function GetOrdersByRegion not found in contract SmartContract"
chain_invocation,,,,,,,,VerifyMembership,false,3.396500000000,3.396500000000,0.000000000000,0.000000000000,3.396500000000,"rpc error: code = Unknown desc = evaluate call to endorser returned error: chaincode response 500, Function GetAllUsers not found in contract SmartContract"
chain_invocation,,,,,,,,SubmitTask,false,3.953800000000,3.953800000000,0.000000000000,0.000000000000,3.953800000000,"rpc error: code = Unknown desc = evaluate call to endorser returned error: chaincode response 500, Function GetNormalizedOrders not found in contract SmartContract"
chain_invocation,,,,,,,,SubmitResult,false,2.860700000000,2.860700000000,0.000000000000,0.000000000000,2.860700000000,"rpc error: code = Unknown desc = evaluate call to endorser returned error: chaincode response 500, Function GetAccumulatorInfo not found in contract SmartContract"
chain_invocation,,,,,,,,Verify committee signatures,false,4.353900000000,4.353900000000,0.000000000000,0.000000000000,4.353900000000,"rpc error: code = Unknown desc = evaluate call to endorser returned error: chaincode response 500, Function GetPendingOrders not found in contract SmartContract"
chain_invocation,,,,,,,,Query finalized state,false,2.713300000000,2.713300000000,0.000000000000,0.000000000000,2.713300000000,"rpc error: code = Unknown desc = evaluate call to endorser returned error: chaincode response 500, Function GetOrdersByRegion not found in contract SmartContract"
chain_invocation,,,,,,,,VerifyMembership,false,3.337600000000,3.337600000000,0.000000000000,0.000000000000,3.337600000000,"rpc error: code = Unknown desc = evaluate call to endorser returned error: chaincode response 500, Function GetAllUsers not found in contract SmartContract"
chain_invocation,,,,,,,,SubmitTask,false,3.666100000000,3.666100000000,0.000000000000,0.000000000000,3.666100000000,"rpc error: code = Unknown desc = evaluate call to endorser returned error: chaincode response 500, Function GetNormalizedOrders not found in contract SmartContract"
chain_invocation,,,,,,,,SubmitResult,false,2.933700000000,2.933700000000,0.000000000000,0.000000000000,2.933700000000,"rpc error: code = Unknown desc = evaluate call to endorser returned error: chaincode response 500, Function GetAccumulatorInfo not found in contract SmartContract"
chain_invocation,,,,,,,,Verify committee signatures,false,4.388000000000,4.388000000000,0.000000000000,0.000000000000,4.388000000000,"rpc error: code = Unknown desc = evaluate call to endorser returned error: chaincode response 500, Function GetPendingOrders not found in contract SmartContract"
chain_invocation,,,,,,,,Query finalized state,false,2.686400000000,2.686400000000,0.000000000000,0.000000000000,2.686400000000,"rpc error: code = Unknown desc = evaluate call to endorser returned error: chaincode response 500, Function GetOrdersByRegion not found in contract SmartContract"
chain_invocation,,,,,,,,VerifyMembership,false,4.110300000000,4.110300000000,0.000000000000,0.000000000000,4.110300000000,"rpc error: code = Unknown desc = evaluate call to endorser returned error: chaincode response 500, Function GetAllUsers not found in contract SmartContract"
chain_invocation,,,,,,,,SubmitTask,false,3.249800000000,3.249800000000,0.000000000000,0.000000000000,3.249800000000,"rpc error: code = Unknown desc = evaluate call to endorser returned error: chaincode response 500, Function GetNormalizedOrders not found in contract SmartContract"
chain_invocation,,,,,,,,SubmitResult,false,2.660000000000,2.660000000000,0.000000000000,0.000000000000,2.660000000000,"rpc error: code = Unknown desc = evaluate call to endorser returned error: chaincode response 500, Function GetAccumulatorInfo not found in contract SmartContract"
chain_invocation,,,,,,,,Verify committee signatures,false,3.789300000000,3.789300000000,0.000000000000,0.000000000000,3.789300000000,"rpc error: code = Unknown desc = evaluate call to endorser returned error: chaincode response 500, Function GetPendingOrders not found in contract SmartContract"
chain_invocation,,,,,,,,Query finalized state,false,2.688500000000,2.688500000000,0.000000000000,0.000000000000,2.688500000000,"rpc error: code = Unknown desc = evaluate call to endorser returned error: chaincode response 500, Function GetOrdersByRegion not found in contract SmartContract"
