path,size_bytes,sha256
.gitattributes,70,cfc070a4a998d193acceabf626a04630908971356c89e0ba6db984d9347abf6c
.github/workflows/saib-v2-security.yml,5289,0c1a744fdd1af6b8bf94eaf97351a7e2f3ce45451007e0a00a548759de556dbc
.gitignore,120,e94049babb50b3cf2d7e567a552c991e14ecc44428442c6b5513b1cdf4fefa40
Dockerfile.ci,1166,1211d68b673dbc567f76569da51b8da8c45f01b8b78aa1152fa1dd81334b31d7
Makefile,674,aa98ad90e20b5c90fd8f2eee33d1e28f9e805c6c329bd42ebdbe997cab8231a4
RELEASE_STATUS.md,1664,b5a37b71e3421d55e7e3c34655eea15c91ed18c0f622582a6aad5b9bf0a5ba80
REPRODUCE.md,3229,969a20b311568536047b4fd879c516dafd0a1c26a48ed8d3c091b8d3d996c41e
S2_CLAIM_EVIDENCE_MATRIX.md,4200,68fc30a32ce107a538ff4f0c25209b6377a902c52e204062abc91511eda7121a
S2_DESIGN_INDEX.md,2789,5db0e3c5442245e085f4d968670f4bb4e172614e50f237ec8374847af42b4925
S2_FORMAL_GAMES.md,8717,8d66e9ad7827162ddd59f55ea4ce2c4230f9d589fa089276461c5ba5e452159f
SHA256SUMS.txt,6540,ebaaba98f4d45d1a885765c20aa1a0cf13a600d33ef0aec4efd9529428d32c20
dockerfiles/Dockerfile.fabric-privacy-chaincode,107,a6b1b6b41ddf3d7ac5d2ff2d68a3fa93fbf3bd14fa61ee29fe1e825e87749455
dockerfiles/Dockerfile.global-issuer,166,1962042141056d6b0d997a3948add02dd22dc492f4e692ddd644b6c0342951a4
dockerfiles/Dockerfile.holder,145,a277dcd5cefc135a15642f04045b96a681e10d89524cb51c65e0a0d8a1c5bcdf
dockerfiles/Dockerfile.regional-issuer,172,40bfc59d1ac75bcc93d3dbe5de5c136b6d6c78418103d268c2d852bb2ea39657
dockerfiles/Dockerfile.s2.2.1-fabric-chaincode,109,11e9204b2a57a3ee9007587c86e4480aa1a79205838ba64969347db6314b75f0
dockerfiles/Dockerfile.s2.2.1-verifier,293,4bc5e22b8f8b507b2e7515a02f1c457a8f1d14b0252f16df524ac70aee5a093f
dockerfiles/Dockerfile.s3.0.3.1-equality-runtime,558,9777b568ce53180f092dda2e7e8c8bab57f5531fd735c81dea1c62b4fde27e39
dockerfiles/Dockerfile.s3.0.3.1-mpspdz-party-runtime,635,4a6c942885130e66dafed5f00332403683c6807d1dfe7347cb625e0c9ae63f01
dockerfiles/Dockerfile.s3.0.3.2-mpspdz-party-runtime,3095,6344c1557b9a0dfe6dd0dbb92e0e9f2e83c0078b3fb7722e10dac56f948ddbba
dockerfiles/Dockerfile.s3.4-fmatch-party-runtime,3093,dec1b6b737725e6625d9dc7ec13968701fe5e41b0512e361b1e030fb6adf0334
dockerfiles/Dockerfile.s3.4-netem-test,258,f1aa16139d08bc42754c21a6973ba47ba2ce680db84e6544b7fbaaa3c1736294
dockerfiles/Dockerfile.s3.4-production-chaincode,110,be9020ec0598d352054f9e4cd85903ceddc71994f8d267624f84f22275bafff1
dockerfiles/Dockerfile.s4-baseline-chaincode,106,feaeabf13fbd6008951e1b1ec2d8f144d68be614a5d427a39e49531d7decf79c
dockerfiles/Dockerfile.s4-crypto-benchmark,255,3b0b279ca37bd294f2ba45949b6dbc0e75cdb349b1a0a709716d50ffd66877de
dockerfiles/Dockerfile.s4-netem-controller,52,a5a31d44fea5265f61f59deaabd2abc40e59123e748f11f4d04ca5afa50ce8be
dockerfiles/Dockerfile.s4-reference-runner,86,366a90803689ea33a2dada79e8be6c9b6c4a6ec020588c6d183d598f5d512775
dockerfiles/Dockerfile.verifier,287,1e37638608c946904a0d580b4997c9c74ca818f3b75a2f235dd45784bb4e9587
docs/ATTESTOR_KEY_GOVERNANCE.md,2326,0c4ac8ead812d0c34433da7b119640f8ccb7c569307f3b512006b43a221f93b6
docs/CANONICAL_AUTH_STATEMENT.md,1904,52bb4c66f8bc8d33ef0a81d26a24af07103a4ef8f0eca78623c4bf2e237dbb6c
docs/COMMITTED_INPUT_PROTOCOL.md,3320,17fda17dca773e7bfe7991a29c1fab0e031962fd668a67b185daad0eec212257
docs/FIELD_AND_COMMITMENT_COMPATIBILITY.md,2699,885bc773da1ec518e78b2968f72461fefe7a10e50b99ea418ae28b41c252d435
docs/FINAL_CLAIM_EVIDENCE_MATRIX.md,1225,f9bded95d53faa5b6a137a5814111d6728fe08060a34170f7e0b905573b1c8b6
docs/FINAL_LIMITATIONS.md,1087,c895601441144faf3b6931b2d0de1be402d3409e8022845ea95f559df8e06f2a
docs/FRESHNESS_AND_TIME_MODEL.md,3418,da0ef9548ca7c91f85b3acc763c38731303232faf4c43dbe5058248d15160111
docs/S2.2.1_ARCHITECTURE.md,2344,ca3f5568bb86e016856cd43e552419dfe3953d21fd72483264d0ca7fa2c72993
docs/S2.2.1_CLAIM_EVIDENCE_MATRIX.md,2506,5e41bacac7aa139e5804b73df4522a44a6eebb65e40e79c55d71dc08cd035ab4
docs/S2.2.1_THREAT_MODEL.md,4010,1cc94148ced4815850cd9dfc7795b620ecd1e515c3630cb4e24550eebfd52511
docs/S2.2.1_TO_S2.2.2_STATEMENT_MIGRATION.md,1079,72050bd98929259226e603ef8050f3022fb8380b8a470f0c5a79516b5c6f6444
docs/S2.2.2.1_AUDIT_ADDENDUM.md,2948,22e93e7a2a1762a194758b98b13d7a3a4c13a99cbaa127fd27eb2146f2aa5c8e
docs/S2.2.2.1_AUDIT_ADDENDUM_V1.1.md,1238,7bafda46f078a9b6a8ed56ec55b350658b352a919478290d9c68ed1bf61ab96e
docs/S2.2.2.1_AUDIT_ERRATA.md,1576,f5561910dcc18e463b0337084b055bf03c85bd04756643f19f3b6c0861c8e58c
docs/S2.2.2.1_CLAIM_EVIDENCE_MATRIX.md,2526,46e6b509203fd388701f29cc3f772db6b7ff6659aba4c0fe5485749bd846ce20
docs/S2.2.2_ARCHITECTURE.md,1377,0caa679a119e7c05ff931e45acb8c93a8c063f1fbf93f65f64e3fd2fe2781e0b
docs/S2.2.2_CLAIM_EVIDENCE_MATRIX.md,1869,db8101790b5ff7a800be70ab9bccab6a3c8b256e4b5fbb8e2a2df02c1cfdf388
docs/S2.2.2_THREAT_MODEL.md,1736,2bb9e4cf5165466916f6d5c63f7ae8ef29062068c004194153e5343f14d30d1a
docs/S2.2_ARCHITECTURE.md,3037,6c22e29ecf226a5174e743f77c3e5a229739252772360eafd65a9f1de369bbc0
docs/S2.2_CLAIM_EVIDENCE_MATRIX.md,1807,07f8750fdd910c154304bf26ed3e163afbfa4e47d178d8a3494f6d065dddcfa4
docs/S2.2_FABRIC_IDENTITY_PRIVACY.md,2034,e2a28a239b40deb0626ed4c1c7a56d2b6284e08c2d327c8ea1c08395b8a0e1f8
docs/S2.2_ROLE_API_MATRIX.md,1840,283bf3b12a13c707550063f0282cfb2b7e7c6783cfe29f6d7d7db63c7ad4487a
docs/S2.2_THREAT_MODEL.md,2584,6e6f57dbbe38b8b64d02ee5dffb5bc19d178294118317b192663cec000ba24ff
docs/S2_CRYPTO_PROFILE.md,3682,f2c7e725afbee1af7c68bfa14d42b35d6c3310ef3a049ba3536b9806a58b1cfa
docs/S2_MESSAGE_BINDING.md,2836,5106c0eec59154494a61408b1e4aa3fe23135209d50a0b68332c8b91d018204d
docs/S2_SECURITY_GAMES.md,3924,2e8d826e3869f26938d13f0841dd820fca35fe17d625207a1efc9d7fd043add0
docs/S2_THREAT_MODEL.md,4806,7c45ea35641a632a5839f1ea80a059bd04fd8b6696fd25cc31ec179f07eaf349
docs/S3.0.2_DESIGN_ERRATA.md,5801,d66c7111006a251dfddbecada4b9e3731b0709242131980a29db52e8c4220b5f
docs/S3.0.3.1_CLAIM_EVIDENCE_MATRIX.md,2136,6450b0742e9e70295e93841597880d1bb042c59aeea6ef54799af0a41e62ab4e
docs/S3.0.3.1_DESIGN_ERRATA.md,4270,86bcf5222ab4b38a72ca56989ff5b3ebaf0fe31f36759c0d63dd4d6d3971dd0a
docs/S3.0.3.1_SECURITY_GAMES.md,2656,43d61d471d264800dffe94b17c382528cb1e6f0d3cd137e4e1a2f96f4cae5378
docs/S3.0.3.1_THREAT_MODEL.md,2154,714fa8578ce0a3788abd03258b9e198a2ef6da2cfabb88412a7ed5b08c01f2af
docs/S3.0.3.2_CLAIM_EVIDENCE_MATRIX.md,2341,2b50f707e5a969ffaa5a41e2d7caa4ca3af3151d53ae9896f2875baf851b9956
docs/S3.0.3.2_RELEASE_STATUS.md,2425,1b1a6ef45a751ef0a7934d544559bd1abde6462f5417ca7f038ee06806e84543
docs/S3.0.3.2_RUNTIME_PROFILE_SPECIFICATION.md,5459,e6817642937249b9b426bb239ba76615ab698d40491a4e63b5e6382ad47b5adf
docs/S3.0.3_CLAIM_EVIDENCE_MATRIX.md,1132,e52ec47878016a8866b8bfc408b56eb01733a832ec63fde21351c482a4199369
docs/S3.0.3_COMMITTED_INPUT_PROTOCOL.md,1584,9a3237d9d776ad8ae21bb9d6e923172736162d4d81f80723d379b21e1bc3ce86
docs/S3.0.3_DESIGN_ERRATA.md,2333,2576f024bde04ef920eef8fd52933a3b2fcefdca4199764146e1054ff90b13a4
docs/S3.0.3_FIELD_AND_COMMITMENT_PROFILE.md,2907,6131b18266a0a38f60d406a90cd88c19e2c9fbc96b84a5c5947d0772a5f010de
docs/S3.0.3_GO_NO_GO.md,586,270030dd7303edad7c51c90e778dcded198866c75b34d365d081ab6e3da9b64f
docs/S3.0.3_SECURITY_GAMES.md,1671,10ccc14492a43a151064ec45f9ab89c98f336b879b7e1147f3cf69670a1a8a6d
docs/S3.0.3_THREAT_MODEL.md,992,31c2e51d802985ef7353119414221fa24d297ef3f6799505af468e130c3449b2
docs/S3.3.1_IMPLEMENTATION_NOTES.md,6301,3c62fee85349f11d71c74531ac3901bb2d8a7b4542e2b249a311e3e2252f9a04
docs/S3.3.2_OBLIVIOUSNESS_METHOD.md,3564,6f4537c2261fd9a4fa5adcc29878c4441b2bcef1cc7fea76ffe7c439ec0b5eed
docs/S3.3_F_MATCH_SPECIFICATION.md,6781,7d30b0cd85e67fcf5ab5c0211deedf59dd0d57764e31c42e796621e587d21c25
docs/S3.3_INPUT_OUTPUT_SCHEMA.json,3929,5ca0b6e7e40b6b9f7424ad6a06603aa0a65323d610f379caca074b838a474e12
docs/S3.3_NUMERIC_SAFETY_ANALYSIS.md,2859,4e45127f2924b61ccc0f17e139b7d3a607fffe01f1f3c3df835c39a47a411d40
docs/S3.3_ONCHAIN_OUTPUT_POLICY.md,2236,198e14e2c5de2387957293d4f0a124b414c223634f3010561ae048991d71a526
docs/S3.3_REFERENCE_ORACLE_DESIGN.md,2652,d95c0626dbd87909170a08fc10a18f3839d5885df61b1585147ca9fba29d7946
docs/S3.4.1_CLAIM_EVIDENCE_MATRIX.md,2258,8f06d180b74b4a2a23a4b219158e969fab72f488d08dd0b53b6801fd1a0b19db
docs/S3.4.1_FORMAL_GAMES_AND_THEOREMS.md,4790,0db781abd9617df9a1ba3eb31de9e868e98c316fb1ba03303720d7ee3d130f2e
docs/S3.4.1_RELEASE_STATUS.md,2090,762fb12ad8f2f2e5e3567375063a9f18b00541c862d3a2aac228f8ca89c2bc33
docs/S3.4_DEPLOYMENT_ARCHITECTURE.md,2786,4dba1f16f9695549694807ac7408c5c492be02b1bc67ac39bef5b863435f0bde
docs/S3.4_RELEASE_STATUS.md,2338,b2074bf9733980be7f3c40ecfb52b5b2fdf963121332ab0782a504bbb1a7b10c
docs/S3.4_TRUSTED_HOST_LIMITATION.md,1636,ad3c8bd02cedfab1347e00467e1fba4c468198934e20f6bf969982566e4f85da
docs/S3_BACKEND_SELECTION.md,5516,3d447e3c9928c2ff02272bfade200927f534ca064275a06a1f7e655b39ea6b36
docs/S3_CANONICAL_MPC_BINDING.md,2424,9306fdc3408abfd3e31e87c65cbb3661a6a45f8c1b0be197129d520c2a7eaf60
docs/S3_CLAIM_EVIDENCE_MATRIX.md,3155,ca8851985ed94d6d26a34c0422a1a82e41dfe07230d51ad708227799b6c6c115
docs/S3_GO_NO_GO.md,3600,cab4ccdcb3d08b6e476abc9a1c670476b688f94c7c57db4c25340311c6d4f98f
docs/S3_IDEAL_FUNCTIONALITY_AND_LEAKAGE.md,5030,315d004b73837c14509746c0858fe9e190c127eb9ebda7be82359018cc8cd998
docs/S3_IMPLEMENTATION_INDEX.md,1733,c4baef48a3c081d2199f7823f7741e20b4db52dccbf316bf4ba6c6161b592426
docs/S3_INPUT_COMMITMENT_RECORD.md,4440,bb8ee1dd86efbc0fb715b32c730886fdf8cd1421c141a9e512846e123ef730f2
docs/S3_PROTOCOL_AND_STATE_MACHINE.md,2959,d2fd22e2922a8a5a3e262ffcf8b4d1fd2450d00b79fee9429ba2b1f6fca330ce
docs/S3_SECURITY_GAMES.md,3536,9545bd18bf20d3edfb6fa3473367306fde4eba2dbcf989bebf836eb7f6deb8c3
docs/S3_SHARE_COMMITMENT_AND_CREDIT_BINDING.md,1021,4fcb6a71675bf77425dcec2a7c90d984850a3fc09f7a8dfeedbd9364c151d52f
docs/S3_THREAT_MODEL.md,3889,98eea2694eb5006320b8238f8ea70ee9db3cbc653ba3642e74af9b3b8f8d48d3
docs/S4.0_BENCHMARK_METHODOLOGY.md,5262,85fbba7f278e12a9252c2eaefa56c1d82db339e47fbfcadc87a42355d1263821
docs/S4.0_ENVIRONMENT.md,1179,a280084179cd3aafac18830a7fc03a5961503a7fc646a4b121713a33ccfbd635
docs/S4.0_EXCLUSION_POLICY.md,827,effff40d6c54ff80b377677d20eb6952365f88cf9e6e3d57f6ed2be65e25f871
docs/S4.0_FABRIC_CONFIG.md,1626,055bcabeb70b33a0e807cf0b372bd5205fa38ad33b5d229cc41958bc8f7fbef1
docs/S4.0_FORMAL_ADMISSION_POLICY.md,2729,e6ce3cb4c28e1c2365575cb7a153a669a33631393368aa39d973413cdd434ecb
docs/S4.0_HARDWARE.md,574,74f4d39ab2796cc89b4b6e007cc27bf0c171524d64ea0af0186ab15aee569b54
docs/S4.0_MPC_CONFIG.md,1955,e479d206004909d7d300283da3b35200db8498c28b5334c896edb5ff6d969ca3
docs/S4.0_NETWORK_PROFILES.md,1505,22c3e34f1ed2e2b8a796b5d5244e6a275265c8e754017c24486502f9f69d4611
docs/S4.0_RELEASE_STATUS.md,11642,daf1d7f15c916ecd96b382d079880fc633c45a9bfa9f0f87622d7ac39b941b16
docs/S4.0_SOFTWARE.md,1551,9699910c77fa1887703afe406094529b037876b05b64450753dfeb1f3d35114c
docs/S4.1_RELEASE_STATUS.md,1646,30b5a86a42e425abf6120cab9af580d212c97d2265bce89bb19a85c0c7271bb0
docs/S4.2_RELEASE_STATUS.md,1715,b6e2b87fb881cd83addd6e567018dff8f197fa46a23d129c3028c25134140ded
docs/TASK_POLICY_REGISTRY.md,1764,b4d2ee872d417545443acc6ebe03c1d64a27f8e1a6e732e6b7ebb8fc80d2ab41
docs/TDSC_EXPERIMENT_FINAL_STATUS.md,942,ca34e03456013daa66dfba1c2dbbe20a4642013955af6d941fb3b1f0f35e636b
docs/TRUSTED_CREDENTIAL_REGISTRY.md,1995,42e22101951b4009434e2ae1decdb4d19073676be9beee6210f638bd6e870fdb
experiments/v2/IMPLEMENTATION_AND_EXPERIMENT_INDEX.md,1547,86b7ee26f17333623325fff7de6043c83811729b7ac32350bda843ed6d98f75f
experiments/v2/README.md,853,617322ccc8d8dc8b4f3d1fe5a406d8fcedb2c71bab174b076337125576eb4330
experiments/v2/benchmark-runners/analyze-s4.1.py,9736,2154433414ceee1fe00aa6b340b3e35322081366eb9724d9683a26d4b9066a89
experiments/v2/benchmark-runners/analyze-s4.2.py,11672,92fb24ec8bdbd035152ea2be8576d4de2475a6927ca819fa6239055419f1c029
experiments/v2/benchmark-runners/benchmark-s4-b2-binding.py,6102,8fbb97132d29fcb64ad8b60f434113c74720de0723267b1d0236854506799114
experiments/v2/benchmark-runners/build-s4-crypto-oci.sh,4437,89619bfcee1a0fabecd81331942b38266b38a712d83fa5ade0fd564fe48143e0
experiments/v2/benchmark-runners/build-s4-netem-oci.sh,4264,594c55b81e20d3513ca2d7d4613fda65aa5136fcdc10fba8af59d297b06499e9
experiments/v2/benchmark-runners/build-s4-reference-oci.sh,5416,4da1792c86208d26828846b1b1183c929f250c9cdd9137203e22ef4bc97a488b
experiments/v2/benchmark-runners/build-s4.1-evidence-index.py,7027,969acc4eaa3784fe7d33e1047898f6169af422fd3f119a7ce08f9d55ca863cbc
experiments/v2/benchmark-runners/build-s4.2-evidence-index.py,10790,b0e9df683e9606af90afcb90ca0499f5e7abda060effd51264183299571877e4
experiments/v2/benchmark-runners/collect-s4.1-components.py,12713,4d4bff4f69ab8b8e3058be442a42a2d7d936a148d72184e4355a7883d74aec99
experiments/v2/benchmark-runners/collect-s4.2.py,10788,4288ac2f74e12fc978ef1316724a6d35917b46ef9dbf0b83e17c95cf3fc98849
experiments/v2/benchmark-runners/deploy-s4-reference-chaincode.sh,10431,124cc9a36649d9600311f437b29bb05d5843a7db9c293bca891414fe7aec72a1
experiments/v2/benchmark-runners/deploy-s4.0-chaincodes.sh,7675,56a3670d5515712620e01829dc375032cd69c2d4528db7dc048290c00eafdf1e
experiments/v2/benchmark-runners/emit-s4-index-evidence.py,6715,e83c160c6ea1a9defcb65d8006ff40d4db61b1d51e17657134e0f73ffdc9f7f6
experiments/v2/benchmark-runners/emit-s4-runtime-evidence.py,13250,b533dbacd4fa863ef6a013c7a9b7b06ad47d265d8983a5f6dcbdc3d2b213a64c
experiments/v2/benchmark-runners/generate-s4-stage-audit.py,13964,f4dba50dc806727847cb9040fc1d2c5570775b02cfdde89f1078139e92e5dfe1
experiments/v2/benchmark-runners/generate-s4.0-freeze.py,42827,36214bf0958c582cbeb13b4a466a6d7a335c0d131b23ca1cc745049ce4dbfca2
experiments/v2/benchmark-runners/generate-s4.3-final-audit.py,18528,132de509049e45b2170f0230a57e3a5db07e7d22399c74e693c345cbbb523d7b
experiments/v2/benchmark-runners/run-s4.1-components.sh,6497,1c19fed6d42efac28341a4725883878f9a89d2594409828ba01e5ee771d7da9b
experiments/v2/benchmark-runners/run-s4.2-concurrency-batch.py,9796,bbdcb7246b62e5c74a9ed0a8af6cf97d544984a9874ba9736a542bbafe24c682
experiments/v2/benchmark-runners/run-s4.2-e2e.sh,8856,40b94ef41600c03c519ab91dcf521b5cf9da778c43d2a234b685266623001edb
experiments/v2/benchmark-runners/run-s4.2-mpc-sample.sh,2586,1bfcf540c667a9594d8e91661bd23bd9cf386587a32d9281a322e59cde7bfb6e
experiments/v2/benchmark-runners/run-s4.2-network-sample.sh,5627,a68c7735ada017ffe38eb2e25baa11fc350d92e722d856aef1daff8a93c5aa8c
experiments/v2/benchmark-runners/run-s4.2-reference-sample.sh,8885,0b6f5c6b842865aadcfed5be934aa4eed955ce5b20d3024bfee0bf438f4d1de3
experiments/v2/benchmark-runners/summarize-s4.2-mpc-sample.py,5821,98055548933d81a5d00f7915bb7874ceacda2233522772befdf4586ff8bba05b
experiments/v2/benchmark-runners/validate-s4-dataset.py,9103,2ac88bd8d4ef5e87b01e70e9e1d32322824fc46a368d37bfb001a2f9194a68d3
experiments/v2/configs/S4.0_SEEDS.txt,319,69561938d0a80ed70c83d73eacf7dc6d3478c5877545ef9458f65b8952472ccd
experiments/v2/configs/auth-scale.yaml,162,10ea64e77946ed71f6ee1302a0f3fba0266adaa2f32fdbf217739cf7bcb5b97f
experiments/v2/configs/buildkitd-s3.0.3.2.toml,71,cd98a67d8208c4ddbc2f8fb418aee41ebc188534c62b5d1f04db464dfb279db4
experiments/v2/configs/concurrency.yaml,167,873741bda5428fbb7b0cdcbe78e0daed4af3477f0663410bf6a9e0dcd81a578a
experiments/v2/configs/e2e-ablation.yaml,337,abd2be19ae3911826bbfe837175167d249be011cbdc250c6280f181f0b831102
experiments/v2/configs/faults.yaml,308,6ed1578b3ffa0af90caed770338bd64d07d4347bd16220b746cf95bc1cd6226a
experiments/v2/configs/keys/s4-benchmark-trace-attestor-public.pem,113,0312a96499360d80f5a9150e0232f704e6c8dac7473600bd8f1351cfb4aae9a3
experiments/v2/configs/keys/trace-attestor-s2-test-public.pem,113,9a7c179a6008cbe6e0dbdd81298dd5e990ac1146e254dbe120b40402704db120
experiments/v2/configs/mpc-scale.yaml,224,c28b82e8505802d0e7342e96bf8af70e209abe500fce05527661ac79a071c866
experiments/v2/configs/production-backends-v1.json,843,1657f08698f92c9ffbf63b73885d55aabe9ac589588dece9e11b8814f90ba9b7
experiments/v2/configs/s1-development.json,526,478753789b3d2a45da7b314cfdddab1cc526b26d0098493688e44aacb330cf79
experiments/v2/configs/s2.2.2-peer-timewindow.override.yaml,859,b89ad3072cbfce6f91b20da367572886e15ee02f357e979a3a6e19d6b173342a
experiments/v2/configs/s2.2.2.1-private-fixture-allowlist.json,1212,f7c1555bd522e5237cc9a6371292b6733a7c4c91f090b4d28071ccc6b7694d34
experiments/v2/configs/s3.4/README.md,517,b8044a647b14fc38542072c5dff464c9f0a9062d048107414d222cb123f895f6
experiments/v2/configs/s3.4/docker-compose-production.yml,1152,56720590b51f57d05163c80a152581df14cc85dd1334a1e6d2df55ef92ab9e73
experiments/v2/configs/s4.0-benchmark.json,3825,62d9d618dadb395688a009ebb8dda6fde28437a07c242dbd29722814aa23571f
experiments/v2/configs/s4.0-formal-registry-template.json,8885,3916e23c9cb8e4e0c1aa6a1900166e12a4970108eecfeb84f7816247bbffd8ed
experiments/v2/configs/storage-network.yaml,212,040c3187386fb986d8966827512867588de34c0b5931d76ba9c5c3264b644cd9
experiments/v2/dataset-generators/generate-s4-datasets.py,2696,c6dfd23aad1049933dc41b63a3c4bac62a8a00b1a275651e02eb213b091a930a
experiments/v2/manifests/FORMAL_EXPERIMENTS_DISABLED.md,568,0ca9e08f1dd0b8976977cbd1fcbd7f08bf7048974dc402bd2f88e53cbce7d2fb
experiments/v2/runners/analyze-s3.3.2-trace.py,7400,1ae84de3a14bc55854668343e510324a28e470f4ebaed51c1178917ed75a1a10
experiments/v2/runners/apply-s2.2.2.1-ccaas-org-isolation.sh,6849,75fe7119af4abbf95c64c9848ff123da9baaed3a5fbeeb4d156989f9b5ce9f71
experiments/v2/runners/assemble-s3.3.1-negative-validation.py,5063,3fb58cbf88635da35c2c3766af6e1b4026c0866616cb90d4f31afa48ba20d550
experiments/v2/runners/bind-s3.3.1-test-runtime-profile.py,7473,88c15f8edb19d2dfe64765cd70818a4178ecfed45a5b6ba61a8dd02e6a5ec197
experiments/v2/runners/build-s2.2-production-images.sh,3872,89822746baeab6ea3420a328422fcdde8c94e161ea14daf594b74f6116cc98b4
experiments/v2/runners/build-s2.2.1-production-images.sh,3933,3a37b74d695f7168ed15fe090fafe1f6ec4c9d8087f4527b2877b966e479cff1
experiments/v2/runners/build-s3.0.3.1-oci.sh,4633,6954926b381b1e74fad340d8586ac06758d7a3a06371de3f1db44edf8e917350
experiments/v2/runners/build-s3.0.3.2-runtime-oci.sh,8079,dca6a41c14b29aebdd3c7288d95077b29c56756cbec80a4780b72a185bf0e648
experiments/v2/runners/build-s3.4-fmatch-oci.sh,8465,2d0c4259719b666505356a8475e48a11ae98d688d999d95bbd329fbb13802a09
experiments/v2/runners/collect-s3.0.3.2-runtime-closure.sh,3294,00a388a53f5cb08124c7144d2c659ac7b2d7aad181d3564894408f058efd0703
experiments/v2/runners/collect-s3.4-fabric-block-evidence.py,7382,20cdada0ac431014272119eb8d6ffd3ba7517f9e80ecd8a8974a5b1cf2fd16ff
experiments/v2/runners/collect-s3.4.1-privacy-evidence.sh,4500,a5bf6000fb1cd7ecc76092608845a418c57016ded1c3346bb2e30184837f55cd
experiments/v2/runners/deploy-s2.2-fabric.sh,6397,2878f9a926a0d1d93ccabf13d84479533e712a7661d88b21d8353299bf14cf52
experiments/v2/runners/deploy-s2.2.1-fabric.sh,15886,86fac20010d028f67bd33432e724e06752b72045d95048de977833b6dab27867
experiments/v2/runners/deploy-s3.4-production-fabric.sh,12193,64010d111ca58a8bddea6aed5aedf7dff0bd32bc3734c3782decba26dd8245a3
experiments/v2/runners/deploy-s3.4.1-authorization-chaincode.sh,8818,743f5751e17446da6a25c313f66f6c6aaaee39eff860b2255912e33d49e270d9
experiments/v2/runners/export-s2.2.2-oci-layouts.py,6158,07dd34e3ef4fc7d33429b063a0050507393efbf95734a0bb148e1f64a3c59b02
experiments/v2/runners/freeze-s1.ps1,5322,2aa9c2d19cd34f53381c19b25a46ca1439ca99bd6e133137ea5c145ba9f7f242
experiments/v2/runners/freeze-v1.ps1,3838,b954254bbd10f4a89c03e47666612604a3abe555960a523b58f35e34c4f4d878
experiments/v2/runners/generate-s2-evidence.py,14271,a2fafdb20abf785448ff27a014ffb009e5733dd00d02f2909e3b361f1f936b0a
experiments/v2/runners/generate-s2.1-evidence.py,16241,2845f65ef01dd43ed20c69f274e3d46cbebf81e7ecb189f2e5c56daf103f9c0c
experiments/v2/runners/generate-s2.1.1-evidence.py,26827,b519fde01dd3dd1df25f21dbcde4413a1d3bccf9947e9202278bc2237204d914
experiments/v2/runners/generate-s2.2-release.py,19660,26fe607298ccefa4a562abfafb8a4b41973a171bc44fbfbb62febdf9f388a860
experiments/v2/runners/generate-s2.2.1-release.py,25320,45eecdfe848228b54999f294c88e5359ed19fcab3a609662f1287f10f2c4cdaf
experiments/v2/runners/generate-s2.2.2-release.py,32433,1ef9527b0fce4a7c0e71e28cfb4c1085ee6cd2cca8b5bccddffdbe9fdd64c055
experiments/v2/runners/generate-s2.2.2.1-history-addendum.py,9012,47a4e8d76851274149fcd2a5d3a609995844e03dc48aba87dea6a79bba329cf7
experiments/v2/runners/generate-s2.2.2.1-release.py,19410,6a0a89a6cbae51f4ab3ada8896befc5ba05ebd34d82cfe99dad6e9b3b5e77462
experiments/v2/runners/generate-s3.0.1-s3.1.1-release.py,23045,f7197b29792e459fae1e1d65bff7a4f9e1ed195555bbd6dcd70d418b9277fdc3
experiments/v2/runners/generate-s3.0.2-s3.2-release.py,15878,e4d8d66fba94ee9d4aec6f7ec4ac4c8fe69d930859a30b37b2aa66cadba4bd74
experiments/v2/runners/generate-s3.0.3-s3.2.1-release.py,24417,ee209a17c2d0d6747edfd6099d53d2beb8ca2d66760d776b145a6ee68b747884
experiments/v2/runners/generate-s3.0.3.1-release.py,26475,00ec87e24abbd75eb1e43e3f5fe435be0dd5a685761f415d7f56133cddf09846
experiments/v2/runners/generate-s3.0.3.2-program-profile.py,3838,87ff1fe1475e3b0cfd2c8589617c31ed0b8819c04dc366e9205b1a1d51f0d9e7
experiments/v2/runners/generate-s3.0.3.2-release.py,24257,d444ffd702ee7b1c6a41279c49810d7f90e3afeee836ebef16a3cce30329ee9d
experiments/v2/runners/generate-s3.1-first-batch-release.py,15493,0b8968aafca40a6625e2396f9dec75b3bc0604d8329ac7d8b8770db23f25550f
experiments/v2/runners/generate-s3.3.1-fmatch-inputs.py,12272,b7fa000a8e31f329e2189dee9519f9c61bc205500fcacfba124b51894fc4d1f1
experiments/v2/runners/generate-s3.3.1-release.py,21049,c2fba887679d063b51a8de8d39e27277a8b44675cc4e8492676813919c094613
experiments/v2/runners/generate-s3.3.2-distribution-vectors.py,6808,3693dd2d3a0d23b189aa66582521e9481b32b9160f026aac523adb8928ee3724
experiments/v2/runners/generate-s3.3.2-release.py,17538,bbff42ebfdb668b01a8882a801048e716fbd94dd32442c4fbc2ea7e55a4a8e0e
experiments/v2/runners/generate-s3.4-program-profile.py,3892,f771313362303e93d913adad568785ed43afc74d8ea4a2be0136ee98c5ef6bae
experiments/v2/runners/generate-s3.4-release.py,27981,cbbfc3066f3cbe3c7816e7498da431a6a102a3b81fccac503807bd2eaf1c2d15
experiments/v2/runners/generate-s3.4.1-release.py,33029,62ff39dcbb77c32922fdcdca775293114aa73c85b8a5da39c9c47b6bc526e77f
experiments/v2/runners/launch-s3.4-fmatch-oci-build.sh,875,3e9f66704fc3519a3be236c5b1700cebaadd4147eb52d16b68db580f9aed62c4
experiments/v2/runners/mutate-s3.3.1-fmatch-inputs.py,4403,a0d10824c42daefb13db2cb625bf519d208b08a30a4056ad0363833231cbd3b5
experiments/v2/runners/prepare-s2.2.2.1-errata-evidence.py,6283,67647b01dfdcd34297631d5d82a1009416c6810a169968a376dc160b83fc15be
experiments/v2/runners/prepare-s3.4-live-authorizations.py,32132,1c6a1c41a17c0e1b8bbb915afecdf0621cbf583c3bb645ec201269d7703e4873
experiments/v2/runners/provision-s2.2.1-governance.sh,6587,8bd3cdd04d62d52302105a6de98ff0c3e0b6c3f38789e855b83ceac403a68600
experiments/v2/runners/refresh-s2.2.1-peer-block-evidence.py,7700,cf3ba9c4aec70c5d3f7048d59fdce67a3d9692a06bdab2ac5bc62391c4d73b70
experiments/v2/runners/render-s2.1.1-rust-coverage.py,2788,2bfb8b139704a3c18d36c91bd2b79325d06416597a7efb6264be79da4dc290a7
experiments/v2/runners/render-s2.2.1-rust-coverage.py,4017,e92692c38ae03f30a4446aa58f91cd14aefd3ba8fcb20a7aef99553330d481a1
experiments/v2/runners/repair-s2.2.1-live-gates.py,7941,061db59ae1d66870ca376a87b63f4a78b2f86f874b15c0873737a29d927607f4
experiments/v2/runners/repair-s2.2.2-live-gates.py,5876,9d9ccc012ff220b7525fc9d0addf323736a0775239ba7ba7bd6c4896412fae6d
experiments/v2/runners/require-production.sh,232,93a7a41df296c4fb115ade5a93e402dbebfe0424e642d0ed11fea994d8b2bb39
experiments/v2/runners/run-auth.sh,65,c70b27b3cb9f61b8a4b6506faaef72360d2714bde66eb1db4d9221ba363347e8
experiments/v2/runners/run-concurrency.sh,65,c70b27b3cb9f61b8a4b6506faaef72360d2714bde66eb1db4d9221ba363347e8
experiments/v2/runners/run-e2e.sh,65,c70b27b3cb9f61b8a4b6506faaef72360d2714bde66eb1db4d9221ba363347e8
experiments/v2/runners/run-faults.sh,65,c70b27b3cb9f61b8a4b6506faaef72360d2714bde66eb1db4d9221ba363347e8
experiments/v2/runners/run-mpc.sh,65,c70b27b3cb9f61b8a4b6506faaef72360d2714bde66eb1db4d9221ba363347e8
experiments/v2/runners/run-quality-gates.ps1,2450,1f105c2b0ca077871481c1a24cdfdaa7232cb0d0bed82304c948a65bf99b8cf2
experiments/v2/runners/run-s1-security.ps1,4829,8df1d7a5328a96bc45b5a6fb690d6ed6ae261f170829db14cd57408b91523efa
experiments/v2/runners/run-s2-mutations.py,3711,109b1b397f5edbd0983118c82fb4f06646b6026a5db4c5805a5751282c67583c
experiments/v2/runners/run-s2.1-mutations.py,7505,ff881710c45f939cec718382b1f7cb7c62814afbb3be12f87a3a0e9346f293df
experiments/v2/runners/run-s2.2-fabric-privacy.sh,4786,54f4c063682bf511e041cf951636e969b6842e490f621335ec11981a49a9d30a
experiments/v2/runners/run-s2.2-role-processes.sh,5246,02cf48fe618c9fe035752309c6846b78b5debbc7f20b70b2c6c58738c8fded36
experiments/v2/runners/run-s2.2.1-live-tests.py,32029,3dde80747348f734c5ee6f90bd2e2be0708d8d0fb871c296e2708d4096578d73
experiments/v2/runners/run-s2.2.1-mutations.py,5179,1544ecfe3065a66e3c7a6e98d92c97dd13ef36a10b91b6dc3a826dad31b39c03
experiments/v2/runners/run-s2.2.1-role-processes.sh,10690,9a7780299329f6686430e7bc90e029344f5782c314678250811a9caaecf1f01c
experiments/v2/runners/run-s2.2.1-security-binding.sh,1429,77094bf6ae39d632dacc512262d800149f97d4c77bdaeae27b362b64f0f197d1
experiments/v2/runners/run-s2.2.2.1-errata-tests.py,12838,86a7f0538ba0183470a79cd8dff11b30b1b8b542e82db8624b3407f327080c76
experiments/v2/runners/run-s3.0.1-quality.sh,1602,ff5abea9e71ffc72f74d60b7d02d28353a0019d4fdb9af28c985a76560e707a1
experiments/v2/runners/run-s3.0.1-security-evidence.sh,984,0e0750cedfb3440ecd540ca2c17a0a6d946f51a6c6c7bcba4ae583faa9600d1d
experiments/v2/runners/run-s3.0.2-committed-input.sh,5559,66a1a61d6d14354dba517eb5bd59eddecec4049c90a7aedeb7640f012e94f977
experiments/v2/runners/run-s3.0.2-exact-field-sanitizers.sh,3686,1d572ca52943d7ed3f900f9c95a41cbe9eda93ef5cd46d4f2e06ac59699c1c7c
experiments/v2/runners/run-s3.0.2-mutations.py,5259,2df9e733916dd42323d0da3c791823548ff213c0c1df3b46c361a24d0156b6d8
experiments/v2/runners/run-s3.0.2-quality.sh,2343,a970aee7aff97d2f501604ba54b54f28ef3eb17619fcd52643e79520a309858f
experiments/v2/runners/run-s3.0.2-release-clean.sh,2772,1f4529d9f4d38a7a5147a7bdda263140a0bfc90688d8f077890c77dbb7737a21
experiments/v2/runners/run-s3.0.3-credx-clean-apply.sh,1472,8d6801211a7274989b79c580de635b7a4027c6ae4fdd74d91adf6b482f0654ff
experiments/v2/runners/run-s3.0.3-mutations.py,6898,e6d583eafc000ba3968f9c33c402708c3111ddd5f4063eafc33ed04b8ba2ef2c
experiments/v2/runners/run-s3.0.3-quality.sh,2518,ddf4eecf66655ba5479993c63f17add211248ee12c4b9fc1515a18ee4842b42d
experiments/v2/runners/run-s3.0.3-release-clean.sh,3082,07a4ebf7093cc771c7da37def608edc2b0c3ed4a2ea8b5ddadd7616cb9ca35e1
experiments/v2/runners/run-s3.0.3-rust-asan.sh,1170,9359c31e12d3f89e3283d1ef4d7506dfbc5c2c568ba02ada9bd0cb3d3b583077
experiments/v2/runners/run-s3.0.3.1-mutations.py,14690,824009437b2f37351e4c05c9b892095cbeb8c033f7892b7c69357907bd454b0f
experiments/v2/runners/run-s3.0.3.1-quality.sh,2956,f3a9e576c19f58d136880f54256e3706c1263c41c74503d9cfaf9e715c53e192
experiments/v2/runners/run-s3.0.3.1-release-clean.sh,2270,3036537d98a91106f673fc2283b294a9c9251bf46f114885aa067eed98e4296a
experiments/v2/runners/run-s3.0.3.1-rust-asan.sh,1374,57f8044949b17222281aa34f461196a1eeb927e3b63ee825a169b68153f91caf
experiments/v2/runners/run-s3.0.3.1-rust-coverage.sh,1296,6d720afd9fd77495f3faa2c53ef143455a85db2dce0125a588865f7a3f114616
experiments/v2/runners/run-s3.0.3.1-security.sh,6780,97c73aeb0e975c980377cc1e1fc6f07f322a03901048fa496d620e53528f81b7
experiments/v2/runners/run-s3.0.3.2-go-quality.sh,1154,91426f53d5ba2e44db4f3bd7f26824c93595098ce4ac547696df26ef0d4dcb75
experiments/v2/runners/run-s3.0.3.2-live-integration.sh,4372,9cde1d59b58b1e540bdc1c8b25702b3c3b6265e531cee5fa7fbae427aa49f75f
experiments/v2/runners/run-s3.0.3.2-runtime-evidence.py,6448,000886c3f298cdb9e94e3e10f7c909bed02f9827c0dab726e915295284984214
experiments/v2/runners/run-s3.0.3.2-runtime-sanitizers.sh,765,53250533920b841a7b93a07de3ec34d77b07499bc8ace54113f458269ad2a9e2
experiments/v2/runners/run-s3.1-backend-sanitizer.sh,2399,4a29e908d69205d537b6684f8bfc682b83562a501376085e5e78675a01eb405d
experiments/v2/runners/run-s3.1-mutations.py,4331,5d2aef1f843080571791420d28b61f9147b64f499d73fe414029f4d46ac0d69a
experiments/v2/runners/run-s3.1-quality.sh,2076,70e5e299fe550da301d593e964803693a6c1b5e9b2e723a9ba944b0c7c5a852e
experiments/v2/runners/run-s3.1-security-evidence.sh,814,ba25ec1065afbcfecc04bad2714d5b39978d65df71a792e2ca118f8c09383ff6
experiments/v2/runners/run-s3.1-three-process-prototype.sh,9910,f0c41dea80357131cb02e315df36f9a8f7d2147111e1a9be6cd8178cee749f46
experiments/v2/runners/run-s3.1.1-sanitizer-matrix.sh,8706,2454e99ea0d0e39a25a7cea86926ec337ffebcb5a7cd174b013214991e10cb76
experiments/v2/runners/run-s3.3.1-fmatch-case.sh,5822,e270be6a40d846f49ba2c429fbcb40dd69ca56fd7f758cd1d30b0cc98cf7e0ba
experiments/v2/runners/run-s3.3.1-golden-suite.sh,2747,2a1c5f63131e5725c77deac43b69ad52728ff0373df30bf738e41aa8d53045f9
experiments/v2/runners/run-s3.3.1-negative-mpc.sh,5726,9d33479685004c81c97cc3a20cc8d7a77f55af0c180483957f59e4741b7809f0
experiments/v2/runners/run-s3.3.1-production-output-case.sh,6735,9f5177cc00f26f66ef94fb4b3ba8b4d3bb248eb78094a0e7e17996a8445ffcc5
experiments/v2/runners/run-s3.3.1-production-output-suite.sh,3084,1ef95be095a444ecf4ca69bd2ef9089aefdc93e17cc71ab00ed86d9a053b0a9c
experiments/v2/runners/run-s3.3.1-quality.sh,3090,90f66874208ced61eacf769a55c03f2ea3cfae4110725ddb89f1c651ab563bde
experiments/v2/runners/run-s3.3.1-randomized-suite.sh,8899,c0102e30bcff9fe1d9e64add08a94b550efab60ecd3f9de82761121f886cad4c
experiments/v2/runners/run-s3.3.1-release-gates.sh,5249,4cb7d5fca1c89239918eaf55567923ef2d0ca13f41762fe97412a8064ec0c48c
experiments/v2/runners/run-s3.3.1-sanitizers.sh,3505,06ed7940cfea36d9fd068b8af350e8090173dcb409bf9cfdc816862525bc007c
experiments/v2/runners/run-s3.3.2-obliviousness-suite.sh,8983,7ea83d2a307b560c19a122d2b6c2a020277d4707d2362eba035e8b3fc9d53528
experiments/v2/runners/run-s3.4-live-integration.sh,5762,684c5d7f3b953d9102e083a92e63a69a0ca7b30c0d56380c7414ada34ec3303f
experiments/v2/runners/run-s3.4-party-fault-matrix.py,21077,ee336f28241260a24c3bcb43e22ce7261cce383ed6c7c04c3ce70a9d7bdd0536
experiments/v2/runners/run-s3.4.1-mutations.py,6127,eb3229d2dd4065e2c96dc68187d9a175aac2dcc25714b1eb9bd5315492d7db87
experiments/v2/runners/run-s3.4.1-quality.sh,7932,91f9e514ea565da21096804c1078d7238decf73774a3da5f6d44954e707ff13e
experiments/v2/runners/run-s3.4.1-real-e2e.sh,8716,7923bde365c33964ee9cbec8a944b0e74c0ceb639dca96f9ee2e3c71770d2193
experiments/v2/runners/run-s3.4.1-unlinkability-live.py,43745,af4d5fee28c9cef3b1c96496c82cff152e51911668af5386f8bcc2b61d3b0169
experiments/v2/runners/scan-s3.4.1-single-party-views.py,3130,e7a806b8095b58e8ab6e8f7786b17c68b86999aa7eac7c0b78a7fad4d1d00f5e
experiments/v2/runners/setup-s3.0.3.2-party-tls.sh,2430,39ea34eecbd8f22f95b730dca7e56e6fa49ae206576fc2d209cd9f1321aecd4a
experiments/v2/runners/start-s2.2.1-verifier.sh,2093,3457bb3fb5109a0e83c51cc661afb8088ba7cb348ce2e82dc867188720d056f8
experiments/v2/runners/summarize-s3.0.3.1-security.py,5809,a82f553823262455a27fa8e83d479b61825cd8457fcecc061b1a5175c5d83d60
experiments/v2/runners/summarize-s3.3.2-obliviousness.py,9971,c8e9364c90fc9a713c70d83cc89459b4059efa551a3c2bec30d512066bc2896a
experiments/v2/runners/summarize-s3.4.1-block-scan.py,3708,cba5fff0bda29be92516e359964681fa145d8bdcf6f2539e8a635f9841d98b00
experiments/v2/runners/verify-s1-clean.sh,13130,5a6db79f4c6abb603c75612d9a75ea8336887132f91a9fe155e9fc4509923215
experiments/v2/runners/verify-s1-freeze.ps1,1769,bd773c9b4ad8b881f55153e631ee2d69454fcec71a47b6bf36d8f30b488686dd
experiments/v2/runners/verify-s2.2-quality.sh,3346,4f99454b3666ef2222cfbf69170e4ebb56041f426655f72546b1cbd281becba5
experiments/v2/runners/verify-s2.2.1-quality.sh,7388,a70042f750c5cb6c30ca00c07abd62389e511742198d15631cc963c745d1bbf9
experiments/v2/runners/verify-s2.2.1-rebuilt-runtime.py,3291,7ad590916de4002ddefabc9501d9d68f19f9d648ed66f1f19ec001646e1d40e2
experiments/v2/runners/verify-s2.2.2-quality.sh,7584,b9dc929173ed90c911291feae3b456acb4541ec74349f1ef1dc0aa9fd5d55dbe
experiments/v2/runners/verify-s2.2.2.1-quality.sh,4445,d0971397a47468eda22c104ac46d280e6e694755f46f0925116e40c4bc7750fd
experiments/v2/runners/verify-s3.3.1-fmatch-output.py,10367,c0e5b4dc36addd025ec3b1911ca31a53f3b51b062725019c2f04fffbd54abd01
experiments/v2/runners/verify-s3.3.1-production-output.py,9031,c1ceef75b0e99987518a990cff038311cf81a0f52b45e87e7b7e5fc344605fcd
experiments/v2/runners/verify-s3.4-runtime-image.sh,3121,6f437783f6e1e43ce4a170b6af6b2ccebeb0b3c739fa8260b186c6837e8289b1
experiments/v2/runners/verify-v1-freeze.ps1,1623,c222f162ba13a4d1ac038611cd22afe902f760896ccd89c6775d1a66198cfe64
experiments/v2/runners/verify-v1-tests.ps1,1545,0cb4020e079a11edaf67a0f3a7ee491b594b0968a70a1fdd9da4698984400410
experiments/v2/statistics/analyze_s3_1_three_process.py,5183,ab505bbfb0af444e781c57e2b79aad8fc824cd1195557e920b36b0156d238890
experiments/v2/statistics/attest_runtime_trace.py,4081,e4c7a02fd12d7d6740254eb033dfd8898a7a4485795bc4e7cfe095eadced6a75
experiments/v2/statistics/audit_s3_1_1_upstream_fix.py,5873,b5e4244d477709c7ca4538d8523ed59bb477cf730f2d29e16d53229333c3d00c
experiments/v2/statistics/compute_s3_program_digest.py,2052,b0232fbe2b7b169430408a2bbb307e42f82d790e2a211179dfd427bad2e3ad9d
experiments/v2/statistics/convert_s3_go_test_json.py,2046,eab0b0e52597c2151896c0088c9366cf7486df585361a96011f20c7244ae22e6
experiments/v2/statistics/extract_s3_replay_evidence.py,2878,3e2ab8b82cc29dd726e39f24fa77de0f6f472905f3ea977bdf71247f69b40d27
experiments/v2/statistics/generate_s3_backend_sbom.py,4639,bbc05be08ca70e781679130936430d4b8771e7ff05039d56f39c0d1097896b49
experiments/v2/statistics/git_history_private_scan.py,14888,3a8ac3cc9adf6d3413ccf72f10b9e83584b650830a96dac0e4b42fec1cb65d05
experiments/v2/statistics/recursive_private_material_scan.py,6947,3682991b9d99d769fbf85fe174f1aa11f2fab465314913d3f33111a51aef0a54
experiments/v2/statistics/test_validate_formal_input.py,20047,cf7e34da423aba4f502b5f086c6c8d76582e7bd868bcd015fd3d55321cbf0c88
experiments/v2/statistics/test_validate_s2_2_2_peer_timewindow.py,1175,4b78ab87ad8ca1d5f688ee78c9720e3c76025cbf6a0824bd574ec3ac7c2917fc
experiments/v2/statistics/validate_formal_input.py,23905,7b7d36bae95559e9d127d94e785e7f1fb2dc5f51c85670a5f3d5be4d2fee36e6
experiments/v2/statistics/validate_s2_2_2_1_evidence.py,5430,3dcbf0844d0f2404c04c57dc72d7464c07a28edd87891497b1ca0c0608291cb7
experiments/v2/statistics/validate_s2_2_2_peer_timewindow.py,2368,742185ed04b49e4f9784d2e7c0f576444c10b0ea681a11aae4ad5a94e04afc2e
experiments/v2/statistics/validate_s2_2_registry.py,5022,52726fedbf81407bc85c0b610f76284c81f61a21441ddf712aded5c8dfb7f4ee
experiments/v2/statistics/verify_s2_2_2_1_key_separation.py,2932,49f8bf119bb30b28b69c329bb2a2aaef18378003d9f1b4295b95817a72dbf319
experiments/v2/testdata/README.md,389,bfc475eee0b9b03b7c83486647bd516256e5f8244c52160445b6a27697816ed9
experiments/v2/testdata/trace-attestor-s2-test-private.pem,119,53b5b4e09a81feec8442b91a5d082d1069b10e35e453bb329dd9e94f96677684
experiments/v2/tests/test_s331_input_tools.py,7908,bb3cad54658075dd57a27c2bd6a63e2704dd6c812876a5eb1b2c7a93ecc82811
manifests/README.md,665,796f3521b8b24152847211e7ce1b83006d12e215d05ca70f905850e870493175
manifests/s1.1-source-sha256.csv,6540,ebaaba98f4d45d1a885765c20aa1a0cf13a600d33ef0aec4efd9529428d32c20
prototype/anoncred-rust/Cargo.lock,46521,46d0d7345afeb0a2468fa562b75cb3146e5bc4d4327e60f2da77def6ee691b9d
prototype/anoncred-rust/Cargo.toml,1155,2ce847be2d2fae3d7c53047341fc3b08977eb6de9786fe47781904a9d6b7301c
prototype/anoncred-rust/README.md,761,eda262ea121d5e2997994d3b1acda6ff67572cfbfaed755302e7f4041528d2bd
prototype/anoncred-rust/include/saib_anoncred.h,509,99fda80dafb975cd78f440f0bcbe96f5059ab21b672596092cdf607547d6795e
prototype/anoncred-rust/include/saib_anoncred_verifier.h,439,b673cba9f01a956f38ac37067e24285d0d773bdddcd65e262f38a520b7e8d087
prototype/anoncred-rust/patches/credx-0.2.1-independent-commitment-blinder.patch,3826,76be0e87a498c58e2a871b4165af778cdc0a9c2cc58b9f016256a008b6a9e594
prototype/anoncred-rust/rust-toolchain.toml,51,4ae7dd89b38747ef65001accc5ec7886c041151b697277baff1fa49a041050d7
prototype/anoncred-rust/src/bin/s2_1_vector_tool.rs,1521,4d2cf687c7dd5a41c8253d66f5aff446d2eea1aa8028cb96ec11af8e02fb0fd6
prototype/anoncred-rust/src/bin/s2_2_global_issuer.rs,3304,33c4dc6590db71726419a430711ca62c0617dec590e8694441dae5542a2f1b67
prototype/anoncred-rust/src/bin/s2_2_holder.rs,5375,1cf106d368355689d75ec0099dfa28a59c8e2ea6f38a40b457ca202ccfdce09a
prototype/anoncred-rust/src/bin/s2_2_regional_issuer.rs,3550,787649aa9d8615df181f15131ab331ca880742aa5920242c99d7df016c4d2c04
prototype/anoncred-rust/src/bin/s3_4_1_unlinkability.rs,7497,720bf518c0d599135b17162987b61e700905311006e3422b9b4c3bc63c866acd
prototype/anoncred-rust/src/bin/s3_committed_input_vector.rs,5324,bb85c71a65cac91c25be4c472bc18f46c7c9e11715dfda91b7b518121a0c472b
prototype/anoncred-rust/src/bin/s3_consistency_verifier.rs,1493,91fb7c05aba0ca4cd80bfef501353aacd701f2d71d93bfbf4ff69d37b33f53f5
prototype/anoncred-rust/src/bin/s3_equality_vector.rs,3548,b034f1a1dea6cc4577a12e11fe1bab1c2ead16fc9c93a83c30ebed03a7f96f75
prototype/anoncred-rust/src/bin/s3_equality_verifier.rs,8759,3e4895a34c69a8de8f5c3b3e1592d35d8b1afaeb6d98734cec073bff49be0b94
prototype/anoncred-rust/src/bin/s3_live_committed_input.rs,8517,c9bcd9090b329168773f351bd805c490a58a9af8d74095106936fb2bdd3338c5
prototype/anoncred-rust/src/bin/s4_ablation_crypto_benchmark.rs,13130,85d1db33a8a9fc1492ee5535d49ce3cb43fe0cd4e6e7ee509a94fd33dc4ef47c
prototype/anoncred-rust/src/bin/s4_anoncred_benchmark.rs,11483,84123d676b2c266a8b1c0000af9b6f4c5729062d8d472bd2f3bae254e4db605f
prototype/anoncred-rust/src/holder.rs,3263,7ef1f7980bbe237a159630c46be22458dd7cdafa72d8a857c7b0308f75c2bea0
prototype/anoncred-rust/src/issuer.rs,709,773e844107813063a64d151f802eac7d452b87689a54888e1678fe2b947eec4d
prototype/anoncred-rust/src/lib.rs,42140,3aff9db779eebe60880790565f0233292bab6008773be56a8ddaac09ae6e4bc8
prototype/anoncred-rust/src/role_process.rs,17920,2142a9c3dd3c55c0679bfbee76ef1e3cce1a611d0ed17d28124dde7213cc7acf
prototype/anoncred-rust/src/roles.rs,7735,84844ca1f5ab7a33d7cf3649f6fa78030f7bc4814938927c6e6615cc36c9562c
prototype/anoncred-rust/src/s3_committed_input.rs,40275,95812e3d6c57eb67d6a8a32629e3edf9c1547a24f56f34f18917d980c5b0ef6c
prototype/anoncred-rust/src/verifier.rs,984,88f640def773ff5e5623e40fef4055d894fab032e189e6abdf1c7231a6c546ec
prototype/anoncred-rust/tests/common/mod.rs,4902,2c869810aa54c35f90ff612db75a691d9e6a56e19fab46708ade6526db20ff61
prototype/anoncred-rust/tests/ffi_sanitizer.c,1629,5aa6638d2b9227b27ab2a9b94953310a9ad7c2a7fd4dedd0766bf8c402a9e08a
prototype/anoncred-rust/tests/golden_vectors.rs,1306,fa39a7add12f082b13253fb64121dc7a3b327b01731da50dfbfd540709763f65
prototype/anoncred-rust/tests/s2_2_role_isolation.rs,9252,073ea3697d0504d73ab94d96a9e59bbac13cc8804f03cddee729f6f52726a3c5
prototype/anoncred-rust/tests/s3_committed_input.rs,22647,85ee1f8c050ffed3ec64571022dfbd741e5045820d14ade177c070c6c0269455
prototype/anoncred-rust/tests/s3_credit_commitment.rs,3202,16589834b43ec5e4afc84229241f55109a77bdcbd91d245b3902bc4a43195338
prototype/anoncred-rust/tests/s3_structured_properties.rs,5865,be1e0df703ab85da1905b76f8ead973bd2efffa7c4710f654822bf6a14d26363
prototype/anoncred-rust/tests/security_cases.rs,14817,21ffc290b88b9a776c5dafe2f3ad9934b8eec96f89a46ac9955b78264821f582
prototype/anoncred-rust/tests/structured_fuzz.rs,8322,c3f4f7128140ae191f11ebb5a06cf31ce902a9a0ab0d9cd3648fe58ff60548a8
prototype/anoncred-rust/testvectors/s2.1-public-golden-v1.json,9615,7f5429d103fb2f8f5b424f1e39c492e2979c6ae3fb43d2c134bdb220d321dfd6
prototype/anoncred-rust/vendor/credx-0.2.1-saib/.cargo-ok,7,afbf9d0f3560b0fd7795e81c42a0a79ee6b6fc67e064f77826aee642cad28d91
prototype/anoncred-rust/vendor/credx-0.2.1-saib/.cargo_vcs_info.json,94,57ce1f1a843507f2397deca01cfdd82526f66bea4fe51cfd7dfc5ea3a5619cb2
prototype/anoncred-rust/vendor/credx-0.2.1-saib/.github/dependabot.yml,796,d962bf877a460d894a5ec11b299d1830811da2d613c0ae4690a130ea880b49a6
prototype/anoncred-rust/vendor/credx-0.2.1-saib/.github/settings.yml,389,a748f2f9831e7325f0d67490d61f122b86ebf61ae157cbdbfb35e9537c0d0666
prototype/anoncred-rust/vendor/credx-0.2.1-saib/.github/workflows/build.yml,1291,efbbdb42feca318892a727d04492cd88a709c3fcc0706d6db405875b0ff80607
prototype/anoncred-rust/vendor/credx-0.2.1-saib/.github/workflows/security-audit.yml,597,0115230323040b41582d1eb567bb28de2e926f051b95ccc0c35133e525c44779
prototype/anoncred-rust/vendor/credx-0.2.1-saib/.github/workflows/windows.yml,1152,3c83bb7a639f7613b6143bc7a4e8e7c6b7c117a359bcbdaf7d8828aba5c12ce8
prototype/anoncred-rust/vendor/credx-0.2.1-saib/.gitignore,165,040210c5a6619b894940bfd2fecad18b414875f92ea6ea0a627dc6e877e77833
prototype/anoncred-rust/vendor/credx-0.2.1-saib/API.md,13424,eacf54c17ba19f8abbbeb7f67ebea021f7689d810475db76f17cea116e453805
prototype/anoncred-rust/vendor/credx-0.2.1-saib/Cargo.lock,42613,8ccc892f753edcd855d8402d0499f63fe6e69ccab2b0aead95c0cc2434735526
prototype/anoncred-rust/vendor/credx-0.2.1-saib/Cargo.toml,2887,3615e7e67c2c23557d3957ccbffd337de690853901c807aba6596a9e3f2a4f2c
prototype/anoncred-rust/vendor/credx-0.2.1-saib/Cargo.toml.orig,1245,de1294d3487edb0f5e29d0fe48d8ea1ffc8cc2f361d34447aba1c022d2421dcf
prototype/anoncred-rust/vendor/credx-0.2.1-saib/LICENSE,11357,c71d239df91726fc519c6eb72d318ec65820627232b2f796219e87dcf35d0ab4
prototype/anoncred-rust/vendor/credx-0.2.1-saib/MAINTAINERS.md,4426,24bc8340b846f09274238c29344214d2c3b640776546fd6f178d0c03877970ca
prototype/anoncred-rust/vendor/credx-0.2.1-saib/NOTICE.md,99,5d8f6651eda8bff32b04df7b78fc855bbffc01da3006203ac7b37aa039b772fc
prototype/anoncred-rust/vendor/credx-0.2.1-saib/README.md,14870,3c0cbd94c8bc0ec5a95da029b3cc83196a436af52cf92ca3cf55cb69eeb061d2
prototype/anoncred-rust/vendor/credx-0.2.1-saib/SAIB_PATCH.md,1305,dc723c6941f55009a519a9fa77bccc3b3079b490f8aaae71b433f3637e558e72
prototype/anoncred-rust/vendor/credx-0.2.1-saib/src/blind.rs,104,d1de0e1b09e5de416aedc08e5cdccd5501ddaf57072227f7ee637c794bd46c76
prototype/anoncred-rust/vendor/credx-0.2.1-saib/src/blind/bundle.rs,2987,21983b7cbdf0210eea21ebc4a5d62177c9a74862f5fd6d86ea05a1ef60a08adf
prototype/anoncred-rust/vendor/credx-0.2.1-saib/src/blind/credential.rs,2244,618c4e449a9db9f2e039544895bd76bc9b6968574af12d17d612a71d88e33ab1
prototype/anoncred-rust/vendor/credx-0.2.1-saib/src/blind/request.rs,3074,599edb55417f0cd559ecc3f91e066629dafc037c2f145b27367f094d889a8217
prototype/anoncred-rust/vendor/credx-0.2.1-saib/src/claim.rs,592,7b1fccc3e263842eb239c09e75c0cf4cc4b8c27df97ef3ec38d73e2621aa3c17
prototype/anoncred-rust/vendor/credx-0.2.1-saib/src/claim/data.rs,8378,385dc456395dc17527cff859dfe9d2f49f8667fdfba716cea1c91d715bd84c85
prototype/anoncred-rust/vendor/credx-0.2.1-saib/src/claim/enumeration.rs,2169,09877ec27515492af4b5c70fde872a282d5faca339be9cbebe26369489db16ea
prototype/anoncred-rust/vendor/credx-0.2.1-saib/src/claim/hashed.rs,4636,b0a4899d56656e485b8e1b27e28b4854a2dd72e9cd0a78e9465de36a1023ffad
prototype/anoncred-rust/vendor/credx-0.2.1-saib/src/claim/number.rs,3726,a63b040515376a0ddb579ce4f54bf430ee7d3a3bf04e0b79522c92ec4ace9b1a
prototype/anoncred-rust/vendor/credx-0.2.1-saib/src/claim/revocation.rs,1454,8c5a13e8b59d2fe24a808483f92f7cd4f9e02cbbfbe6603943a34bee52a84eb9
prototype/anoncred-rust/vendor/credx-0.2.1-saib/src/claim/scalar.rs,1110,2286f24e3e67fa81bb4731ec18a9ac5569247ee281c23f99d51876be587eaee5
prototype/anoncred-rust/vendor/credx-0.2.1-saib/src/claim/type.rs,3199,d9af4d298f4c225af126d8630c12f13035e436b202398919743ecc7995386600
prototype/anoncred-rust/vendor/credx-0.2.1-saib/src/claim/validator.rs,6386,194012642d9f0b9a9a423cfa345aba3f0ef81e153907a7b9bd10b2fdb8dfd927
prototype/anoncred-rust/vendor/credx-0.2.1-saib/src/credential.rs,724,8389b0c420cbb7614a5f4b0d2db66abb4aeb2a7ff8e5309c9a2e21611cf91e92
prototype/anoncred-rust/vendor/credx-0.2.1-saib/src/credential/bundle.rs,1178,21e5cc3f5b7650c355503d03dd2515654129770f5d1a10b14032f4bf3dfe7af8
prototype/anoncred-rust/vendor/credx-0.2.1-saib/src/credential/membership.rs,1625,6357d05d1585b37d1c0570277b5d90fef3646b360afd017a86de26d9e43dd580
prototype/anoncred-rust/vendor/credx-0.2.1-saib/src/credential/offer.rs,1039,665499bcee19f70aef000fd2dcd70a1876d1339b1968d0fe94d37112eaa25d9a
prototype/anoncred-rust/vendor/credx-0.2.1-saib/src/credential/schema.rs,9138,6c2e93605fea9d223a2da368339d06154b4b658204a9b2c3e2be0b8e181bc361
prototype/anoncred-rust/vendor/credx-0.2.1-saib/src/error.rs,951,2bbdc8eafde4829d66b8e7b9985d99cddeadeec8cbb8428295b43eaaba006bc2
prototype/anoncred-rust/vendor/credx-0.2.1-saib/src/issuer.rs,13191,0b0a467148a49956b3fd15fc7d0112ed055af171de525f900119bfd65cc9d101
prototype/anoncred-rust/vendor/credx-0.2.1-saib/src/knox.rs,1167,d7ad8cdd1a576b6d5acca206d99a1d9a597243fd1dfb895e129f90a17c167415
prototype/anoncred-rust/vendor/credx-0.2.1-saib/src/knox/accumulator.rs,55,63c47118af1acd1e75959363d2826003061075227c32f828caca9901dd8c8541
prototype/anoncred-rust/vendor/credx-0.2.1-saib/src/knox/accumulator/vb20.rs,5694,f03e51a1db71343baa5edee24d68bb31f1ce755d5a1f33db70622093b3c779d1
prototype/anoncred-rust/vendor/credx-0.2.1-saib/src/knox/accumulator/vb20/accumulator.rs,13458,f8b6afaadf246db0d61956d7d7bc1d5549dd47a72795a16ed4089cb48dcb26e8
prototype/anoncred-rust/vendor/credx-0.2.1-saib/src/knox/accumulator/vb20/error.rs,397,d8409731d84162178fab98b4944ac6214766d4ac073741421e3c080a0f5cfb82
prototype/anoncred-rust/vendor/credx-0.2.1-saib/src/knox/accumulator/vb20/key.rs,6074,c10783668a18ce13c533aa4ec14d7d007ee3e8c6bbc7ba25d01185c6de9d6375
prototype/anoncred-rust/vendor/credx-0.2.1-saib/src/knox/accumulator/vb20/proof.rs,33577,391b592c1484f01106420e3a58672b4a4f62ab0a32ae6d675df0ae676795afd1
prototype/anoncred-rust/vendor/credx-0.2.1-saib/src/knox/accumulator/vb20/witness.rs,18989,ee136614c2a836fa7508c9510b259c64f3ba89aef804a2ca7b62ca339ca62cbb
prototype/anoncred-rust/vendor/credx-0.2.1-saib/src/knox/bbs.rs,398,d398a0217239c728bdcd088f4c85dd5cb06cf4d7bdc41f42a76482806b3765f9
prototype/anoncred-rust/vendor/credx-0.2.1-saib/src/knox/bbs/blind_signature.rs,1906,3ed6daa1b3e22f5c5fbf2609993ad1a4479f3871fa479dc70ad2b8d99f47f979
prototype/anoncred-rust/vendor/credx-0.2.1-saib/src/knox/bbs/blind_signature_context.rs,2684,aebca407ed4561baac01fa736a46e9a558624efe31d5223eac02c762542d136f
prototype/anoncred-rust/vendor/credx-0.2.1-saib/src/knox/bbs/msg_gens.rs,2186,4635ddeb12dc0e210db06b52fbda91faf04a24d60763fc59ccf07be87ae6b649
prototype/anoncred-rust/vendor/credx-0.2.1-saib/src/knox/bbs/pok_signature.rs,3270,2d4d05c22c2d34a7eb65d0bf97a9fffeef6487b3a87893227b9c8416b91e9a29
prototype/anoncred-rust/vendor/credx-0.2.1-saib/src/knox/bbs/pok_signature_proof.rs,6446,677c8e63f48cf474b5e22e3728e65021c94d48972e882fda69f4f13697b9cb8b
prototype/anoncred-rust/vendor/credx-0.2.1-saib/src/knox/bbs/public_key.rs,4297,b2ee1aa51a0d3cd1217a0221b26a77b9ca14dc669cc6134a1631cedf3057ec0f
prototype/anoncred-rust/vendor/credx-0.2.1-saib/src/knox/bbs/scheme.rs,5053,a420b284406d193f1a8f662dede5fc4b4021a937c98ae04dfb698f7cb4d5131e
prototype/anoncred-rust/vendor/credx-0.2.1-saib/src/knox/bbs/secret_key.rs,2139,899a42b92290abbb832b60a370dee7ffd58ec1417b3f98be4aa3851651958a96
prototype/anoncred-rust/vendor/credx-0.2.1-saib/src/knox/bbs/signature.rs,4579,523d354c4290682fe4256e393251c7a8c41baf3244fb42fa2a02fbad19b3a11d
prototype/anoncred-rust/vendor/credx-0.2.1-saib/src/knox/ecc_group.rs,1595,fd3dc824b52326380ad1e07f89f00f74a1104f5d9afba78bdad2102985b6e0ef
prototype/anoncred-rust/vendor/credx-0.2.1-saib/src/knox/ps.rs,363,c462473aa791b6410c387902be04c2170dc44e16ac8fdbf0b9bea9cbfa546b7a
prototype/anoncred-rust/vendor/credx-0.2.1-saib/src/knox/ps/blind_signature.rs,3340,d69d143de1668445dc940d574398647d88fa7f5c621f38c701984e4cfa28d157
prototype/anoncred-rust/vendor/credx-0.2.1-saib/src/knox/ps/blind_signature_context.rs,4701,0ed930e19f0b7e2e39f7eee5406b7d4475dbf213c81b4d6c645437f7e9d917d0
prototype/anoncred-rust/vendor/credx-0.2.1-saib/src/knox/ps/pok_signature.rs,4014,ffe139d398a54fc521b099ebfa35e8cf9754ef87f567786b5b650bc85a76de5b
prototype/anoncred-rust/vendor/credx-0.2.1-saib/src/knox/ps/pok_signature_proof.rs,7728,ca417fb88c43fe4258437c48d60c78cb0de458de1ca57ee15eba83a9ff6d3077
prototype/anoncred-rust/vendor/credx-0.2.1-saib/src/knox/ps/public_key.rs,5945,6d6d0cd47f6795e0c6be4e19937080a7826610100f2241f8c85a626798d2456e
prototype/anoncred-rust/vendor/credx-0.2.1-saib/src/knox/ps/scheme.rs,5194,71abe9730c15baae9cb89283620cd9b59b9ef23cb4a560eec84e6763e7a526ca
prototype/anoncred-rust/vendor/credx-0.2.1-saib/src/knox/ps/secret_key.rs,5290,4b52d4e533c069d5ed0afa5adc7b60ce62a07bf8cab843d5f8c7133d78b63c0d
prototype/anoncred-rust/vendor/credx-0.2.1-saib/src/knox/ps/signature.rs,5808,8ed37506681dc2b5bf5a7bc32a289ee8ab21ed84d9b0610a4f10faac6cff31ac
prototype/anoncred-rust/vendor/credx-0.2.1-saib/src/knox/short_group_sig_core.rs,270,e3c470bd074069c5fa2c60244d0e87a0018c55b20717f0ff319acab782be3180
prototype/anoncred-rust/vendor/credx-0.2.1-saib/src/knox/short_group_sig_core/hidden_message.rs,629,d42fb3e8d7ba93821603305b4f77d7e6ea6c1ca33b71ebd15c0bd0ef0e04e9f8
prototype/anoncred-rust/vendor/credx-0.2.1-saib/src/knox/short_group_sig_core/proof_committed_builder.rs,3336,851d51d8c2f9e080ecd85d3e1679185d125ddf69b135fe7ec5b6f1add67f22ed
prototype/anoncred-rust/vendor/credx-0.2.1-saib/src/knox/short_group_sig_core/proof_message.rs,1213,44e6986a078b624b429948763f425b22461745ba48026e0e0aed99004abd5443
prototype/anoncred-rust/vendor/credx-0.2.1-saib/src/knox/short_group_sig_core/short_group_traits.rs,8223,4ea73b5f96842de1c2da748ee5363ea5e438a22941eb2c670120709aaeaf2dc9
prototype/anoncred-rust/vendor/credx-0.2.1-saib/src/lib.rs,2082,94e8b2343fba9a72b34d74cd7da497a360d801650a8f6ff007cf3375765a69e1
prototype/anoncred-rust/vendor/credx-0.2.1-saib/src/mapping/map_credential.rs,13751,1a56f4c3b22b17202fce931228c4ba460fa3981dbb503885e0aa92d9df336148
prototype/anoncred-rust/vendor/credx-0.2.1-saib/src/mapping/map_presentation.rs,35910,100970743015803963114b05da7a4a8df10b9efe31b412536110c00dfc9c8d81
prototype/anoncred-rust/vendor/credx-0.2.1-saib/src/presentation.rs,13217,5191215e2de8b492fde22bf94f8c59d3f2b7b00c6ab4e1f7a3a50eb86a9964a9
prototype/anoncred-rust/vendor/credx-0.2.1-saib/src/presentation/commitment.rs,2716,0a12811dcea8ed80151c1d7cc7d97f2875e2207f39964dab326a19fd246d9d28
prototype/anoncred-rust/vendor/credx-0.2.1-saib/src/presentation/create.rs,12764,13834dcf0ca407d16e0c7a104bdfb9ab8a84de996ad644a2182c007ac86e9347
prototype/anoncred-rust/vendor/credx-0.2.1-saib/src/presentation/credential.rs,956,e0cc46e40802b1e3218263792317ed771ad6bd761a042641165e3c141c5b866a
prototype/anoncred-rust/vendor/credx-0.2.1-saib/src/presentation/equality.rs,2123,9f94a48a16ceb025e5aa72645e4185df36db15252c25153afb841c976e086edf
prototype/anoncred-rust/vendor/credx-0.2.1-saib/src/presentation/membership.rs,2022,56667c6e40294a53467488cce925aa562b3d02607db98ca46033e03921516616
prototype/anoncred-rust/vendor/credx-0.2.1-saib/src/presentation/proof.rs,3307,6ebf5db75ac45cf7f4c8ce7bf9e338f48b8afccd855470a87deb73b84fef5442
prototype/anoncred-rust/vendor/credx-0.2.1-saib/src/presentation/range.rs,9671,a3389e8dfc761b8fc78e5aa99b75b6c2aab798da97e7c30b01b3cd180e5f1015
prototype/anoncred-rust/vendor/credx-0.2.1-saib/src/presentation/revocation.rs,2028,e0642bfa800c6287d29cd7445f85e1f05f000325554b0b9aaf09be096ed6c3a2
prototype/anoncred-rust/vendor/credx-0.2.1-saib/src/presentation/schema.rs,2193,98707e7f6da75eb78204d49db867392acc0441675d9732fb8a1a54f07274a9ab
prototype/anoncred-rust/vendor/credx-0.2.1-saib/src/presentation/signature.rs,2921,289cd449b19f3b3fe1ce2f491d1b595568e41ed0213354bd12f54a2ed7c47b2b
prototype/anoncred-rust/vendor/credx-0.2.1-saib/src/presentation/verifiable_encryption.rs,2886,0c26c82d477c89dcf172ec2e9c518319d86d9f36ba7bf5901be55102d2c2a862
prototype/anoncred-rust/vendor/credx-0.2.1-saib/src/presentation/verifiable_encryption_decryption.rs,11073,31cfb8e1ab508fbf569af11bfc9235d1d1fcfed6e0000d9cc30fcd00a7aabf81
prototype/anoncred-rust/vendor/credx-0.2.1-saib/src/presentation/verify.rs,11837,080498bc1f7da737f12f06c4692d2816f89114d5782a2a984ccb2c252998bb47
prototype/anoncred-rust/vendor/credx-0.2.1-saib/src/revocation_registry.rs,1951,615b3c799d0a9f310ad058e74da16ac92beca55e352f1ed4b8603c96ca0197d2
prototype/anoncred-rust/vendor/credx-0.2.1-saib/src/statement.rs,9534,4c6f2979c63966040078d50120f0be3f5cc92682705080c5af1bb8815fb3e245
prototype/anoncred-rust/vendor/credx-0.2.1-saib/src/statement/commitment.rs,1787,8f678912770f763536f9ebac963f075803e4471ebd9a74718a354dcb634f0e78
prototype/anoncred-rust/vendor/credx-0.2.1-saib/src/statement/equality.rs,1535,959242a9141e7d6ebb4949cd52fe26ea37c30128bb8cf732ee45c70afcc00303
prototype/anoncred-rust/vendor/credx-0.2.1-saib/src/statement/membership.rs,1578,da756f27de19694f3ccc3a48bebe2ffa46446075a8d1aa28900240cb2a690ffc
prototype/anoncred-rust/vendor/credx-0.2.1-saib/src/statement/range.rs,1966,b09aef8dbf16b9161e408b989602ba39886506a219f2152c4098a99d76678b21
prototype/anoncred-rust/vendor/credx-0.2.1-saib/src/statement/revocation.rs,1545,8936e2f9e21bf62ac8c4fb13757232d401fc8de95fd95140f4e9defd8ffff550
prototype/anoncred-rust/vendor/credx-0.2.1-saib/src/statement/signature.rs,1864,c3d94a9aca65c2a3240244f726f7df65d7a2e3fda22792fe6647c85b0fcf819d
prototype/anoncred-rust/vendor/credx-0.2.1-saib/src/statement/verifiable_encryption.rs,2071,2fb24e98e879a315f8b89d69f6eb6ce58041350f1825d2f499e8edf6055cfdbd
prototype/anoncred-rust/vendor/credx-0.2.1-saib/src/statement/verifiable_encryption_decryption.rs,2859,c9c0a51840213618ed21afe2a1b1bcf22c94f24930174de93a9ec8d2be89d194
prototype/anoncred-rust/vendor/credx-0.2.1-saib/src/utils.rs,3905,9ba972e02166892e910739a9f92f92a675fb38276af8d833535444b146f29712
prototype/anoncred-rust/vendor/credx-0.2.1-saib/src/verifier.rs,3968,90deabdd07f465464c31067152889992861de6024d5260bb342522287dff2c3b
prototype/anoncred-rust/vendor/credx-0.2.1-saib/src/verifier/commitment.rs,1296,3040e8c9fa12a50d22baf1e6c590e30bab55e54429ef5118d6a1ffad469b69db
prototype/anoncred-rust/vendor/credx-0.2.1-saib/src/verifier/equality.rs,4045,2011aabd46637abc7d349b225cb32d29c982131a565dde60652498bbeebef132
prototype/anoncred-rust/vendor/credx-0.2.1-saib/src/verifier/membership.rs,1920,15895e4428d9ddf490b90832ced132ae421aea5726446a16a6e3ab74771a7f48
prototype/anoncred-rust/vendor/credx-0.2.1-saib/src/verifier/range.rs,6395,1873abaa1fc4938b7a4bd8ec49137e4fe0e750fb9a96fae33f29bfc2232ce7ad
prototype/anoncred-rust/vendor/credx-0.2.1-saib/src/verifier/revocation.rs,1920,5e9fc28c0e9d53b3852fa9a238495732f0681bb698efba0a935827543df75c0d
prototype/anoncred-rust/vendor/credx-0.2.1-saib/src/verifier/signature.rs,1715,1af6d9046944f5147221f270253c54f9ad607ab0f5037330f8bafc6c7dd61106
prototype/anoncred-rust/vendor/credx-0.2.1-saib/src/verifier/verifiable_encryption.rs,1532,11c6faf0efa8a4f738ea78db7db87537d4fdc6df4927a8f8c82eb901fd6690a0
prototype/anoncred-rust/vendor/credx-0.2.1-saib/src/verifier/verifiable_encryption_decryption.rs,3960,8781e127997bcbe5abb694fdec6c0ba0d23029fb6b601fcb9a6ea9443c1a0662
prototype/anoncred-rust/vendor/credx-0.2.1-saib/tests/equality-and-reveal.rs,15320,917387cf3d8ef364facf7e1d2fcfa57cdf80bb544021baeab5bc4cbd0eac8a12
prototype/anoncred-rust/vendor/credx-0.2.1-saib/tests/flow.rs,22872,5ccdba86c6d0c5517cb08440c2dc7d70cd378011b7d9852dc51ba7fb2db96fe0
prototype/anoncred-rust/vendor/credx-0.2.1-saib/tests/out-of-range-panic.rs,3405,640e8db9c8eea8961548b7650ec4aba9a7df1ff8e5b42dca5d2d71b765bed4fd
prototype/anoncred-rust/vendor/credx-0.2.1-saib/tests/range.rs,5344,7d097f1faf3cac87f6222d6fa214975344aa9103ab604f02205bb4d2f697f43c
prototype/anoncred-rust/vendor/credx-0.2.1-saib/tests/real-id.rs,28337,1e230df7c306c39ddd982fc85ed933b638d7b5f92ea78afc8d8d5256b7513bb6
prototype/anoncred-rust/vendor/credx-0.2.1-saib/tests/revocation.rs,11534,5f491a937c2a11aff86b23795244a70e5e3cc9cef9a44de615aacf04a4d84b14
prototype/anoncred-rust/verifier-ffi/Cargo.toml,423,7937867d24706b0c32af9385b19050bbc487dfc7b2a5e196e188d958b840bb6a
prototype/anoncred-rust/verifier-ffi/exported-symbols.allowlist,89,5f7cf36aedf2722879d0c03c9b586a8cd8a239df82f595b644fa72a593d82733
prototype/anoncred-rust/verifier-ffi/src/lib.rs,5921,765d8c43c46abd534ca6f8b85112175ab92c46d55b7c993f24344d2bf6694420
prototype/mp-spdz/Programs/Source/saib_committed_input.mpc,2205,b1bc7cfa91d8726d4fffb662b6b1c60430dc2e9ed73ee1d81fdcc933ce71172e
prototype/mp-spdz/Programs/Source/saib_fmatch.mpc,18873,149e77baa6894a6eba8685dcb81311e64292e45c88838505ae7ff863998b2e0d
prototype/mp-spdz/Programs/Source/saib_match_smoke.mpc,1323,24c9843e0f911d46a6b9eec7d305f408e8e20295748d2333cb401dbe862eb4c4
prototype/mp-spdz/backend.lock.json,1112,6f3d86cf2a025dd11bc7507459c6300c27b620bee48c1953da75323a08a7e631
prototype/mp-spdz/committed-input-backend.lock.json,2091,6220f2a8cbef9d94a15a32b5d73a5f8ba6dd6a7940f21c433afcb2aad09ede17
prototype/mp-spdz/generate_committed_input_files.py,2821,b269e09ea576953e29eb90e12ccbd872d88dce3c4222f2507f201474dbd553c7
prototype/mp-spdz/generate_golden_inputs.py,3094,c7ffca96f334e8a8d4faafebff7cb0130f25866a859d75a0399a1737e7d4ab6c
prototype/mp-spdz/patched-backend.lock.json,1323,c84421d36bcd684086ab995a20714653991d438cecfb7ca1546e6be7158a5de8
prototype/mp-spdz/patches/0001-octetstream-null-safe-first-append.patch,751,cdc999e5c75f6eff0923d4af7c0bfa85c9322b66b4f3df1f2cec58a971826db7
prototype/mp-spdz/patches/0002-avx-memcpy-use-unaligned-safe-byte-cursors.patch,2597,3932b330a30ff25718ca4e90d0d64371eb70d3c3232ade1dcc237283ccaee5dd
prototype/mp-spdz/patches/0003-integer-defined-wrapping-arithmetic.patch,2546,0ce5222499ecad09c5cb872c8ca724b71ae42243893e05fa1e2a72106d534330
prototype/mp-spdz/three-node-process-config.json,1378,d8b5863bf87f9d98f4ba43b211c2960710aa194ef277caabd3720c6bd0a2c954
scripts/ci-verify-s1.1-tag.sh,1078,a637e939da0982b3278ed5fcf64bd848905bdc309b9579998743307f3c057a32
scripts/verify-s1-clean.sh,13130,5a6db79f4c6abb603c75612d9a75ea8336887132f91a9fe155e9fc4509923215
scripts/verify-s2-first-batch.sh,4912,5d76c81cf5c97d2deb5f8449f02c82da418922b07020d6b4165aa3e26af2cb75
scripts/verify-s2.1-security-closure.sh,6404,ea44582059b9aec771879798a340cdace2a460c396f386c10ae5fca25378eb52
scripts/verify-s2.1.1-final-audit.sh,8624,5d4cfbb3b074fc3caa326cc6ac8f62e614b29deba0491e8b32f97ab2c4f81ef5
scripts/verify-source-manifest.py,3112,4937affec410642ddb4c057665b3194818a9dac62e8cfc0be546be586c94f259
source/v2/Dockerfile.ci,1166,1211d68b673dbc567f76569da51b8da8c45f01b8b78aa1152fa1dd81334b31d7
source/v2/README.md,1139,af18fcb33805fb31466fbb7ab1ab2b2ded2c822a3851d69a2a7e661d0e6cc81d
source/v2/chaincode/privacy-state/config.go,4600,7d05cf5ffe99f6b2811153c7883b493ddbd3b9d6eeaa65bdd1b57697a2ad27ab
source/v2/chaincode/privacy-state/keys.go,2147,6f48506348ea98aed19409fb7f006982ef2778a2f1911ee5287d71a0645f1564
source/v2/chaincode/privacy-state/store.go,3830,7dc5802f7966b1b5cfc41f5e68f316b0d0a8b251ab627ab5be9976a88476b229
source/v2/chaincode/private-finalization/contract.go,9510,afbed2b9100a46a40766fd56772f6840a8018515007b686f3747ba82ee48ca0c
source/v2/chaincode/private-task/contract.go,9162,f6ed8769a118df86dd64663ad0d086dcf5dc656d6b6d3584d0c73ccf55b11a2a
source/v2/cmd/s2.2-fabric-privacy-experiment/main.go,22427,3264000832d1ba8e636045f46a5affc23f9bf2d0d44126cddd0704ffc8f19cf8
source/v2/cmd/s2.2-privacy-chaincode/main.go,1164,b457d055ac90d8dcf36d2e6b97d00acec311c5bc8e6ae0771f7b20bc5b5726a5
source/v2/cmd/s2.2-verifier-service/main.go,6785,3eef2f989b69e5d96bac5375f970c4d1dc90224f226c0a883c06e195498f5fcd
source/v2/cmd/s2.2.1-block-scan/main.go,9074,4ae146c8a5d83a89e999e55f4966379b213813844802728b719403209ba08115
source/v2/cmd/s2.2.1-material-tool/main.go,7673,2f726c43622510a98ef76461e085ae6b6347ce47d90cf3db5d730747869804ee
source/v2/cmd/s2.2.1-privacy-chaincode/main.go,2185,b19290f709cfee01fb075b15fa83df0777cbbb2c087f0fe14855180ff95bf827
source/v2/cmd/s2.2.1-verifier-service/main.go,13818,e4623a9f312e359d68819bd6e7fa81b691b3cb5e2e7a96ac99ceb52924becbea
source/v2/cmd/s2.2.1-verifier-service/main_test.go,1592,6cfd9803d123b3bd7cdd62c18035dad5c847143480395a2f115e790dd29c14c4
source/v2/cmd/s2.2.2-ccaas-mtls-probe/main.go,3236,fc5c7b535e8bc19821d7e1027c2d7b7df17bdd6540f8609f0bb32516b9cf2b46
source/v2/cmd/s2.2.2-proposal-time-probe/main.go,7115,459189ff690694805f2edf81c91ac7f23db56ace660cfbf96755890efcaa452f
source/v2/cmd/s3-binding-vector/main.go,8363,366703ad5234a37bc665877c615645c1d8f81909bbca5474beea80c52ec604c1
source/v2/cmd/s3.0.3.1-equality-attestor/main.go,1645,4dd7596580fc9bbbe011144239bc8548a8eb6ef6bedff40c2fe8e7dbfede48e0
source/v2/cmd/s3.3-reference-oracle/main.go,24669,e2d4d2e55d39340fed47ef6645b124aa855645d3358730eed93fabd17037326b
source/v2/cmd/s3.3-reference-oracle/main_test.go,513,903406b1ce2bdd61c9c76d89ff4b1f66557d175a50c6e51188ab2b7cee3714cc
source/v2/cmd/s3.4-fabric-block-scan/main.go,10797,964f96626092342caef79673bac3b492cf3c465a58c9214da6df5ea0e159a954
source/v2/cmd/s3.4-live-production-integration/main.go,52002,a9edef795d5af5e601f8d96e5858744f3cd778a204ebee6a755140b981b28eb5
source/v2/cmd/s3.4-live-production-integration/main_test.go,3522,9faa90348f5e7e12cf9b8a9d6308ffe8a47edb256add3ccd268b1aa279fa3a5a
source/v2/cmd/s3.4-network-fault-proxy/main.go,4432,3f2a3fbd3c06b9f13c8c731871be2ebbca70b43b369c2b55e4b9d728ce2e9c9a
source/v2/cmd/s3.4-network-fault-proxy/main_test.go,1504,1fc0c8260de263f7363edd85878b3dc797b3c3f72a279bbe381232d1c825a03c
source/v2/cmd/s3.4-production-chaincode/main.go,2194,6327bf373d5ae428ac5bb986135846985877f9c4be3d5d770030f9cf29b95f69
source/v2/cmd/s3.4.1-authorization-load/main.go,24989,248e81ccaa71ca6f0b3ca7cfc3be2e9e28266e43f267c356d860db3a73be9db2
source/v2/cmd/s3.4.1-authorization-load/main_test.go,3367,dc7445ae7faaa579227fc913475b5cd6855a6f78bcf7ea6140c718c7a37da97a
source/v2/cmd/s3.4.1-block-collector/main.go,6961,85d969b4b4b76e979ddbd7ed7b96632be7f48a829e689fb2da88117307ff472b
source/v2/cmd/s4-baseline-chaincode/main.go,1685,917a6a8bbaede8ee82d8f7b765d914d7eb4d285cfc8589ed2b051bf12dfb3410
source/v2/cmd/s4-reference-fabric-benchmark/main.go,13767,2cdc3c73ddf884e5a1fbae1bb380b5a5b0b0b502b7b0a792819e507908ff1745
source/v2/cmd/s4-reference-runner/main.go,2455,79deabc5a9207a669be9c3fb85071dfbab155b76c2071ed78fc5d2fb8353d3b9
source/v2/cmd/s4-reference-runner/main_test.go,1326,75497d4d5a0bada0c9cd5d0f204b121580517c4a340b5665bb9b1445ed105219
source/v2/cmd/v2-static-check/main.go,4737,df84fea73ba8634bb86f3e5e39d16c64e1d657fc4784d7e95e0ccffcd31c44d3
source/v2/crypto/anoncred/anoncred.go,494,21aebefbb23d24042b7b3efdb718b39fe03fcc1a6ab5f00e1418bdbe6c6f7620
source/v2/crypto/anoncred/ffi/doc.go,151,4c7c957595586ea661a389aca287857eb26ac96c96b5cf40dc81786d51511c2c
source/v2/crypto/anoncred/ffi/ffi_saib_real.go,1396,426b1744f9dc61940ea07fb47ab0430a2bdfa8cd8fb96b815a65f4298c4021ca
source/v2/crypto/anoncred/ffi/ffi_saib_real_test.go,2938,a7f62f25238f554df5b81e3753ddc42833d43ef86e0b67d65097e72100041974
source/v2/crypto/anoncred/mock_saib_testbuild.go,1595,90e7ed123df05975aab04bf5b3114baf380a6adea94ecc8e8f38e08fd1cb2947
source/v2/crypto/anoncred/real/doc.go,129,39d6abe38513f2da31e1d988c589c395f23c3a2647fa8866650df0fa6f9d189b
source/v2/crypto/anoncred/real/verifier_saib_real.go,3711,eb7be7d410dc7c733f4d05877ad3075ce1c8f37dec1b1e4b41a4f503214b79ee
source/v2/crypto/anoncred/real/verifier_saib_real_test.go,6060,469022b011bc8900f81dee3a36a9b4dba5c5e3ec7e9cf5e3590023c018c2129c
source/v2/crypto/credit/credit.go,294,68e77f49bfb30bf2adb775e6fd99e4af2d2eb2dca3aebc68d1f39741d71eb16a
source/v2/crypto/credit/mock_saib_testbuild.go,1782,91af692531c4a5d223b0f83225a2393a247777c7eb08c2a8b63de0bebc9c4774
source/v2/crypto/endorsement/endorsement.go,215,652e7c328abb2b20c11f4353917681b0f8625362bd6a99ca08a2bb74ef8240fa
source/v2/crypto/endorsement/mock_saib_testbuild.go,1206,401b2419b50081d5ad4fb75ee4a5d68ad383506ec86065480115998d746b84f4
source/v2/fabric/mpcinputregistry/equality_process.go,18761,a98c1aa19c2224e3b16296d649172c424e87cfd1911f610e9d89e1ba60d26b0f
source/v2/fabric/mpcinputregistry/equality_process_fuzz_test.go,1594,a50f6d8c2502a4e8ce541a9063788616ea2d458618246a966e048a8771bb3ebc
source/v2/fabric/mpcinputregistry/equality_process_integration_test.go,9875,e2a282e4cec70c0dc6c2b6b74027ec578c42ff93a73a43861e288a6c5edaab90
source/v2/fabric/mpcinputregistry/file_ledger.go,3641,9f8d92fb2d0bf719b4c21a568f8e3fa64cf38b753ebda20c90a3925cfc67fb21
source/v2/fabric/mpcinputregistry/file_ledger_test.go,970,1e4fa94bd7ac22baa5425512ff0ebb44c84fc4e6dd28f43aba7d7eed590ca0b3
source/v2/fabric/mpcinputregistry/registry.go,37234,ba0274a204cdfc732f65a5d9b83058f6dc77905719f6d299312486d30f71d539
source/v2/fabric/mpcinputregistry/registry_test.go,26283,51024ed4c213e18082e9aaaebc2073005588d1a4be5ff13a44721956b47e169c
source/v2/fabric/mpcinputregistry/s3_0_3_1_red_test.go,1482,b82b00efae3141ea27c7b9f2a389c8094754ec9a78fa917961c9358e50c05648
source/v2/fabric/privacychaincode/contract.go,5647,fe3ba854d42607066262a20e50c5a419724fb1391550b6345836da4cc716cc13
source/v2/fabric/privacychaincode/contract_test.go,2611,b106fac96e04ed451381bffc986e043b052ceac2ca5ef5113a70b8fea60e2320
source/v2/fabric/privacychaincode221/contract.go,25082,313a4ac7922bba2b3d3115291caf7d3dee4a8040675e27adacf093a2f533e802
source/v2/fabric/privacychaincode221/contract_test.go,21501,09e125577b7c5e35b0374c9fae34035d3d005f70e99ae2537527aab150090e30
source/v2/fabric/s3productionchaincode/contract.go,43160,6656af79f18bf9652f02bc078ce9b4a42c51db69f198cde6ad816e07c2e0484d
source/v2/fabric/s3productionchaincode/contract_test.go,10702,ee50df2e18af98beed9af0caf7b81d351e667be04735ecd0d30ce2dccd9a07ca
source/v2/fabric/s3productionchaincode/wire_compatibility_test.go,1970,6348747304aa3148a50d481ed51de5d968c92aca0b74eafe391ee4fce307dd48
source/v2/fabric/s3productionwire/wire.go,11488,b56d1b73937e2e53d47d5cd2cbf52f9b8cb3c3c555345fa1c1e9f39459f9b5b0
source/v2/fabric/s4baselinechaincode/contract.go,4690,6ef653afff12c42cb38340594dd7e58d5f3eef2518b2a004751f9fcb1068a023
source/v2/fabric/s4baselinechaincode/contract_test.go,1181,b522ae50902f15cd8156b196bfb3153d15961df5be8f0b1ea59674db2bb342ce
source/v2/fmatch/mpcresult/receipt.go,9393,ab2b7141c239bba3e1a9390a7af1fae27b87e6b9042dd5eb9fdd1dd539aeb860
source/v2/fmatch/mpcresult/receipt_test.go,2279,273485758fd7d391e4fb2f5a888a0084257178f83bf92ea3237cd6685993b83b
source/v2/fmatch/reference/oracle.go,21260,f0ff80fada4c5bd1f6276023fb837e49b8f2f14bf4d5cb518e43139ac3bad0b7
source/v2/fmatch/reference/oracle_test.go,12017,36efd647c011d234bee1904ee2cad9ed5d4fdf509310b987f9d0705819f06d9b
source/v2/fmatch/reference/types.go,6464,f5e5c225b990ecd43b93759abf9fef6869eca832200d2c56cdfe1bfa11997d44
source/v2/fmatch/testsupport/generator.go,2402,3663e4ba3bc7edefd2766cf69574f209bc846650cae0998aa552727b9e39881f
source/v2/go.mod,1622,325854985d7e85f6b1254a1d90872c9dafab2b73be63e948d43f93fb6f8ab652
source/v2/go.sum,16561,b5056f5a0e50f92c7a7b9258187aa2a7235c0406feb4fe525829892377b4fa41
source/v2/mpc/adapter/adapter.go,1009,2b12118605b6d126f140613aa210254d693c41a68af61ca309352c165d8de5ca
source/v2/mpc/adapter/mock_saib_testbuild.go,2591,d4a3325ca09a52ed4f809653e5eb647b0c90986474d5bdae05945b0b0994aa59
source/v2/mpc/inputbinding/admission_test_helpers_test.go,457,7d619577f2bfc1087236b503dd1c80b91925ae1c80c4ed3aee2deea22a00954a
source/v2/mpc/inputbinding/binding.go,48859,133bbdbbc8aad1cf4c4ae842b8e1b38c874a47608ece81c186fe433cedaf889b
source/v2/mpc/inputbinding/binding_test.go,48355,fb6aaec61283aabe69e6ae16e23c4730bd7a5b23485661123b92ba4c5d515244
source/v2/mpc/inputbinding/docker_fmatch_backend.go,16221,f6a787852aebdc9c8dd33a9d28996a48b7e989315d94d76e1a08159a07898547
source/v2/mpc/inputbinding/docker_fmatch_backend_test.go,10349,55ffb164a40d830f7731fdc6c4095b651a2a27c303086ed67510c374d19f2d5f
source/v2/mpc/inputbinding/docker_mpspdz_backend.go,18515,65f719f76900fc0ac53610865985c9cbdbcfed4d11b08cc2ab1eda7dc745e301
source/v2/mpc/inputbinding/docker_mpspdz_backend_test.go,6086,5a065cdc3499cbd83d05636c3fa6910a97aef6e3e4b84acb6f3feb574c6f0fad
source/v2/mpc/inputbinding/fmatch_batch.go,24498,85d840937b226a54e1cdc5b0dabded59488ad292ece23a659bea8cb34692a180
source/v2/mpc/inputbinding/fmatch_batch_test.go,4193,2edeccbd74270b9375e0a5b3b4b27cf90f9137d52032388269bc1b63a0ae546b
source/v2/mpc/inputbinding/fmatch_recovery_test.go,6643,0408a3db9eb40721dd37b61599339dbf1ca8166010bd4cd6caea9f5e8066712d
source/v2/mpc/inputbinding/input_record_state.go,1272,c8ca40541d39d15c9642e214a5d8943d9ad191bf054a7d4d87975d89edea2ca9
source/v2/mpc/inputbinding/mpspdz_backend.go,17063,be7e2a4f6bc87b7f0052fc68860c75d127e406029ecc69af9ab34bf20d8df1ad
source/v2/mpc/inputbinding/mpspdz_backend_test.go,4013,160c3d0ec560efa3f548cacc8d4bb5fd6c2157cfb5cb2b2fb433c6e9c143dd1a
source/v2/mpc/inputbinding/persistent_replay.go,6740,f047e0d425bcd9b6f0f7ad0258b9635171eadc18036042a979d0debe661724e3
source/v2/mpc/inputbinding/persistent_replay_lock_unix.go,1111,40962eb1203dd3819cc8ffee76ac5bfd14fe194346a159c3cd18c9284d19dace
source/v2/mpc/inputbinding/persistent_replay_lock_windows.go,1354,68130c5bab7827b0d5f9cb7f39cacd77e3e5901d5c79c6c58fac018a385d2e30
source/v2/mpc/inputbinding/process_consistency.go,10994,eefdffedfb5eba8f63bd6d34b80eeab72892714a3ec1633a7a922f17e703b737
source/v2/mpc/inputbinding/process_consistency_test.go,4736,0fcd2267bd53ce1edb65054afaddb13ae8c67b353093b166646fae3098b3e071
source/v2/mpc/inputbinding/public_api_test.go,1017,833315cb0f6d4d17b65ce1132d1e79b618ab33faacc06d59e4daf8e735d17170
source/v2/mpc/inputbinding/real_admit_launch_integration_test.go,26561,f46da721d4c30ce0f16424216d1cf71cfa936cc030b834c2f791a88aa9940fb7
source/v2/mpc/inputbinding/runtime_lifecycle.go,8228,e42c3d8fa4b0f605f769d5bbed25a0b2bd73a64886b7e0d73abc26819eab9a47
source/v2/mpc/inputbinding/runtime_profile.go,11754,89875611a8535430bbe9f5f6a1fd80f42df1a42963b5c7206e8c8cde095d53d7
source/v2/mpc/inputbinding/runtime_profile_test.go,12557,3edd4cef5d89974597aa7d24738d0d80cf37ac820d6947e78f075971734ccabf
source/v2/mpc/inputbinding/runtime_recovery_test.go,3789,dfe091536f3d0531772df540d3db5d114805c77b7150a3a6eeed181540518878
source/v2/mpc/inputbinding/s3_0_3_1_red_test.go,733,3d570b3fdf7443bc5dbe689a73ef7c70e30129f44983171ee644f211df3e09c0
source/v2/mpc/inputbinding/session_workspace.go,6099,1783118867b60a1108537b80a3a605d539da4b97085e1ccd61903aadde0498dd
source/v2/mpc/inputbinding/session_workspace_test.go,3949,fb7a11abebfde739b3d0386b69ef8b00eb2cd244e197c21dc35fea32438f5097
source/v2/mpc/inputbinding/testdata/direct_backend_bypass/main.go,384,3fbde11d4d3d07a98137adaa9336bc0e63983534d7831bae439b2ad13bf5240a
source/v2/mpc/inputbinding/testdata/forged_receipt/main.go,594,707dd777f4529b05fff261fa84260d1708f0e993f5dbe2c6e160098e7dccfea3
source/v2/mpc/inputbinding/testdata/public_api_control/main.go,218,f4620454bb5938a8df1d4e642d5b224330df152e2ea25e2bff8128fa4b1049ee
source/v2/mpc/inputbinding/verified_launcher.go,9911,dc12ea1679cc5c76f42397788f46797f6ece332d7386cb25be6d0fa0de64c122
source/v2/mpc/inputbinding/verified_launcher_test.go,4828,9c9c4db2bf1574989d2ffcb2696738877b1902af6b827eea7f507ec6d814f7c1
source/v2/mpc/programs/saib_committed_input.mpc,1862,fe1a90892b30f7c8681e587f4c14993ccbb7702708f199145a3be740f5c8aaab
source/v2/mpc/programs/saib_fmatch.mpc,18873,149e77baa6894a6eba8685dcb81311e64292e45c88838505ae7ff863998b2e0d
source/v2/privacy/authstatement/statement.go,1065,114c4f10ddf14e5df4fa33e6aaf8680333e9188249c403011c8e38a1cbc48a3d
source/v2/privacy/securitybinding/binding.go,13084,675baa1073cec4d1ba2cb1470b9d5f47100530386fc72313dce96fb99409cc99
source/v2/privacy/securitybinding/binding_test.go,5601,b510bfc89f2b97eee0c1673384fde7dc87fa46c0ddccc60423d7ea7284550cd2
source/v2/protocol/binding/binding.go,7492,4e683a9417eb9cacdfead8653b111ca05bf96f8632ce57e4c7c0fb46b4259a51
source/v2/protocol/binding/binding_test.go,9191,c3ca95fc09d212e939de84dd79e30009b2da9145791270f1b4af0059775abe31
source/v2/protocol/canonical/canonical.go,13915,062fa297e4bb1760e91082750afd51c0f3d72e954aded6a9b0c1a6ccb889bd34
source/v2/protocol/messages/messages.go,6852,5b556eba559eccb41aff9468efaee3ebe5d4b47672709ce85eeccc59f990efd5
source/v2/runtime/trace/trace.go,3298,aebff627b7a9d3a8d50c3a5d36ae9b9ee01cc1d8872ab7b2da274bc507e40210
source/v2/securitytests/helpers_test.go,8490,78f4209926b22de21737a8c55ef5bf287cea687c3933581f8c0848d40a5738d7
source/v2/securitytests/x1_unlinkability_state_test.go,2114,f99bc25932ce9a1784a8f0824fc6760c38445605c93239230ea0605f1405018c
source/v2/securitytests/x2_mpc_view_test.go,2750,a947728147a7dba0d38f9d305a0c10ca32dbfc4ed94da39c0d855b142aa480ac
source/v2/securitytests/x3_substitution_test.go,16921,972accf9afcb4c7d1b9539fe39021e6564cff101d91193f7761cd50ae803836e
source/v2/securitytests/x4_trace_test.go,1598,1f527821b70190b95261bc37da47dede7d858bf94df49ec14f71214572fd9fea
