schema_version,operation,run_id,run_index,sample_class,latency_ns,latency_ms,proof_bytes,registry_bytes,success,production_path,mock,real_anoncred,release_commit,oci_digest,source_jsonl_sha256
SAIB-RETF/S4.1/anoncred-row/1,issue,s4.1-anoncred-issue-00,0,warmup,15028090,15.028089999999999,0,3398,True,True,False,True,559e0bb531b3e4330c532e624d546d616c7849eb,sha256:532a8ccbe2aa5cc8d5d789fd51537f7e03d80aa07758509b75d4e14f13d76079,c7374da4f402c9654c597717e4eba19011c245273f70ac212ebfdca4752d2a2b
SAIB-RETF/S4.1/anoncred-row/1,issue,s4.1-anoncred-issue-01,1,warmup,14694637,14.694637,0,3398,True,True,False,True,559e0bb531b3e4330c532e624d546d616c7849eb,sha256:532a8ccbe2aa5cc8d5d789fd51537f7e03d80aa07758509b75d4e14f13d76079,c7374da4f402c9654c597717e4eba19011c245273f70ac212ebfdca4752d2a2b
SAIB-RETF/S4.1/anoncred-row/1,issue,s4.1-anoncred-issue-02,2,warmup,15501896,15.501895999999999,0,3398,True,True,False,True,559e0bb531b3e4330c532e624d546d616c7849eb,sha256:532a8ccbe2aa5cc8d5d789fd51537f7e03d80aa07758509b75d4e14f13d76079,c7374da4f402c9654c597717e4eba19011c245273f70ac212ebfdca4752d2a2b
SAIB-RETF/S4.1/anoncred-row/1,issue,s4.1-anoncred-issue-03,3,warmup,15567597,15.567597000000001,0,3398,True,True,False,True,559e0bb531b3e4330c532e624d546d616c7849eb,sha256:532a8ccbe2aa5cc8d5d789fd51537f7e03d80aa07758509b75d4e14f13d76079,c7374da4f402c9654c597717e4eba19011c245273f70ac212ebfdca4752d2a2b
SAIB-RETF/S4.1/anoncred-row/1,issue,s4.1-anoncred-issue-04,4,warmup,14752313,14.752313,0,3398,True,True,False,True,559e0bb531b3e4330c532e624d546d616c7849eb,sha256:532a8ccbe2aa5cc8d5d789fd51537f7e03d80aa07758509b75d4e14f13d76079,c7374da4f402c9654c597717e4eba19011c245273f70ac212ebfdca4752d2a2b
SAIB-RETF/S4.1/anoncred-row/1,issue,s4.1-anoncred-issue-05,5,measured,14164017,14.164017,0,3398,True,True,False,True,559e0bb531b3e4330c532e624d546d616c7849eb,sha256:532a8ccbe2aa5cc8d5d789fd51537f7e03d80aa07758509b75d4e14f13d76079,c7374da4f402c9654c597717e4eba19011c245273f70ac212ebfdca4752d2a2b
SAIB-RETF/S4.1/anoncred-row/1,issue,s4.1-anoncred-issue-06,6,measured,14897246,14.897245999999999,0,3398,True,True,False,True,559e0bb531b3e4330c532e624d546d616c7849eb,sha256:532a8ccbe2aa5cc8d5d789fd51537f7e03d80aa07758509b75d4e14f13d76079,c7374da4f402c9654c597717e4eba19011c245273f70ac212ebfdca4752d2a2b
SAIB-RETF/S4.1/anoncred-row/1,issue,s4.1-anoncred-issue-07,7,measured,14096464,14.096464,0,3398,True,True,False,True,559e0bb531b3e4330c532e624d546d616c7849eb,sha256:532a8ccbe2aa5cc8d5d789fd51537f7e03d80aa07758509b75d4e14f13d76079,c7374da4f402c9654c597717e4eba19011c245273f70ac212ebfdca4752d2a2b
SAIB-RETF/S4.1/anoncred-row/1,issue,s4.1-anoncred-issue-08,8,measured,16402516,16.402516,0,3398,True,True,False,True,559e0bb531b3e4330c532e624d546d616c7849eb,sha256:532a8ccbe2aa5cc8d5d789fd51537f7e03d80aa07758509b75d4e14f13d76079,c7374da4f402c9654c597717e4eba19011c245273f70ac212ebfdca4752d2a2b
SAIB-RETF/S4.1/anoncred-row/1,issue,s4.1-anoncred-issue-09,9,measured,17216384,17.216384,0,3398,True,True,False,True,559e0bb531b3e4330c532e624d546d616c7849eb,sha256:532a8ccbe2aa5cc8d5d789fd51537f7e03d80aa07758509b75d4e14f13d76079,c7374da4f402c9654c597717e4eba19011c245273f70ac212ebfdca4752d2a2b
SAIB-RETF/S4.1/anoncred-row/1,issue,s4.1-anoncred-issue-10,10,measured,17546162,17.546162,0,3398,True,True,False,True,559e0bb531b3e4330c532e624d546d616c7849eb,sha256:532a8ccbe2aa5cc8d5d789fd51537f7e03d80aa07758509b75d4e14f13d76079,c7374da4f402c9654c597717e4eba19011c245273f70ac212ebfdca4752d2a2b
SAIB-RETF/S4.1/anoncred-row/1,issue,s4.1-anoncred-issue-11,11,measured,13983014,13.983014,0,3398,True,True,False,True,559e0bb531b3e4330c532e624d546d616c7849eb,sha256:532a8ccbe2aa5cc8d5d789fd51537f7e03d80aa07758509b75d4e14f13d76079,c7374da4f402c9654c597717e4eba19011c245273f70ac212ebfdca4752d2a2b
SAIB-RETF/S4.1/anoncred-row/1,issue,s4.1-anoncred-issue-12,12,measured,14609044,14.609043999999999,0,3398,True,True,False,True,559e0bb531b3e4330c532e624d546d616c7849eb,sha256:532a8ccbe2aa5cc8d5d789fd51537f7e03d80aa07758509b75d4e14f13d76079,c7374da4f402c9654c597717e4eba19011c245273f70ac212ebfdca4752d2a2b
SAIB-RETF/S4.1/anoncred-row/1,issue,s4.1-anoncred-issue-13,13,measured,14419045,14.419045,0,3398,True,True,False,True,559e0bb531b3e4330c532e624d546d616c7849eb,sha256:532a8ccbe2aa5cc8d5d789fd51537f7e03d80aa07758509b75d4e14f13d76079,c7374da4f402c9654c597717e4eba19011c245273f70ac212ebfdca4752d2a2b
SAIB-RETF/S4.1/anoncred-row/1,issue,s4.1-anoncred-issue-14,14,measured,13909311,13.909311,0,3398,True,True,False,True,559e0bb531b3e4330c532e624d546d616c7849eb,sha256:532a8ccbe2aa5cc8d5d789fd51537f7e03d80aa07758509b75d4e14f13d76079,c7374da4f402c9654c597717e4eba19011c245273f70ac212ebfdca4752d2a2b
SAIB-RETF/S4.1/anoncred-row/1,issue,s4.1-anoncred-issue-15,15,measured,16457498,16.457498,0,3398,True,True,False,True,559e0bb531b3e4330c532e624d546d616c7849eb,sha256:532a8ccbe2aa5cc8d5d789fd51537f7e03d80aa07758509b75d4e14f13d76079,c7374da4f402c9654c597717e4eba19011c245273f70ac212ebfdca4752d2a2b
SAIB-RETF/S4.1/anoncred-row/1,issue,s4.1-anoncred-issue-16,16,measured,15532773,15.532772999999999,0,3398,True,True,False,True,559e0bb531b3e4330c532e624d546d616c7849eb,sha256:532a8ccbe2aa5cc8d5d789fd51537f7e03d80aa07758509b75d4e14f13d76079,c7374da4f402c9654c597717e4eba19011c245273f70ac212ebfdca4752d2a2b
SAIB-RETF/S4.1/anoncred-row/1,issue,s4.1-anoncred-issue-17,17,measured,15855257,15.855257000000002,0,3398,True,True,False,True,559e0bb531b3e4330c532e624d546d616c7849eb,sha256:532a8ccbe2aa5cc8d5d789fd51537f7e03d80aa07758509b75d4e14f13d76079,c7374da4f402c9654c597717e4eba19011c245273f70ac212ebfdca4752d2a2b
SAIB-RETF/S4.1/anoncred-row/1,issue,s4.1-anoncred-issue-18,18,measured,15459865,15.459864999999999,0,3398,True,True,False,True,559e0bb531b3e4330c532e624d546d616c7849eb,sha256:532a8ccbe2aa5cc8d5d789fd51537f7e03d80aa07758509b75d4e14f13d76079,c7374da4f402c9654c597717e4eba19011c245273f70ac212ebfdca4752d2a2b
SAIB-RETF/S4.1/anoncred-row/1,issue,s4.1-anoncred-issue-19,19,measured,13031812,13.031812,0,3398,True,True,False,True,559e0bb531b3e4330c532e624d546d616c7849eb,sha256:532a8ccbe2aa5cc8d5d789fd51537f7e03d80aa07758509b75d4e14f13d76079,c7374da4f402c9654c597717e4eba19011c245273f70ac212ebfdca4752d2a2b
SAIB-RETF/S4.1/anoncred-row/1,issue,s4.1-anoncred-issue-20,20,measured,13810118,13.810118,0,3398,True,True,False,True,559e0bb531b3e4330c532e624d546d616c7849eb,sha256:532a8ccbe2aa5cc8d5d789fd51537f7e03d80aa07758509b75d4e14f13d76079,c7374da4f402c9654c597717e4eba19011c245273f70ac212ebfdca4752d2a2b
SAIB-RETF/S4.1/anoncred-row/1,issue,s4.1-anoncred-issue-21,21,measured,14636754,14.636754,0,3398,True,True,False,True,559e0bb531b3e4330c532e624d546d616c7849eb,sha256:532a8ccbe2aa5cc8d5d789fd51537f7e03d80aa07758509b75d4e14f13d76079,c7374da4f402c9654c597717e4eba19011c245273f70ac212ebfdca4752d2a2b
SAIB-RETF/S4.1/anoncred-row/1,issue,s4.1-anoncred-issue-22,22,measured,15925808,15.925808,0,3398,True,True,False,True,559e0bb531b3e4330c532e624d546d616c7849eb,sha256:532a8ccbe2aa5cc8d5d789fd51537f7e03d80aa07758509b75d4e14f13d76079,c7374da4f402c9654c597717e4eba19011c245273f70ac212ebfdca4752d2a2b
SAIB-RETF/S4.1/anoncred-row/1,issue,s4.1-anoncred-issue-23,23,measured,15464004,15.464004,0,3398,True,True,False,True,559e0bb531b3e4330c532e624d546d616c7849eb,sha256:532a8ccbe2aa5cc8d5d789fd51537f7e03d80aa07758509b75d4e14f13d76079,c7374da4f402c9654c597717e4eba19011c245273f70ac212ebfdca4752d2a2b
SAIB-RETF/S4.1/anoncred-row/1,issue,s4.1-anoncred-issue-24,24,measured,14170640,14.17064,0,3398,True,True,False,True,559e0bb531b3e4330c532e624d546d616c7849eb,sha256:532a8ccbe2aa5cc8d5d789fd51537f7e03d80aa07758509b75d4e14f13d76079,c7374da4f402c9654c597717e4eba19011c245273f70ac212ebfdca4752d2a2b
SAIB-RETF/S4.1/anoncred-row/1,issue,s4.1-anoncred-issue-25,25,measured,12985792,12.985792,0,3398,True,True,False,True,559e0bb531b3e4330c532e624d546d616c7849eb,sha256:532a8ccbe2aa5cc8d5d789fd51537f7e03d80aa07758509b75d4e14f13d76079,c7374da4f402c9654c597717e4eba19011c245273f70ac212ebfdca4752d2a2b
SAIB-RETF/S4.1/anoncred-row/1,issue,s4.1-anoncred-issue-26,26,measured,12548641,12.548641,0,3398,True,True,False,True,559e0bb531b3e4330c532e624d546d616c7849eb,sha256:532a8ccbe2aa5cc8d5d789fd51537f7e03d80aa07758509b75d4e14f13d76079,c7374da4f402c9654c597717e4eba19011c245273f70ac212ebfdca4752d2a2b
SAIB-RETF/S4.1/anoncred-row/1,issue,s4.1-anoncred-issue-27,27,measured,13352667,13.352667,0,3398,True,True,False,True,559e0bb531b3e4330c532e624d546d616c7849eb,sha256:532a8ccbe2aa5cc8d5d789fd51537f7e03d80aa07758509b75d4e14f13d76079,c7374da4f402c9654c597717e4eba19011c245273f70ac212ebfdca4752d2a2b
SAIB-RETF/S4.1/anoncred-row/1,issue,s4.1-anoncred-issue-28,28,measured,13125069,13.125069,0,3398,True,True,False,True,559e0bb531b3e4330c532e624d546d616c7849eb,sha256:532a8ccbe2aa5cc8d5d789fd51537f7e03d80aa07758509b75d4e14f13d76079,c7374da4f402c9654c597717e4eba19011c245273f70ac212ebfdca4752d2a2b
SAIB-RETF/S4.1/anoncred-row/1,issue,s4.1-anoncred-issue-29,29,measured,13366754,13.366754,0,3398,True,True,False,True,559e0bb531b3e4330c532e624d546d616c7849eb,sha256:532a8ccbe2aa5cc8d5d789fd51537f7e03d80aa07758509b75d4e14f13d76079,c7374da4f402c9654c597717e4eba19011c245273f70ac212ebfdca4752d2a2b
SAIB-RETF/S4.1/anoncred-row/1,issue,s4.1-anoncred-issue-30,30,measured,13114954,13.114954,0,3398,True,True,False,True,559e0bb531b3e4330c532e624d546d616c7849eb,sha256:532a8ccbe2aa5cc8d5d789fd51537f7e03d80aa07758509b75d4e14f13d76079,c7374da4f402c9654c597717e4eba19011c245273f70ac212ebfdca4752d2a2b
SAIB-RETF/S4.1/anoncred-row/1,issue,s4.1-anoncred-issue-31,31,measured,13084715,13.084715000000001,0,3398,True,True,False,True,559e0bb531b3e4330c532e624d546d616c7849eb,sha256:532a8ccbe2aa5cc8d5d789fd51537f7e03d80aa07758509b75d4e14f13d76079,c7374da4f402c9654c597717e4eba19011c245273f70ac212ebfdca4752d2a2b
SAIB-RETF/S4.1/anoncred-row/1,issue,s4.1-anoncred-issue-32,32,measured,13041601,13.041601,0,3398,True,True,False,True,559e0bb531b3e4330c532e624d546d616c7849eb,sha256:532a8ccbe2aa5cc8d5d789fd51537f7e03d80aa07758509b75d4e14f13d76079,c7374da4f402c9654c597717e4eba19011c245273f70ac212ebfdca4752d2a2b
SAIB-RETF/S4.1/anoncred-row/1,issue,s4.1-anoncred-issue-33,33,measured,12863083,12.863083000000001,0,3398,True,True,False,True,559e0bb531b3e4330c532e624d546d616c7849eb,sha256:532a8ccbe2aa5cc8d5d789fd51537f7e03d80aa07758509b75d4e14f13d76079,c7374da4f402c9654c597717e4eba19011c245273f70ac212ebfdca4752d2a2b
SAIB-RETF/S4.1/anoncred-row/1,issue,s4.1-anoncred-issue-34,34,measured,13198718,13.198718,0,3398,True,True,False,True,559e0bb531b3e4330c532e624d546d616c7849eb,sha256:532a8ccbe2aa5cc8d5d789fd51537f7e03d80aa07758509b75d4e14f13d76079,c7374da4f402c9654c597717e4eba19011c245273f70ac212ebfdca4752d2a2b
SAIB-RETF/S4.1/anoncred-row/1,prove,s4.1-anoncred-prove-00,0,warmup,420381310,420.38131,3193,3296,True,True,False,True,559e0bb531b3e4330c532e624d546d616c7849eb,sha256:532a8ccbe2aa5cc8d5d789fd51537f7e03d80aa07758509b75d4e14f13d76079,c7374da4f402c9654c597717e4eba19011c245273f70ac212ebfdca4752d2a2b
SAIB-RETF/S4.1/anoncred-row/1,prove,s4.1-anoncred-prove-01,1,warmup,408269933,408.269933,3193,3296,True,True,False,True,559e0bb531b3e4330c532e624d546d616c7849eb,sha256:532a8ccbe2aa5cc8d5d789fd51537f7e03d80aa07758509b75d4e14f13d76079,c7374da4f402c9654c597717e4eba19011c245273f70ac212ebfdca4752d2a2b
SAIB-RETF/S4.1/anoncred-row/1,prove,s4.1-anoncred-prove-02,2,warmup,396923282,396.923282,3193,3296,True,True,False,True,559e0bb531b3e4330c532e624d546d616c7849eb,sha256:532a8ccbe2aa5cc8d5d789fd51537f7e03d80aa07758509b75d4e14f13d76079,c7374da4f402c9654c597717e4eba19011c245273f70ac212ebfdca4752d2a2b
SAIB-RETF/S4.1/anoncred-row/1,prove,s4.1-anoncred-prove-03,3,warmup,409306013,409.306013,3193,3296,True,True,False,True,559e0bb531b3e4330c532e624d546d616c7849eb,sha256:532a8ccbe2aa5cc8d5d789fd51537f7e03d80aa07758509b75d4e14f13d76079,c7374da4f402c9654c597717e4eba19011c245273f70ac212ebfdca4752d2a2b
SAIB-RETF/S4.1/anoncred-row/1,prove,s4.1-anoncred-prove-04,4,warmup,394212507,394.212507,3193,3296,True,True,False,True,559e0bb531b3e4330c532e624d546d616c7849eb,sha256:532a8ccbe2aa5cc8d5d789fd51537f7e03d80aa07758509b75d4e14f13d76079,c7374da4f402c9654c597717e4eba19011c245273f70ac212ebfdca4752d2a2b
SAIB-RETF/S4.1/anoncred-row/1,prove,s4.1-anoncred-prove-05,5,measured,400153004,400.15300399999995,3193,3296,True,True,False,True,559e0bb531b3e4330c532e624d546d616c7849eb,sha256:532a8ccbe2aa5cc8d5d789fd51537f7e03d80aa07758509b75d4e14f13d76079,c7374da4f402c9654c597717e4eba19011c245273f70ac212ebfdca4752d2a2b
SAIB-RETF/S4.1/anoncred-row/1,prove,s4.1-anoncred-prove-06,6,measured,397800671,397.800671,3193,3296,True,True,False,True,559e0bb531b3e4330c532e624d546d616c7849eb,sha256:532a8ccbe2aa5cc8d5d789fd51537f7e03d80aa07758509b75d4e14f13d76079,c7374da4f402c9654c597717e4eba19011c245273f70ac212ebfdca4752d2a2b
SAIB-RETF/S4.1/anoncred-row/1,prove,s4.1-anoncred-prove-07,7,measured,395919447,395.919447,3193,3296,True,True,False,True,559e0bb531b3e4330c532e624d546d616c7849eb,sha256:532a8ccbe2aa5cc8d5d789fd51537f7e03d80aa07758509b75d4e14f13d76079,c7374da4f402c9654c597717e4eba19011c245273f70ac212ebfdca4752d2a2b
SAIB-RETF/S4.1/anoncred-row/1,prove,s4.1-anoncred-prove-08,8,measured,389768530,389.76853,3193,3296,True,True,False,True,559e0bb531b3e4330c532e624d546d616c7849eb,sha256:532a8ccbe2aa5cc8d5d789fd51537f7e03d80aa07758509b75d4e14f13d76079,c7374da4f402c9654c597717e4eba19011c245273f70ac212ebfdca4752d2a2b
SAIB-RETF/S4.1/anoncred-row/1,prove,s4.1-anoncred-prove-09,9,measured,397385982,397.385982,3193,3296,True,True,False,True,559e0bb531b3e4330c532e624d546d616c7849eb,sha256:532a8ccbe2aa5cc8d5d789fd51537f7e03d80aa07758509b75d4e14f13d76079,c7374da4f402c9654c597717e4eba19011c245273f70ac212ebfdca4752d2a2b
SAIB-RETF/S4.1/anoncred-row/1,prove,s4.1-anoncred-prove-10,10,measured,411442166,411.442166,3194,3296,True,True,False,True,559e0bb531b3e4330c532e624d546d616c7849eb,sha256:532a8ccbe2aa5cc8d5d789fd51537f7e03d80aa07758509b75d4e14f13d76079,c7374da4f402c9654c597717e4eba19011c245273f70ac212ebfdca4752d2a2b
SAIB-RETF/S4.1/anoncred-row/1,prove,s4.1-anoncred-prove-11,11,measured,403543821,403.54382100000004,3194,3296,True,True,False,True,559e0bb531b3e4330c532e624d546d616c7849eb,sha256:532a8ccbe2aa5cc8d5d789fd51537f7e03d80aa07758509b75d4e14f13d76079,c7374da4f402c9654c597717e4eba19011c245273f70ac212ebfdca4752d2a2b
SAIB-RETF/S4.1/anoncred-row/1,prove,s4.1-anoncred-prove-12,12,measured,433139717,433.13971699999996,3194,3296,True,True,False,True,559e0bb531b3e4330c532e624d546d616c7849eb,sha256:532a8ccbe2aa5cc8d5d789fd51537f7e03d80aa07758509b75d4e14f13d76079,c7374da4f402c9654c597717e4eba19011c245273f70ac212ebfdca4752d2a2b
SAIB-RETF/S4.1/anoncred-row/1,prove,s4.1-anoncred-prove-13,13,measured,416935004,416.935004,3194,3296,True,True,False,True,559e0bb531b3e4330c532e624d546d616c7849eb,sha256:532a8ccbe2aa5cc8d5d789fd51537f7e03d80aa07758509b75d4e14f13d76079,c7374da4f402c9654c597717e4eba19011c245273f70ac212ebfdca4752d2a2b
SAIB-RETF/S4.1/anoncred-row/1,prove,s4.1-anoncred-prove-14,14,measured,430271256,430.271256,3194,3296,True,True,False,True,559e0bb531b3e4330c532e624d546d616c7849eb,sha256:532a8ccbe2aa5cc8d5d789fd51537f7e03d80aa07758509b75d4e14f13d76079,c7374da4f402c9654c597717e4eba19011c245273f70ac212ebfdca4752d2a2b
SAIB-RETF/S4.1/anoncred-row/1,prove,s4.1-anoncred-prove-15,15,measured,405303606,405.303606,3194,3296,True,True,False,True,559e0bb531b3e4330c532e624d546d616c7849eb,sha256:532a8ccbe2aa5cc8d5d789fd51537f7e03d80aa07758509b75d4e14f13d76079,c7374da4f402c9654c597717e4eba19011c245273f70ac212ebfdca4752d2a2b
SAIB-RETF/S4.1/anoncred-row/1,prove,s4.1-anoncred-prove-16,16,measured,402652218,402.652218,3194,3296,True,True,False,True,559e0bb531b3e4330c532e624d546d616c7849eb,sha256:532a8ccbe2aa5cc8d5d789fd51537f7e03d80aa07758509b75d4e14f13d76079,c7374da4f402c9654c597717e4eba19011c245273f70ac212ebfdca4752d2a2b
SAIB-RETF/S4.1/anoncred-row/1,prove,s4.1-anoncred-prove-17,17,measured,411018709,411.018709,3194,3296,True,True,False,True,559e0bb531b3e4330c532e624d546d616c7849eb,sha256:532a8ccbe2aa5cc8d5d789fd51537f7e03d80aa07758509b75d4e14f13d76079,c7374da4f402c9654c597717e4eba19011c245273f70ac212ebfdca4752d2a2b
SAIB-RETF/S4.1/anoncred-row/1,prove,s4.1-anoncred-prove-18,18,measured,420972401,420.972401,3194,3296,True,True,False,True,559e0bb531b3e4330c532e624d546d616c7849eb,sha256:532a8ccbe2aa5cc8d5d789fd51537f7e03d80aa07758509b75d4e14f13d76079,c7374da4f402c9654c597717e4eba19011c245273f70ac212ebfdca4752d2a2b
SAIB-RETF/S4.1/anoncred-row/1,prove,s4.1-anoncred-prove-19,19,measured,410389875,410.389875,3194,3296,True,True,False,True,559e0bb531b3e4330c532e624d546d616c7849eb,sha256:532a8ccbe2aa5cc8d5d789fd51537f7e03d80aa07758509b75d4e14f13d76079,c7374da4f402c9654c597717e4eba19011c245273f70ac212ebfdca4752d2a2b
SAIB-RETF/S4.1/anoncred-row/1,prove,s4.1-anoncred-prove-20,20,measured,429470167,429.470167,3194,3296,True,True,False,True,559e0bb531b3e4330c532e624d546d616c7849eb,sha256:532a8ccbe2aa5cc8d5d789fd51537f7e03d80aa07758509b75d4e14f13d76079,c7374da4f402c9654c597717e4eba19011c245273f70ac212ebfdca4752d2a2b
SAIB-RETF/S4.1/anoncred-row/1,prove,s4.1-anoncred-prove-21,21,measured,392492465,392.49246500000004,3194,3296,True,True,False,True,559e0bb531b3e4330c532e624d546d616c7849eb,sha256:532a8ccbe2aa5cc8d5d789fd51537f7e03d80aa07758509b75d4e14f13d76079,c7374da4f402c9654c597717e4eba19011c245273f70ac212ebfdca4752d2a2b
SAIB-RETF/S4.1/anoncred-row/1,prove,s4.1-anoncred-prove-22,22,measured,409270497,409.27049700000003,3194,3296,True,True,False,True,559e0bb531b3e4330c532e624d546d616c7849eb,sha256:532a8ccbe2aa5cc8d5d789fd51537f7e03d80aa07758509b75d4e14f13d76079,c7374da4f402c9654c597717e4eba19011c245273f70ac212ebfdca4752d2a2b
SAIB-RETF/S4.1/anoncred-row/1,prove,s4.1-anoncred-prove-23,23,measured,424002945,424.002945,3194,3296,True,True,False,True,559e0bb531b3e4330c532e624d546d616c7849eb,sha256:532a8ccbe2aa5cc8d5d789fd51537f7e03d80aa07758509b75d4e14f13d76079,c7374da4f402c9654c597717e4eba19011c245273f70ac212ebfdca4752d2a2b
SAIB-RETF/S4.1/anoncred-row/1,prove,s4.1-anoncred-prove-24,24,measured,400341142,400.341142,3194,3296,True,True,False,True,559e0bb531b3e4330c532e624d546d616c7849eb,sha256:532a8ccbe2aa5cc8d5d789fd51537f7e03d80aa07758509b75d4e14f13d76079,c7374da4f402c9654c597717e4eba19011c245273f70ac212ebfdca4752d2a2b
SAIB-RETF/S4.1/anoncred-row/1,prove,s4.1-anoncred-prove-25,25,measured,422034304,422.034304,3194,3296,True,True,False,True,559e0bb531b3e4330c532e624d546d616c7849eb,sha256:532a8ccbe2aa5cc8d5d789fd51537f7e03d80aa07758509b75d4e14f13d76079,c7374da4f402c9654c597717e4eba19011c245273f70ac212ebfdca4752d2a2b
SAIB-RETF/S4.1/anoncred-row/1,prove,s4.1-anoncred-prove-26,26,measured,423182719,423.18271899999996,3194,3296,True,True,False,True,559e0bb531b3e4330c532e624d546d616c7849eb,sha256:532a8ccbe2aa5cc8d5d789fd51537f7e03d80aa07758509b75d4e14f13d76079,c7374da4f402c9654c597717e4eba19011c245273f70ac212ebfdca4752d2a2b
SAIB-RETF/S4.1/anoncred-row/1,prove,s4.1-anoncred-prove-27,27,measured,429732873,429.73287300000004,3194,3296,True,True,False,True,559e0bb531b3e4330c532e624d546d616c7849eb,sha256:532a8ccbe2aa5cc8d5d789fd51537f7e03d80aa07758509b75d4e14f13d76079,c7374da4f402c9654c597717e4eba19011c245273f70ac212ebfdca4752d2a2b
SAIB-RETF/S4.1/anoncred-row/1,prove,s4.1-anoncred-prove-28,28,measured,458733774,458.733774,3194,3296,True,True,False,True,559e0bb531b3e4330c532e624d546d616c7849eb,sha256:532a8ccbe2aa5cc8d5d789fd51537f7e03d80aa07758509b75d4e14f13d76079,c7374da4f402c9654c597717e4eba19011c245273f70ac212ebfdca4752d2a2b
SAIB-RETF/S4.1/anoncred-row/1,prove,s4.1-anoncred-prove-29,29,measured,436058693,436.058693,3194,3296,True,True,False,True,559e0bb531b3e4330c532e624d546d616c7849eb,sha256:532a8ccbe2aa5cc8d5d789fd51537f7e03d80aa07758509b75d4e14f13d76079,c7374da4f402c9654c597717e4eba19011c245273f70ac212ebfdca4752d2a2b
SAIB-RETF/S4.1/anoncred-row/1,prove,s4.1-anoncred-prove-30,30,measured,419279940,419.27994,3194,3296,True,True,False,True,559e0bb531b3e4330c532e624d546d616c7849eb,sha256:532a8ccbe2aa5cc8d5d789fd51537f7e03d80aa07758509b75d4e14f13d76079,c7374da4f402c9654c597717e4eba19011c245273f70ac212ebfdca4752d2a2b
SAIB-RETF/S4.1/anoncred-row/1,prove,s4.1-anoncred-prove-31,31,measured,477583652,477.58365200000003,3194,3296,True,True,False,True,559e0bb531b3e4330c532e624d546d616c7849eb,sha256:532a8ccbe2aa5cc8d5d789fd51537f7e03d80aa07758509b75d4e14f13d76079,c7374da4f402c9654c597717e4eba19011c245273f70ac212ebfdca4752d2a2b
SAIB-RETF/S4.1/anoncred-row/1,prove,s4.1-anoncred-prove-32,32,measured,406490138,406.490138,3194,3296,True,True,False,True,559e0bb531b3e4330c532e624d546d616c7849eb,sha256:532a8ccbe2aa5cc8d5d789fd51537f7e03d80aa07758509b75d4e14f13d76079,c7374da4f402c9654c597717e4eba19011c245273f70ac212ebfdca4752d2a2b
SAIB-RETF/S4.1/anoncred-row/1,prove,s4.1-anoncred-prove-33,33,measured,405008825,405.008825,3194,3296,True,True,False,True,559e0bb531b3e4330c532e624d546d616c7849eb,sha256:532a8ccbe2aa5cc8d5d789fd51537f7e03d80aa07758509b75d4e14f13d76079,c7374da4f402c9654c597717e4eba19011c245273f70ac212ebfdca4752d2a2b
SAIB-RETF/S4.1/anoncred-row/1,prove,s4.1-anoncred-prove-34,34,measured,393723775,393.723775,3194,3296,True,True,False,True,559e0bb531b3e4330c532e624d546d616c7849eb,sha256:532a8ccbe2aa5cc8d5d789fd51537f7e03d80aa07758509b75d4e14f13d76079,c7374da4f402c9654c597717e4eba19011c245273f70ac212ebfdca4752d2a2b
SAIB-RETF/S4.1/anoncred-row/1,verify,s4.1-anoncred-verify-00,0,warmup,52896205,52.896205,3193,3296,True,True,False,True,559e0bb531b3e4330c532e624d546d616c7849eb,sha256:532a8ccbe2aa5cc8d5d789fd51537f7e03d80aa07758509b75d4e14f13d76079,c7374da4f402c9654c597717e4eba19011c245273f70ac212ebfdca4752d2a2b
SAIB-RETF/S4.1/anoncred-row/1,verify,s4.1-anoncred-verify-01,1,warmup,53448268,53.448268,3193,3296,True,True,False,True,559e0bb531b3e4330c532e624d546d616c7849eb,sha256:532a8ccbe2aa5cc8d5d789fd51537f7e03d80aa07758509b75d4e14f13d76079,c7374da4f402c9654c597717e4eba19011c245273f70ac212ebfdca4752d2a2b
SAIB-RETF/S4.1/anoncred-row/1,verify,s4.1-anoncred-verify-02,2,warmup,54421372,54.421372000000005,3193,3296,True,True,False,True,559e0bb531b3e4330c532e624d546d616c7849eb,sha256:532a8ccbe2aa5cc8d5d789fd51537f7e03d80aa07758509b75d4e14f13d76079,c7374da4f402c9654c597717e4eba19011c245273f70ac212ebfdca4752d2a2b
SAIB-RETF/S4.1/anoncred-row/1,verify,s4.1-anoncred-verify-03,3,warmup,51120976,51.120976,3193,3296,True,True,False,True,559e0bb531b3e4330c532e624d546d616c7849eb,sha256:532a8ccbe2aa5cc8d5d789fd51537f7e03d80aa07758509b75d4e14f13d76079,c7374da4f402c9654c597717e4eba19011c245273f70ac212ebfdca4752d2a2b
SAIB-RETF/S4.1/anoncred-row/1,verify,s4.1-anoncred-verify-04,4,warmup,52152050,52.152049999999996,3193,3296,True,True,False,True,559e0bb531b3e4330c532e624d546d616c7849eb,sha256:532a8ccbe2aa5cc8d5d789fd51537f7e03d80aa07758509b75d4e14f13d76079,c7374da4f402c9654c597717e4eba19011c245273f70ac212ebfdca4752d2a2b
SAIB-RETF/S4.1/anoncred-row/1,verify,s4.1-anoncred-verify-05,5,measured,51293004,51.293004,3193,3296,True,True,False,True,559e0bb531b3e4330c532e624d546d616c7849eb,sha256:532a8ccbe2aa5cc8d5d789fd51537f7e03d80aa07758509b75d4e14f13d76079,c7374da4f402c9654c597717e4eba19011c245273f70ac212ebfdca4752d2a2b
SAIB-RETF/S4.1/anoncred-row/1,verify,s4.1-anoncred-verify-06,6,measured,49950431,49.950431,3193,3296,True,True,False,True,559e0bb531b3e4330c532e624d546d616c7849eb,sha256:532a8ccbe2aa5cc8d5d789fd51537f7e03d80aa07758509b75d4e14f13d76079,c7374da4f402c9654c597717e4eba19011c245273f70ac212ebfdca4752d2a2b
SAIB-RETF/S4.1/anoncred-row/1,verify,s4.1-anoncred-verify-07,7,measured,53250490,53.25049,3193,3296,True,True,False,True,559e0bb531b3e4330c532e624d546d616c7849eb,sha256:532a8ccbe2aa5cc8d5d789fd51537f7e03d80aa07758509b75d4e14f13d76079,c7374da4f402c9654c597717e4eba19011c245273f70ac212ebfdca4752d2a2b
SAIB-RETF/S4.1/anoncred-row/1,verify,s4.1-anoncred-verify-08,8,measured,51159170,51.159169999999996,3193,3296,True,True,False,True,559e0bb531b3e4330c532e624d546d616c7849eb,sha256:532a8ccbe2aa5cc8d5d789fd51537f7e03d80aa07758509b75d4e14f13d76079,c7374da4f402c9654c597717e4eba19011c245273f70ac212ebfdca4752d2a2b
SAIB-RETF/S4.1/anoncred-row/1,verify,s4.1-anoncred-verify-09,9,measured,51230993,51.230993000000005,3193,3296,True,True,False,True,559e0bb531b3e4330c532e624d546d616c7849eb,sha256:532a8ccbe2aa5cc8d5d789fd51537f7e03d80aa07758509b75d4e14f13d76079,c7374da4f402c9654c597717e4eba19011c245273f70ac212ebfdca4752d2a2b
SAIB-RETF/S4.1/anoncred-row/1,verify,s4.1-anoncred-verify-10,10,measured,52181629,52.181629,3194,3296,True,True,False,True,559e0bb531b3e4330c532e624d546d616c7849eb,sha256:532a8ccbe2aa5cc8d5d789fd51537f7e03d80aa07758509b75d4e14f13d76079,c7374da4f402c9654c597717e4eba19011c245273f70ac212ebfdca4752d2a2b
SAIB-RETF/S4.1/anoncred-row/1,verify,s4.1-anoncred-verify-11,11,measured,53958096,53.958096,3194,3296,True,True,False,True,559e0bb531b3e4330c532e624d546d616c7849eb,sha256:532a8ccbe2aa5cc8d5d789fd51537f7e03d80aa07758509b75d4e14f13d76079,c7374da4f402c9654c597717e4eba19011c245273f70ac212ebfdca4752d2a2b
SAIB-RETF/S4.1/anoncred-row/1,verify,s4.1-anoncred-verify-12,12,measured,63007506,63.00750600000001,3194,3296,True,True,False,True,559e0bb531b3e4330c532e624d546d616c7849eb,sha256:532a8ccbe2aa5cc8d5d789fd51537f7e03d80aa07758509b75d4e14f13d76079,c7374da4f402c9654c597717e4eba19011c245273f70ac212ebfdca4752d2a2b
SAIB-RETF/S4.1/anoncred-row/1,verify,s4.1-anoncred-verify-13,13,measured,58114428,58.114428000000004,3194,3296,True,True,False,True,559e0bb531b3e4330c532e624d546d616c7849eb,sha256:532a8ccbe2aa5cc8d5d789fd51537f7e03d80aa07758509b75d4e14f13d76079,c7374da4f402c9654c597717e4eba19011c245273f70ac212ebfdca4752d2a2b
SAIB-RETF/S4.1/anoncred-row/1,verify,s4.1-anoncred-verify-14,14,measured,55487318,55.487318,3194,3296,True,True,False,True,559e0bb531b3e4330c532e624d546d616c7849eb,sha256:532a8ccbe2aa5cc8d5d789fd51537f7e03d80aa07758509b75d4e14f13d76079,c7374da4f402c9654c597717e4eba19011c245273f70ac212ebfdca4752d2a2b
SAIB-RETF/S4.1/anoncred-row/1,verify,s4.1-anoncred-verify-15,15,measured,51664479,51.664479,3194,3296,True,True,False,True,559e0bb531b3e4330c532e624d546d616c7849eb,sha256:532a8ccbe2aa5cc8d5d789fd51537f7e03d80aa07758509b75d4e14f13d76079,c7374da4f402c9654c597717e4eba19011c245273f70ac212ebfdca4752d2a2b
SAIB-RETF/S4.1/anoncred-row/1,verify,s4.1-anoncred-verify-16,16,measured,50999755,50.999755,3194,3296,True,True,False,True,559e0bb531b3e4330c532e624d546d616c7849eb,sha256:532a8ccbe2aa5cc8d5d789fd51537f7e03d80aa07758509b75d4e14f13d76079,c7374da4f402c9654c597717e4eba19011c245273f70ac212ebfdca4752d2a2b
SAIB-RETF/S4.1/anoncred-row/1,verify,s4.1-anoncred-verify-17,17,measured,53344538,53.344538,3194,3296,True,True,False,True,559e0bb531b3e4330c532e624d546d616c7849eb,sha256:532a8ccbe2aa5cc8d5d789fd51537f7e03d80aa07758509b75d4e14f13d76079,c7374da4f402c9654c597717e4eba19011c245273f70ac212ebfdca4752d2a2b
SAIB-RETF/S4.1/anoncred-row/1,verify,s4.1-anoncred-verify-18,18,measured,54283509,54.283509,3194,3296,True,True,False,True,559e0bb531b3e4330c532e624d546d616c7849eb,sha256:532a8ccbe2aa5cc8d5d789fd51537f7e03d80aa07758509b75d4e14f13d76079,c7374da4f402c9654c597717e4eba19011c245273f70ac212ebfdca4752d2a2b
SAIB-RETF/S4.1/anoncred-row/1,verify,s4.1-anoncred-verify-19,19,measured,55327198,55.327198,3194,3296,True,True,False,True,559e0bb531b3e4330c532e624d546d616c7849eb,sha256:532a8ccbe2aa5cc8d5d789fd51537f7e03d80aa07758509b75d4e14f13d76079,c7374da4f402c9654c597717e4eba19011c245273f70ac212ebfdca4752d2a2b
SAIB-RETF/S4.1/anoncred-row/1,verify,s4.1-anoncred-verify-20,20,measured,49888101,49.888101,3194,3296,True,True,False,True,559e0bb531b3e4330c532e624d546d616c7849eb,sha256:532a8ccbe2aa5cc8d5d789fd51537f7e03d80aa07758509b75d4e14f13d76079,c7374da4f402c9654c597717e4eba19011c245273f70ac212ebfdca4752d2a2b
SAIB-RETF/S4.1/anoncred-row/1,verify,s4.1-anoncred-verify-21,21,measured,50856369,50.856369,3194,3296,True,True,False,True,559e0bb531b3e4330c532e624d546d616c7849eb,sha256:532a8ccbe2aa5cc8d5d789fd51537f7e03d80aa07758509b75d4e14f13d76079,c7374da4f402c9654c597717e4eba19011c245273f70ac212ebfdca4752d2a2b
SAIB-RETF/S4.1/anoncred-row/1,verify,s4.1-anoncred-verify-22,22,measured,51609619,51.609619,3194,3296,True,True,False,True,559e0bb531b3e4330c532e624d546d616c7849eb,sha256:532a8ccbe2aa5cc8d5d789fd51537f7e03d80aa07758509b75d4e14f13d76079,c7374da4f402c9654c597717e4eba19011c245273f70ac212ebfdca4752d2a2b
SAIB-RETF/S4.1/anoncred-row/1,verify,s4.1-anoncred-verify-23,23,measured,53531822,53.531822,3194,3296,True,True,False,True,559e0bb531b3e4330c532e624d546d616c7849eb,sha256:532a8ccbe2aa5cc8d5d789fd51537f7e03d80aa07758509b75d4e14f13d76079,c7374da4f402c9654c597717e4eba19011c245273f70ac212ebfdca4752d2a2b
SAIB-RETF/S4.1/anoncred-row/1,verify,s4.1-anoncred-verify-24,24,measured,49956919,49.956919,3194,3296,True,True,False,True,559e0bb531b3e4330c532e624d546d616c7849eb,sha256:532a8ccbe2aa5cc8d5d789fd51537f7e03d80aa07758509b75d4e14f13d76079,c7374da4f402c9654c597717e4eba19011c245273f70ac212ebfdca4752d2a2b
SAIB-RETF/S4.1/anoncred-row/1,verify,s4.1-anoncred-verify-25,25,measured,50120836,50.120836000000004,3194,3296,True,True,False,True,559e0bb531b3e4330c532e624d546d616c7849eb,sha256:532a8ccbe2aa5cc8d5d789fd51537f7e03d80aa07758509b75d4e14f13d76079,c7374da4f402c9654c597717e4eba19011c245273f70ac212ebfdca4752d2a2b
SAIB-RETF/S4.1/anoncred-row/1,verify,s4.1-anoncred-verify-26,26,measured,51551389,51.551389,3194,3296,True,True,False,True,559e0bb531b3e4330c532e624d546d616c7849eb,sha256:532a8ccbe2aa5cc8d5d789fd51537f7e03d80aa07758509b75d4e14f13d76079,c7374da4f402c9654c597717e4eba19011c245273f70ac212ebfdca4752d2a2b
SAIB-RETF/S4.1/anoncred-row/1,verify,s4.1-anoncred-verify-27,27,measured,51819541,51.819540999999994,3194,3296,True,True,False,True,559e0bb531b3e4330c532e624d546d616c7849eb,sha256:532a8ccbe2aa5cc8d5d789fd51537f7e03d80aa07758509b75d4e14f13d76079,c7374da4f402c9654c597717e4eba19011c245273f70ac212ebfdca4752d2a2b
SAIB-RETF/S4.1/anoncred-row/1,verify,s4.1-anoncred-verify-28,28,measured,52484201,52.484201,3194,3296,True,True,False,True,559e0bb531b3e4330c532e624d546d616c7849eb,sha256:532a8ccbe2aa5cc8d5d789fd51537f7e03d80aa07758509b75d4e14f13d76079,c7374da4f402c9654c597717e4eba19011c245273f70ac212ebfdca4752d2a2b
SAIB-RETF/S4.1/anoncred-row/1,verify,s4.1-anoncred-verify-29,29,measured,54318479,54.318479,3194,3296,True,True,False,True,559e0bb531b3e4330c532e624d546d616c7849eb,sha256:532a8ccbe2aa5cc8d5d789fd51537f7e03d80aa07758509b75d4e14f13d76079,c7374da4f402c9654c597717e4eba19011c245273f70ac212ebfdca4752d2a2b
SAIB-RETF/S4.1/anoncred-row/1,verify,s4.1-anoncred-verify-30,30,measured,52833476,52.833476,3194,3296,True,True,False,True,559e0bb531b3e4330c532e624d546d616c7849eb,sha256:532a8ccbe2aa5cc8d5d789fd51537f7e03d80aa07758509b75d4e14f13d76079,c7374da4f402c9654c597717e4eba19011c245273f70ac212ebfdca4752d2a2b
SAIB-RETF/S4.1/anoncred-row/1,verify,s4.1-anoncred-verify-31,31,measured,58358556,58.358556,3194,3296,True,True,False,True,559e0bb531b3e4330c532e624d546d616c7849eb,sha256:532a8ccbe2aa5cc8d5d789fd51537f7e03d80aa07758509b75d4e14f13d76079,c7374da4f402c9654c597717e4eba19011c245273f70ac212ebfdca4752d2a2b
SAIB-RETF/S4.1/anoncred-row/1,verify,s4.1-anoncred-verify-32,32,measured,50940004,50.940003999999995,3194,3296,True,True,False,True,559e0bb531b3e4330c532e624d546d616c7849eb,sha256:532a8ccbe2aa5cc8d5d789fd51537f7e03d80aa07758509b75d4e14f13d76079,c7374da4f402c9654c597717e4eba19011c245273f70ac212ebfdca4752d2a2b
SAIB-RETF/S4.1/anoncred-row/1,verify,s4.1-anoncred-verify-33,33,measured,50967582,50.967582,3194,3296,True,True,False,True,559e0bb531b3e4330c532e624d546d616c7849eb,sha256:532a8ccbe2aa5cc8d5d789fd51537f7e03d80aa07758509b75d4e14f13d76079,c7374da4f402c9654c597717e4eba19011c245273f70ac212ebfdca4752d2a2b
SAIB-RETF/S4.1/anoncred-row/1,verify,s4.1-anoncred-verify-34,34,measured,50949567,50.949567,3194,3296,True,True,False,True,559e0bb531b3e4330c532e624d546d616c7849eb,sha256:532a8ccbe2aa5cc8d5d789fd51537f7e03d80aa07758509b75d4e14f13d76079,c7374da4f402c9654c597717e4eba19011c245273f70ac212ebfdca4752d2a2b
SAIB-RETF/S4.1/anoncred-row/1,revoke,s4.1-anoncred-revoke-00,0,warmup,1430957,1.430957,0,1805,True,True,False,True,559e0bb531b3e4330c532e624d546d616c7849eb,sha256:532a8ccbe2aa5cc8d5d789fd51537f7e03d80aa07758509b75d4e14f13d76079,c7374da4f402c9654c597717e4eba19011c245273f70ac212ebfdca4752d2a2b
SAIB-RETF/S4.1/anoncred-row/1,revoke,s4.1-anoncred-revoke-01,1,warmup,1518537,1.518537,0,1805,True,True,False,True,559e0bb531b3e4330c532e624d546d616c7849eb,sha256:532a8ccbe2aa5cc8d5d789fd51537f7e03d80aa07758509b75d4e14f13d76079,c7374da4f402c9654c597717e4eba19011c245273f70ac212ebfdca4752d2a2b
SAIB-RETF/S4.1/anoncred-row/1,revoke,s4.1-anoncred-revoke-02,2,warmup,1404465,1.4044649999999999,0,1805,True,True,False,True,559e0bb531b3e4330c532e624d546d616c7849eb,sha256:532a8ccbe2aa5cc8d5d789fd51537f7e03d80aa07758509b75d4e14f13d76079,c7374da4f402c9654c597717e4eba19011c245273f70ac212ebfdca4752d2a2b
SAIB-RETF/S4.1/anoncred-row/1,revoke,s4.1-anoncred-revoke-03,3,warmup,1645986,1.6459860000000002,0,1805,True,True,False,True,559e0bb531b3e4330c532e624d546d616c7849eb,sha256:532a8ccbe2aa5cc8d5d789fd51537f7e03d80aa07758509b75d4e14f13d76079,c7374da4f402c9654c597717e4eba19011c245273f70ac212ebfdca4752d2a2b
SAIB-RETF/S4.1/anoncred-row/1,revoke,s4.1-anoncred-revoke-04,4,warmup,1388624,1.388624,0,1805,True,True,False,True,559e0bb531b3e4330c532e624d546d616c7849eb,sha256:532a8ccbe2aa5cc8d5d789fd51537f7e03d80aa07758509b75d4e14f13d76079,c7374da4f402c9654c597717e4eba19011c245273f70ac212ebfdca4752d2a2b
SAIB-RETF/S4.1/anoncred-row/1,revoke,s4.1-anoncred-revoke-05,5,measured,1440135,1.440135,0,1805,True,True,False,True,559e0bb531b3e4330c532e624d546d616c7849eb,sha256:532a8ccbe2aa5cc8d5d789fd51537f7e03d80aa07758509b75d4e14f13d76079,c7374da4f402c9654c597717e4eba19011c245273f70ac212ebfdca4752d2a2b
SAIB-RETF/S4.1/anoncred-row/1,revoke,s4.1-anoncred-revoke-06,6,measured,1382222,1.382222,0,1805,True,True,False,True,559e0bb531b3e4330c532e624d546d616c7849eb,sha256:532a8ccbe2aa5cc8d5d789fd51537f7e03d80aa07758509b75d4e14f13d76079,c7374da4f402c9654c597717e4eba19011c245273f70ac212ebfdca4752d2a2b
SAIB-RETF/S4.1/anoncred-row/1,revoke,s4.1-anoncred-revoke-07,7,measured,1377372,1.377372,0,1805,True,True,False,True,559e0bb531b3e4330c532e624d546d616c7849eb,sha256:532a8ccbe2aa5cc8d5d789fd51537f7e03d80aa07758509b75d4e14f13d76079,c7374da4f402c9654c597717e4eba19011c245273f70ac212ebfdca4752d2a2b
SAIB-RETF/S4.1/anoncred-row/1,revoke,s4.1-anoncred-revoke-08,8,measured,1403764,1.403764,0,1805,True,True,False,True,559e0bb531b3e4330c532e624d546d616c7849eb,sha256:532a8ccbe2aa5cc8d5d789fd51537f7e03d80aa07758509b75d4e14f13d76079,c7374da4f402c9654c597717e4eba19011c245273f70ac212ebfdca4752d2a2b
SAIB-RETF/S4.1/anoncred-row/1,revoke,s4.1-anoncred-revoke-09,9,measured,1381000,1.381,0,1805,True,True,False,True,559e0bb531b3e4330c532e624d546d616c7849eb,sha256:532a8ccbe2aa5cc8d5d789fd51537f7e03d80aa07758509b75d4e14f13d76079,c7374da4f402c9654c597717e4eba19011c245273f70ac212ebfdca4752d2a2b
SAIB-RETF/S4.1/anoncred-row/1,revoke,s4.1-anoncred-revoke-10,10,measured,1369176,1.369176,0,1805,True,True,False,True,559e0bb531b3e4330c532e624d546d616c7849eb,sha256:532a8ccbe2aa5cc8d5d789fd51537f7e03d80aa07758509b75d4e14f13d76079,c7374da4f402c9654c597717e4eba19011c245273f70ac212ebfdca4752d2a2b
SAIB-RETF/S4.1/anoncred-row/1,revoke,s4.1-anoncred-revoke-11,11,measured,1435045,1.4350450000000001,0,1805,True,True,False,True,559e0bb531b3e4330c532e624d546d616c7849eb,sha256:532a8ccbe2aa5cc8d5d789fd51537f7e03d80aa07758509b75d4e14f13d76079,c7374da4f402c9654c597717e4eba19011c245273f70ac212ebfdca4752d2a2b
SAIB-RETF/S4.1/anoncred-row/1,revoke,s4.1-anoncred-revoke-12,12,measured,1395157,1.395157,0,1805,True,True,False,True,559e0bb531b3e4330c532e624d546d616c7849eb,sha256:532a8ccbe2aa5cc8d5d789fd51537f7e03d80aa07758509b75d4e14f13d76079,c7374da4f402c9654c597717e4eba19011c245273f70ac212ebfdca4752d2a2b
SAIB-RETF/S4.1/anoncred-row/1,revoke,s4.1-anoncred-revoke-13,13,measured,1367143,1.367143,0,1805,True,True,False,True,559e0bb531b3e4330c532e624d546d616c7849eb,sha256:532a8ccbe2aa5cc8d5d789fd51537f7e03d80aa07758509b75d4e14f13d76079,c7374da4f402c9654c597717e4eba19011c245273f70ac212ebfdca4752d2a2b
SAIB-RETF/S4.1/anoncred-row/1,revoke,s4.1-anoncred-revoke-14,14,measured,1424224,1.424224,0,1805,True,True,False,True,559e0bb531b3e4330c532e624d546d616c7849eb,sha256:532a8ccbe2aa5cc8d5d789fd51537f7e03d80aa07758509b75d4e14f13d76079,c7374da4f402c9654c597717e4eba19011c245273f70ac212ebfdca4752d2a2b
SAIB-RETF/S4.1/anoncred-row/1,revoke,s4.1-anoncred-revoke-15,15,measured,1406930,1.40693,0,1805,True,True,False,True,559e0bb531b3e4330c532e624d546d616c7849eb,sha256:532a8ccbe2aa5cc8d5d789fd51537f7e03d80aa07758509b75d4e14f13d76079,c7374da4f402c9654c597717e4eba19011c245273f70ac212ebfdca4752d2a2b
SAIB-RETF/S4.1/anoncred-row/1,revoke,s4.1-anoncred-revoke-16,16,measured,1506755,1.506755,0,1805,True,True,False,True,559e0bb531b3e4330c532e624d546d616c7849eb,sha256:532a8ccbe2aa5cc8d5d789fd51537f7e03d80aa07758509b75d4e14f13d76079,c7374da4f402c9654c597717e4eba19011c245273f70ac212ebfdca4752d2a2b
SAIB-RETF/S4.1/anoncred-row/1,revoke,s4.1-anoncred-revoke-17,17,measured,1427771,1.427771,0,1805,True,True,False,True,559e0bb531b3e4330c532e624d546d616c7849eb,sha256:532a8ccbe2aa5cc8d5d789fd51537f7e03d80aa07758509b75d4e14f13d76079,c7374da4f402c9654c597717e4eba19011c245273f70ac212ebfdca4752d2a2b
SAIB-RETF/S4.1/anoncred-row/1,revoke,s4.1-anoncred-revoke-18,18,measured,1439254,1.439254,0,1805,True,True,False,True,559e0bb531b3e4330c532e624d546d616c7849eb,sha256:532a8ccbe2aa5cc8d5d789fd51537f7e03d80aa07758509b75d4e14f13d76079,c7374da4f402c9654c597717e4eba19011c245273f70ac212ebfdca4752d2a2b
SAIB-RETF/S4.1/anoncred-row/1,revoke,s4.1-anoncred-revoke-19,19,measured,1475433,1.475433,0,1805,True,True,False,True,559e0bb531b3e4330c532e624d546d616c7849eb,sha256:532a8ccbe2aa5cc8d5d789fd51537f7e03d80aa07758509b75d4e14f13d76079,c7374da4f402c9654c597717e4eba19011c245273f70ac212ebfdca4752d2a2b
SAIB-RETF/S4.1/anoncred-row/1,revoke,s4.1-anoncred-revoke-20,20,measured,1484872,1.484872,0,1805,True,True,False,True,559e0bb531b3e4330c532e624d546d616c7849eb,sha256:532a8ccbe2aa5cc8d5d789fd51537f7e03d80aa07758509b75d4e14f13d76079,c7374da4f402c9654c597717e4eba19011c245273f70ac212ebfdca4752d2a2b
SAIB-RETF/S4.1/anoncred-row/1,revoke,s4.1-anoncred-revoke-21,21,measured,1494520,1.49452,0,1805,True,True,False,True,559e0bb531b3e4330c532e624d546d616c7849eb,sha256:532a8ccbe2aa5cc8d5d789fd51537f7e03d80aa07758509b75d4e14f13d76079,c7374da4f402c9654c597717e4eba19011c245273f70ac212ebfdca4752d2a2b
SAIB-RETF/S4.1/anoncred-row/1,revoke,s4.1-anoncred-revoke-22,22,measured,1570349,1.570349,0,1805,True,True,False,True,559e0bb531b3e4330c532e624d546d616c7849eb,sha256:532a8ccbe2aa5cc8d5d789fd51537f7e03d80aa07758509b75d4e14f13d76079,c7374da4f402c9654c597717e4eba19011c245273f70ac212ebfdca4752d2a2b
SAIB-RETF/S4.1/anoncred-row/1,revoke,s4.1-anoncred-revoke-23,23,measured,1522355,1.522355,0,1805,True,True,False,True,559e0bb531b3e4330c532e624d546d616c7849eb,sha256:532a8ccbe2aa5cc8d5d789fd51537f7e03d80aa07758509b75d4e14f13d76079,c7374da4f402c9654c597717e4eba19011c245273f70ac212ebfdca4752d2a2b
SAIB-RETF/S4.1/anoncred-row/1,revoke,s4.1-anoncred-revoke-24,24,measured,1544969,1.544969,0,1805,True,True,False,True,559e0bb531b3e4330c532e624d546d616c7849eb,sha256:532a8ccbe2aa5cc8d5d789fd51537f7e03d80aa07758509b75d4e14f13d76079,c7374da4f402c9654c597717e4eba19011c245273f70ac212ebfdca4752d2a2b
SAIB-RETF/S4.1/anoncred-row/1,revoke,s4.1-anoncred-revoke-25,25,measured,1561381,1.561381,0,1805,True,True,False,True,559e0bb531b3e4330c532e624d546d616c7849eb,sha256:532a8ccbe2aa5cc8d5d789fd51537f7e03d80aa07758509b75d4e14f13d76079,c7374da4f402c9654c597717e4eba19011c245273f70ac212ebfdca4752d2a2b
SAIB-RETF/S4.1/anoncred-row/1,revoke,s4.1-anoncred-revoke-26,26,measured,1542454,1.542454,0,1805,True,True,False,True,559e0bb531b3e4330c532e624d546d616c7849eb,sha256:532a8ccbe2aa5cc8d5d789fd51537f7e03d80aa07758509b75d4e14f13d76079,c7374da4f402c9654c597717e4eba19011c245273f70ac212ebfdca4752d2a2b
SAIB-RETF/S4.1/anoncred-row/1,revoke,s4.1-anoncred-revoke-27,27,measured,1688639,1.688639,0,1805,True,True,False,True,559e0bb531b3e4330c532e624d546d616c7849eb,sha256:532a8ccbe2aa5cc8d5d789fd51537f7e03d80aa07758509b75d4e14f13d76079,c7374da4f402c9654c597717e4eba19011c245273f70ac212ebfdca4752d2a2b
SAIB-RETF/S4.1/anoncred-row/1,revoke,s4.1-anoncred-revoke-28,28,measured,1571029,1.571029,0,1805,True,True,False,True,559e0bb531b3e4330c532e624d546d616c7849eb,sha256:532a8ccbe2aa5cc8d5d789fd51537f7e03d80aa07758509b75d4e14f13d76079,c7374da4f402c9654c597717e4eba19011c245273f70ac212ebfdca4752d2a2b
SAIB-RETF/S4.1/anoncred-row/1,revoke,s4.1-anoncred-revoke-29,29,measured,1564617,1.564617,0,1805,True,True,False,True,559e0bb531b3e4330c532e624d546d616c7849eb,sha256:532a8ccbe2aa5cc8d5d789fd51537f7e03d80aa07758509b75d4e14f13d76079,c7374da4f402c9654c597717e4eba19011c245273f70ac212ebfdca4752d2a2b
SAIB-RETF/S4.1/anoncred-row/1,revoke,s4.1-anoncred-revoke-30,30,measured,1672337,1.6723370000000002,0,1805,True,True,False,True,559e0bb531b3e4330c532e624d546d616c7849eb,sha256:532a8ccbe2aa5cc8d5d789fd51537f7e03d80aa07758509b75d4e14f13d76079,c7374da4f402c9654c597717e4eba19011c245273f70ac212ebfdca4752d2a2b
SAIB-RETF/S4.1/anoncred-row/1,revoke,s4.1-anoncred-revoke-31,31,measured,1695607,1.695607,0,1805,True,True,False,True,559e0bb531b3e4330c532e624d546d616c7849eb,sha256:532a8ccbe2aa5cc8d5d789fd51537f7e03d80aa07758509b75d4e14f13d76079,c7374da4f402c9654c597717e4eba19011c245273f70ac212ebfdca4752d2a2b
SAIB-RETF/S4.1/anoncred-row/1,revoke,s4.1-anoncred-revoke-32,32,measured,1598644,1.598644,0,1805,True,True,False,True,559e0bb531b3e4330c532e624d546d616c7849eb,sha256:532a8ccbe2aa5cc8d5d789fd51537f7e03d80aa07758509b75d4e14f13d76079,c7374da4f402c9654c597717e4eba19011c245273f70ac212ebfdca4752d2a2b
SAIB-RETF/S4.1/anoncred-row/1,revoke,s4.1-anoncred-revoke-33,33,measured,1487818,1.4878179999999999,0,1805,True,True,False,True,559e0bb531b3e4330c532e624d546d616c7849eb,sha256:532a8ccbe2aa5cc8d5d789fd51537f7e03d80aa07758509b75d4e14f13d76079,c7374da4f402c9654c597717e4eba19011c245273f70ac212ebfdca4752d2a2b
SAIB-RETF/S4.1/anoncred-row/1,revoke,s4.1-anoncred-revoke-34,34,measured,1514820,1.51482,0,1805,True,True,False,True,559e0bb531b3e4330c532e624d546d616c7849eb,sha256:532a8ccbe2aa5cc8d5d789fd51537f7e03d80aa07758509b75d4e14f13d76079,c7374da4f402c9654c597717e4eba19011c245273f70ac212ebfdca4752d2a2b
SAIB-RETF/S4.1/anoncred-row/1,witness_update,s4.1-anoncred-witness_update-00,0,warmup,1182633,1.182633,0,1805,True,True,False,True,559e0bb531b3e4330c532e624d546d616c7849eb,sha256:532a8ccbe2aa5cc8d5d789fd51537f7e03d80aa07758509b75d4e14f13d76079,c7374da4f402c9654c597717e4eba19011c245273f70ac212ebfdca4752d2a2b
SAIB-RETF/S4.1/anoncred-row/1,witness_update,s4.1-anoncred-witness_update-01,1,warmup,1204055,1.204055,0,1805,True,True,False,True,559e0bb531b3e4330c532e624d546d616c7849eb,sha256:532a8ccbe2aa5cc8d5d789fd51537f7e03d80aa07758509b75d4e14f13d76079,c7374da4f402c9654c597717e4eba19011c245273f70ac212ebfdca4752d2a2b
SAIB-RETF/S4.1/anoncred-row/1,witness_update,s4.1-anoncred-witness_update-02,2,warmup,1219575,1.219575,0,1805,True,True,False,True,559e0bb531b3e4330c532e624d546d616c7849eb,sha256:532a8ccbe2aa5cc8d5d789fd51537f7e03d80aa07758509b75d4e14f13d76079,c7374da4f402c9654c597717e4eba19011c245273f70ac212ebfdca4752d2a2b
SAIB-RETF/S4.1/anoncred-row/1,witness_update,s4.1-anoncred-witness_update-03,3,warmup,1289914,1.289914,0,1805,True,True,False,True,559e0bb531b3e4330c532e624d546d616c7849eb,sha256:532a8ccbe2aa5cc8d5d789fd51537f7e03d80aa07758509b75d4e14f13d76079,c7374da4f402c9654c597717e4eba19011c245273f70ac212ebfdca4752d2a2b
SAIB-RETF/S4.1/anoncred-row/1,witness_update,s4.1-anoncred-witness_update-04,4,warmup,1237000,1.237,0,1805,True,True,False,True,559e0bb531b3e4330c532e624d546d616c7849eb,sha256:532a8ccbe2aa5cc8d5d789fd51537f7e03d80aa07758509b75d4e14f13d76079,c7374da4f402c9654c597717e4eba19011c245273f70ac212ebfdca4752d2a2b
SAIB-RETF/S4.1/anoncred-row/1,witness_update,s4.1-anoncred-witness_update-05,5,measured,1189837,1.189837,0,1805,True,True,False,True,559e0bb531b3e4330c532e624d546d616c7849eb,sha256:532a8ccbe2aa5cc8d5d789fd51537f7e03d80aa07758509b75d4e14f13d76079,c7374da4f402c9654c597717e4eba19011c245273f70ac212ebfdca4752d2a2b
SAIB-RETF/S4.1/anoncred-row/1,witness_update,s4.1-anoncred-witness_update-06,6,measured,1142805,1.142805,0,1805,True,True,False,True,559e0bb531b3e4330c532e624d546d616c7849eb,sha256:532a8ccbe2aa5cc8d5d789fd51537f7e03d80aa07758509b75d4e14f13d76079,c7374da4f402c9654c597717e4eba19011c245273f70ac212ebfdca4752d2a2b
SAIB-RETF/S4.1/anoncred-row/1,witness_update,s4.1-anoncred-witness_update-07,7,measured,1104671,1.104671,0,1805,True,True,False,True,559e0bb531b3e4330c532e624d546d616c7849eb,sha256:532a8ccbe2aa5cc8d5d789fd51537f7e03d80aa07758509b75d4e14f13d76079,c7374da4f402c9654c597717e4eba19011c245273f70ac212ebfdca4752d2a2b
SAIB-RETF/S4.1/anoncred-row/1,witness_update,s4.1-anoncred-witness_update-08,8,measured,1084222,1.084222,0,1805,True,True,False,True,559e0bb531b3e4330c532e624d546d616c7849eb,sha256:532a8ccbe2aa5cc8d5d789fd51537f7e03d80aa07758509b75d4e14f13d76079,c7374da4f402c9654c597717e4eba19011c245273f70ac212ebfdca4752d2a2b
SAIB-RETF/S4.1/anoncred-row/1,witness_update,s4.1-anoncred-witness_update-09,9,measured,1085624,1.0856240000000001,0,1805,True,True,False,True,559e0bb531b3e4330c532e624d546d616c7849eb,sha256:532a8ccbe2aa5cc8d5d789fd51537f7e03d80aa07758509b75d4e14f13d76079,c7374da4f402c9654c597717e4eba19011c245273f70ac212ebfdca4752d2a2b
SAIB-RETF/S4.1/anoncred-row/1,witness_update,s4.1-anoncred-witness_update-10,10,measured,1130872,1.130872,0,1805,True,True,False,True,559e0bb531b3e4330c532e624d546d616c7849eb,sha256:532a8ccbe2aa5cc8d5d789fd51537f7e03d80aa07758509b75d4e14f13d76079,c7374da4f402c9654c597717e4eba19011c245273f70ac212ebfdca4752d2a2b
SAIB-RETF/S4.1/anoncred-row/1,witness_update,s4.1-anoncred-witness_update-11,11,measured,1115042,1.1150419999999999,0,1805,True,True,False,True,559e0bb531b3e4330c532e624d546d616c7849eb,sha256:532a8ccbe2aa5cc8d5d789fd51537f7e03d80aa07758509b75d4e14f13d76079,c7374da4f402c9654c597717e4eba19011c245273f70ac212ebfdca4752d2a2b
SAIB-RETF/S4.1/anoncred-row/1,witness_update,s4.1-anoncred-witness_update-12,12,measured,1087167,1.087167,0,1805,True,True,False,True,559e0bb531b3e4330c532e624d546d616c7849eb,sha256:532a8ccbe2aa5cc8d5d789fd51537f7e03d80aa07758509b75d4e14f13d76079,c7374da4f402c9654c597717e4eba19011c245273f70ac212ebfdca4752d2a2b
SAIB-RETF/S4.1/anoncred-row/1,witness_update,s4.1-anoncred-witness_update-13,13,measured,1089482,1.0894819999999998,0,1805,True,True,False,True,559e0bb531b3e4330c532e624d546d616c7849eb,sha256:532a8ccbe2aa5cc8d5d789fd51537f7e03d80aa07758509b75d4e14f13d76079,c7374da4f402c9654c597717e4eba19011c245273f70ac212ebfdca4752d2a2b
SAIB-RETF/S4.1/anoncred-row/1,witness_update,s4.1-anoncred-witness_update-14,14,measured,1119089,1.119089,0,1805,True,True,False,True,559e0bb531b3e4330c532e624d546d616c7849eb,sha256:532a8ccbe2aa5cc8d5d789fd51537f7e03d80aa07758509b75d4e14f13d76079,c7374da4f402c9654c597717e4eba19011c245273f70ac212ebfdca4752d2a2b
SAIB-RETF/S4.1/anoncred-row/1,witness_update,s4.1-anoncred-witness_update-15,15,measured,1069754,1.069754,0,1805,True,True,False,True,559e0bb531b3e4330c532e624d546d616c7849eb,sha256:532a8ccbe2aa5cc8d5d789fd51537f7e03d80aa07758509b75d4e14f13d76079,c7374da4f402c9654c597717e4eba19011c245273f70ac212ebfdca4752d2a2b
SAIB-RETF/S4.1/anoncred-row/1,witness_update,s4.1-anoncred-witness_update-16,16,measured,1102778,1.102778,0,1805,True,True,False,True,559e0bb531b3e4330c532e624d546d616c7849eb,sha256:532a8ccbe2aa5cc8d5d789fd51537f7e03d80aa07758509b75d4e14f13d76079,c7374da4f402c9654c597717e4eba19011c245273f70ac212ebfdca4752d2a2b
SAIB-RETF/S4.1/anoncred-row/1,witness_update,s4.1-anoncred-witness_update-17,17,measured,1123217,1.123217,0,1805,True,True,False,True,559e0bb531b3e4330c532e624d546d616c7849eb,sha256:532a8ccbe2aa5cc8d5d789fd51537f7e03d80aa07758509b75d4e14f13d76079,c7374da4f402c9654c597717e4eba19011c245273f70ac212ebfdca4752d2a2b
SAIB-RETF/S4.1/anoncred-row/1,witness_update,s4.1-anoncred-witness_update-18,18,measured,1105864,1.105864,0,1805,True,True,False,True,559e0bb531b3e4330c532e624d546d616c7849eb,sha256:532a8ccbe2aa5cc8d5d789fd51537f7e03d80aa07758509b75d4e14f13d76079,c7374da4f402c9654c597717e4eba19011c245273f70ac212ebfdca4752d2a2b
SAIB-RETF/S4.1/anoncred-row/1,witness_update,s4.1-anoncred-witness_update-19,19,measured,1126394,1.126394,0,1805,True,True,False,True,559e0bb531b3e4330c532e624d546d616c7849eb,sha256:532a8ccbe2aa5cc8d5d789fd51537f7e03d80aa07758509b75d4e14f13d76079,c7374da4f402c9654c597717e4eba19011c245273f70ac212ebfdca4752d2a2b
SAIB-RETF/S4.1/anoncred-row/1,witness_update,s4.1-anoncred-witness_update-20,20,measured,1189807,1.189807,0,1805,True,True,False,True,559e0bb531b3e4330c532e624d546d616c7849eb,sha256:532a8ccbe2aa5cc8d5d789fd51537f7e03d80aa07758509b75d4e14f13d76079,c7374da4f402c9654c597717e4eba19011c245273f70ac212ebfdca4752d2a2b
SAIB-RETF/S4.1/anoncred-row/1,witness_update,s4.1-anoncred-witness_update-21,21,measured,1153216,1.153216,0,1805,True,True,False,True,559e0bb531b3e4330c532e624d546d616c7849eb,sha256:532a8ccbe2aa5cc8d5d789fd51537f7e03d80aa07758509b75d4e14f13d76079,c7374da4f402c9654c597717e4eba19011c245273f70ac212ebfdca4752d2a2b
SAIB-RETF/S4.1/anoncred-row/1,witness_update,s4.1-anoncred-witness_update-22,22,measured,1334569,1.3345690000000001,0,1805,True,True,False,True,559e0bb531b3e4330c532e624d546d616c7849eb,sha256:532a8ccbe2aa5cc8d5d789fd51537f7e03d80aa07758509b75d4e14f13d76079,c7374da4f402c9654c597717e4eba19011c245273f70ac212ebfdca4752d2a2b
SAIB-RETF/S4.1/anoncred-row/1,witness_update,s4.1-anoncred-witness_update-23,23,measured,1194657,1.194657,0,1805,True,True,False,True,559e0bb531b3e4330c532e624d546d616c7849eb,sha256:532a8ccbe2aa5cc8d5d789fd51537f7e03d80aa07758509b75d4e14f13d76079,c7374da4f402c9654c597717e4eba19011c245273f70ac212ebfdca4752d2a2b
SAIB-RETF/S4.1/anoncred-row/1,witness_update,s4.1-anoncred-witness_update-24,24,measured,1065275,1.065275,0,1805,True,True,False,True,559e0bb531b3e4330c532e624d546d616c7849eb,sha256:532a8ccbe2aa5cc8d5d789fd51537f7e03d80aa07758509b75d4e14f13d76079,c7374da4f402c9654c597717e4eba19011c245273f70ac212ebfdca4752d2a2b
SAIB-RETF/S4.1/anoncred-row/1,witness_update,s4.1-anoncred-witness_update-25,25,measured,1111955,1.111955,0,1805,True,True,False,True,559e0bb531b3e4330c532e624d546d616c7849eb,sha256:532a8ccbe2aa5cc8d5d789fd51537f7e03d80aa07758509b75d4e14f13d76079,c7374da4f402c9654c597717e4eba19011c245273f70ac212ebfdca4752d2a2b
SAIB-RETF/S4.1/anoncred-row/1,witness_update,s4.1-anoncred-witness_update-26,26,measured,1162734,1.162734,0,1805,True,True,False,True,559e0bb531b3e4330c532e624d546d616c7849eb,sha256:532a8ccbe2aa5cc8d5d789fd51537f7e03d80aa07758509b75d4e14f13d76079,c7374da4f402c9654c597717e4eba19011c245273f70ac212ebfdca4752d2a2b
SAIB-RETF/S4.1/anoncred-row/1,witness_update,s4.1-anoncred-witness_update-27,27,measured,1105272,1.105272,0,1805,True,True,False,True,559e0bb531b3e4330c532e624d546d616c7849eb,sha256:532a8ccbe2aa5cc8d5d789fd51537f7e03d80aa07758509b75d4e14f13d76079,c7374da4f402c9654c597717e4eba19011c245273f70ac212ebfdca4752d2a2b
SAIB-RETF/S4.1/anoncred-row/1,witness_update,s4.1-anoncred-witness_update-28,28,measured,1153527,1.153527,0,1805,True,True,False,True,559e0bb531b3e4330c532e624d546d616c7849eb,sha256:532a8ccbe2aa5cc8d5d789fd51537f7e03d80aa07758509b75d4e14f13d76079,c7374da4f402c9654c597717e4eba19011c245273f70ac212ebfdca4752d2a2b
SAIB-RETF/S4.1/anoncred-row/1,witness_update,s4.1-anoncred-witness_update-29,29,measured,1087087,1.0870870000000001,0,1805,True,True,False,True,559e0bb531b3e4330c532e624d546d616c7849eb,sha256:532a8ccbe2aa5cc8d5d789fd51537f7e03d80aa07758509b75d4e14f13d76079,c7374da4f402c9654c597717e4eba19011c245273f70ac212ebfdca4752d2a2b
SAIB-RETF/S4.1/anoncred-row/1,witness_update,s4.1-anoncred-witness_update-30,30,measured,1103639,1.103639,0,1805,True,True,False,True,559e0bb531b3e4330c532e624d546d616c7849eb,sha256:532a8ccbe2aa5cc8d5d789fd51537f7e03d80aa07758509b75d4e14f13d76079,c7374da4f402c9654c597717e4eba19011c245273f70ac212ebfdca4752d2a2b
SAIB-RETF/S4.1/anoncred-row/1,witness_update,s4.1-anoncred-witness_update-31,31,measured,1082498,1.0824980000000002,0,1805,True,True,False,True,559e0bb531b3e4330c532e624d546d616c7849eb,sha256:532a8ccbe2aa5cc8d5d789fd51537f7e03d80aa07758509b75d4e14f13d76079,c7374da4f402c9654c597717e4eba19011c245273f70ac212ebfdca4752d2a2b
SAIB-RETF/S4.1/anoncred-row/1,witness_update,s4.1-anoncred-witness_update-32,32,measured,1096025,1.096025,0,1805,True,True,False,True,559e0bb531b3e4330c532e624d546d616c7849eb,sha256:532a8ccbe2aa5cc8d5d789fd51537f7e03d80aa07758509b75d4e14f13d76079,c7374da4f402c9654c597717e4eba19011c245273f70ac212ebfdca4752d2a2b
SAIB-RETF/S4.1/anoncred-row/1,witness_update,s4.1-anoncred-witness_update-33,33,measured,1207803,1.207803,0,1805,True,True,False,True,559e0bb531b3e4330c532e624d546d616c7849eb,sha256:532a8ccbe2aa5cc8d5d789fd51537f7e03d80aa07758509b75d4e14f13d76079,c7374da4f402c9654c597717e4eba19011c245273f70ac212ebfdca4752d2a2b
SAIB-RETF/S4.1/anoncred-row/1,witness_update,s4.1-anoncred-witness_update-34,34,measured,1207822,1.2078220000000002,0,1805,True,True,False,True,559e0bb531b3e4330c532e624d546d616c7849eb,sha256:532a8ccbe2aa5cc8d5d789fd51537f7e03d80aa07758509b75d4e14f13d76079,c7374da4f402c9654c597717e4eba19011c245273f70ac212ebfdca4752d2a2b
