run_id,run_index,sample_class,capacity,release_commit,oci_digest,task_id_hash,session_id_hash,runtime_profile_verified,real_anoncred,real_mpc,mock,legacy,success,summary_sha256,raw_log_sha256,cold_or_warm,launch_total_ms,online_including_preprocessing_ms,offline_time_ms,offline_online_split_available,party_time_min_ms,party_time_max_ms,sent_bytes_sum,global_sent_bytes,received_bytes_estimate,round_count,peak_cpu_percent_max_party,peak_memory_bytes_max_party,container_stats_samples,program_digest,session_runtime_root
cap16-measured-00,0,measured,16,559e0bb531b3e4330c532e624d546d616c7849eb,sha256:532a8ccbe2aa5cc8d5d789fd51537f7e03d80aa07758509b75d4e14f13d76079,f50858b166fcea457f2c4f1bfbefee1d9d700dae18b8ce06dcaef1a70b718b41,685db3707e5f20c751c141214cd74cfae79444941a0e89bd0642cc9dfa78b030,True,True,True,False,False,True,7da9475f58f57b724ee28e77f84cc61bcbb9b4951e20f590e6432c6944902508,de60f96b1462386eb24719a1582ec539ab4e5881cb104e1dc5236cbb32bf83c0,warm,123228.590792,113460.0,,False,113460.0,113460.0,6632980000,6632970000,6632980000,217165,99.19,311217357,52,3fb80d6c88c30c8b24bfe312094037f925a01cd8566a2c491ae3ec0d883a37cd,9879e8ffbade248c570aaeec2186f9d760403d972403c3455dd0ab9392f30373
cap16-measured-01,1,measured,16,559e0bb531b3e4330c532e624d546d616c7849eb,sha256:532a8ccbe2aa5cc8d5d789fd51537f7e03d80aa07758509b75d4e14f13d76079,35ae283b6620516d10edcc78c261fd3055ee271b7869c33d7460ecd5da2763b7,9d82e277b746d857ef95befecd9f6ef08d24398630b048b1ead21e0ce61d657a,True,True,True,False,False,True,c97d3a562762e48c58d0dc35c829025caa0d8afcce3fb18aa5f72cf1c344e8d7,6a143c2fb406e2aba9332655671819c9238069b4dba636a8926eb0d2031e0965,warm,136358.46053,124933.0,,False,124932.0,124933.0,6628930000,6628920000,6628930000,217094,99.75,393845146,76,3fb80d6c88c30c8b24bfe312094037f925a01cd8566a2c491ae3ec0d883a37cd,ec56ecbb40c07b149c096bcee4e1cff99b2201d2672e5f23c6415a8c3014ab40
cap16-measured-02,2,measured,16,559e0bb531b3e4330c532e624d546d616c7849eb,sha256:532a8ccbe2aa5cc8d5d789fd51537f7e03d80aa07758509b75d4e14f13d76079,b5f2f25e8bc332ef568f04d1ef564ba9268f52cdccd8ba434c343d9a59f0e0a9,176a8141f862c657785d50b1d7c902e9e5ed0d50351c1d9e827c390093c34b57,True,True,True,False,False,True,0ff19abeda6e66275e151d200110dcae04c1d79907eb71ec3490fb87c0a0fa03,607f73a962d10b6bd315fa5d599aed0ecea39ea44f2213f558a1aa87a7105fba,warm,142487.765484,130614.0,,False,130613.0,130614.0,6641650000,6641660000,6641650000,217340,99.15,311741645,60,3fb80d6c88c30c8b24bfe312094037f925a01cd8566a2c491ae3ec0d883a37cd,3c3f08cbca22a5d68f7cc4e594580a88a8e57fa75aa29026f15052df23344d63
cap16-measured-03,3,measured,16,559e0bb531b3e4330c532e624d546d616c7849eb,sha256:532a8ccbe2aa5cc8d5d789fd51537f7e03d80aa07758509b75d4e14f13d76079,bae3e3257437fd855ad009f7df1fc19bc767fb92d1f8bbf0e6ab3ec065155d47,e5124dd74b0e36a9934fcef640f7a842a78fc939185b3ca55465c706b0bf78d3,True,True,True,False,False,True,3b5ffc76dda94f4306879ce745bf3e5c0f074b0a1f2a8562f1a26c96296cdeb4,d3b8fe83dc003b021aaf9496a191e2666704d60088b180bba24f7d76f7cf6a03,warm,130038.805137,119989.0,,False,119988.0,119989.0,6633760000,6633750000,6633760000,217209,99.35,310693069,63,3fb80d6c88c30c8b24bfe312094037f925a01cd8566a2c491ae3ec0d883a37cd,4c19ddfed4c2293150a9069cd2b2aba92c3fb528bdc8dc71f8bd4b9988142b8a
cap16-measured-04,4,measured,16,559e0bb531b3e4330c532e624d546d616c7849eb,sha256:532a8ccbe2aa5cc8d5d789fd51537f7e03d80aa07758509b75d4e14f13d76079,87a8c7b9c668dd423e9d8aefd7307e2ab7bac6cb93c421b304776de7b07f6d3c,7ff6aed64d7449ca8952364abc30af76afd1a968a0aeccdda33bccdba22fc3ad,True,True,True,False,False,True,b152ed4cc23bc4c48b677a0127f7ac9b72a367ac3f16a89d4e11ef85b2da3c05,7844a1e87b6b4048921c3e0c10c1078940e4657088e26248589b181eae7965cd,warm,140849.806916,130298.0,,False,130298.0,130298.0,6620550000,6620560000,6620550000,216972,99.64,310797926,70,3fb80d6c88c30c8b24bfe312094037f925a01cd8566a2c491ae3ec0d883a37cd,c434c21d1ccd3297b21ef5949759c07387d3be3f56239155fbe77c2ef7918cd1
cap16-measured-05,5,measured,16,559e0bb531b3e4330c532e624d546d616c7849eb,sha256:532a8ccbe2aa5cc8d5d789fd51537f7e03d80aa07758509b75d4e14f13d76079,2df38c05a1867bc84f1a280b418b0b2fc140f36f7f514415b5455a6bbc020785,8f042ddfa8d7322a19adbffaa1dc9a6c02d2dd15c0ddf6795f4e32cf9c777837,True,True,True,False,False,True,553aa243cbcb906d348f1f7966c4a11dd8144dc5465d0c723ffb4fc410907ac2,cd6d8c8848e0f5bed73c0f02e363f5495c5df00c075117e05c89c064b8744783,warm,131381.906305,119505.0,,False,119505.0,119505.0,6632980000,6632970000,6632980000,217165,99.1,424358707,61,3fb80d6c88c30c8b24bfe312094037f925a01cd8566a2c491ae3ec0d883a37cd,7d1f3e5f6fc9b05a1cd6a916d37db36f13baa3ed5329ba1f64778b1be7eef720
cap16-measured-06,6,measured,16,559e0bb531b3e4330c532e624d546d616c7849eb,sha256:532a8ccbe2aa5cc8d5d789fd51537f7e03d80aa07758509b75d4e14f13d76079,8c913326781465b08d87cb4e9ea024da92454084393a70b3722099de87bbe85e,f1288504b1e2efe3c38fbef6fee25d98971e91fa7da1a2895ed063777ffbca90,True,True,True,False,False,True,91e681c760a970af1a6f690a99092c5d541a6723ac57d17d1265fde80b37e1d8,ab18f66be8bb8093844f35555ca08654b6061cb9223d8d8c592fd2c46284c4ea,warm,144690.594966,133030.0,,False,132984.0,133030.0,6628330000,6628330000,6628330000,217061,99.0,310797926,73,3fb80d6c88c30c8b24bfe312094037f925a01cd8566a2c491ae3ec0d883a37cd,1578c517ec65b704aff1433bbbd5d1cd8e4fe504f1af9daf087ea07691570854
cap16-measured-07,7,measured,16,559e0bb531b3e4330c532e624d546d616c7849eb,sha256:532a8ccbe2aa5cc8d5d789fd51537f7e03d80aa07758509b75d4e14f13d76079,42320c2e53d1ecbed111e1b379064f07b3a9ed3f898137db4bd70adebdf63969,f53393ac708d06337a8b89bf44d70f836b9c379d55bfefaae8fef5a8a64ece5b,True,True,True,False,False,True,dded73339e7564a8fe5ddf81b98481fdb77dadc572cb058378f396b45ac5455c,46cbcfdb63cebadd3b873138cb2b19c8ba03f0f8c299447b5ee502dca1b202d5,warm,126312.817983,116810.0,,False,116810.0,116810.0,6615930000,6615920000,6615930000,216868,99.45,311636787,61,3fb80d6c88c30c8b24bfe312094037f925a01cd8566a2c491ae3ec0d883a37cd,2f9e0113598285b456c6be24b4680277e19bafdb560aeebfb60dc8e3bac422e5
cap16-measured-08,8,measured,16,559e0bb531b3e4330c532e624d546d616c7849eb,sha256:532a8ccbe2aa5cc8d5d789fd51537f7e03d80aa07758509b75d4e14f13d76079,7487a2bc4734aa2e77219c27c86f914fdb7d8fa25b2cf36d4eae86d160e1a383,24d8fdf0fef1378c6f2dd8453f58d827dc444a4c5bafd196f8efd91803ef009b,True,True,True,False,False,True,a967495a9d1de6fc965bf8f8d29045101bbf65541670bae061b6c5f7dd3f18b0,688c05692909a0779af35ca5fec5f10bf5ed31c559d6ccab3d500c7db5d4ad2c,warm,158510.645646,143466.0,,False,143466.0,143466.0,6624030000,6624030000,6624030000,217010,99.7,311427072,66,3fb80d6c88c30c8b24bfe312094037f925a01cd8566a2c491ae3ec0d883a37cd,0e62462681a7a49cac81a1de366e513ac8bda56a708b07f28e2e81d9f3a5ce49
cap16-measured-09,9,measured,16,559e0bb531b3e4330c532e624d546d616c7849eb,sha256:532a8ccbe2aa5cc8d5d789fd51537f7e03d80aa07758509b75d4e14f13d76079,7cb5c22d37e3303041e278ac836602a5d89eee941cef8094e94bdd4a5586a4e7,b86be93a80ee7206c5811104d755a9f719688f6453bfa8d0d8762243d2a10a78,True,True,True,False,False,True,e2dd437c840f6b20e7e679ff0200f6881eaf583d2328c930bef928052b7e6be2,3544acff1ebfd0ccf52e291b957f5f7d8ddeba8eb4ce43247f93d0bec2c710fa,warm,136106.235593,119105.0,,False,118928.0,119105.0,6628540000,6628530000,6628540000,217072,100.25,353684685,65,3fb80d6c88c30c8b24bfe312094037f925a01cd8566a2c491ae3ec0d883a37cd,461f6823bb312de9971493391555376fb293b92675b8e279d793ff5a437a158a
cap16-measured-10,10,measured,16,559e0bb531b3e4330c532e624d546d616c7849eb,sha256:532a8ccbe2aa5cc8d5d789fd51537f7e03d80aa07758509b75d4e14f13d76079,b95acf32ff1cf303fd630ebc24892a8759e0e7a1f0b4763d59251b6dd0ca3355,cc0c2b7cfb3acc36155b75a76acde0bd46f8b269d8a1ab0f8643b387674879f0,True,True,True,False,False,True,178f7eec5c31171035b84db6868ef5e5643d0e7318c3b99bd1e4e2f3b0b709d6,10efb6216cf22f21ff03f2cf7283c94675e49d9b73bb1f765f183573ee1b1ead,warm,128539.524768,116080.0,,False,116079.0,116080.0,6606240000,6606250000,6606240000,216638,99.35,377801933,64,3fb80d6c88c30c8b24bfe312094037f925a01cd8566a2c491ae3ec0d883a37cd,b892587456b79a3fc1678afdd887cc148b70baa5f09ac3048ef14ad3badf6405
cap16-measured-11,11,measured,16,559e0bb531b3e4330c532e624d546d616c7849eb,sha256:532a8ccbe2aa5cc8d5d789fd51537f7e03d80aa07758509b75d4e14f13d76079,d0ccb2d1b8c1a53854964291463af3bd1cf865e6cb225717b687fd8471ffee70,2ca4675f728b3bc3d920771303b4d0e3dc68e580ebea1e2c96abbf4b0fc041f4,True,True,True,False,False,True,b6cf9afdff4a7694bafbe0067e5168ea2e67ee141358f5b93524268b459e6c90,158ec27ff8f0f99d3170f92268b2e358d965f52d300bbefe6d66c9fcb731ac46,warm,127584.951444,115639.0,,False,115639.0,115639.0,6643420000,6643420000,6643420000,217439,99.39,407476634,62,3fb80d6c88c30c8b24bfe312094037f925a01cd8566a2c491ae3ec0d883a37cd,6c8b47a7e9642a149892e042a0a6cf1e0656f2ba8f111854d5ba5c94597a06b1
cap16-measured-12,12,measured,16,559e0bb531b3e4330c532e624d546d616c7849eb,sha256:532a8ccbe2aa5cc8d5d789fd51537f7e03d80aa07758509b75d4e14f13d76079,f3e6c4dec806b6e4339f3caadd87ece3e87eda816856594024b4ddc347cb4646,41ecf355957d0a38ea7d9f49f30316fc6293a4747cbf37c1d1735fc2bf934b4e,True,True,True,False,False,True,bac60bf1c6963e824b2f2785d10ac9430f8291d4fa7f8866830441da89fbd637,fdaa9998097aaa16d8509b7da0ed59aa45dcd9fa7afa6c5de85e11dac45de62a,warm,134851.046906,124451.0,,False,124449.0,124451.0,6642460000,6642450000,6642460000,217384,99.58,310168781,62,3fb80d6c88c30c8b24bfe312094037f925a01cd8566a2c491ae3ec0d883a37cd,176b69fe1e83fbb77b1667c612dfc84617a1dd028ae3bc371e91257641e86888
cap16-measured-13,13,measured,16,559e0bb531b3e4330c532e624d546d616c7849eb,sha256:532a8ccbe2aa5cc8d5d789fd51537f7e03d80aa07758509b75d4e14f13d76079,6ab2262ab33f8b94fd56a3ff051753c07c491e012f0dd14b304811da5986f3dd,776de169f4f11ee47c2dbf25c75c203575c02744ea668483b9e377d9c25d8200,True,True,True,False,False,True,477c331a4699f5b8ae8ab355aaaaefbcfdf4635ccf65cf6dec5b0b428bf5d6f2,5d68b0a699550ec818436f90f15dc62a3c419f3174ed4f0052f857c3b7dc19a5,warm,131173.946628,118231.0,,False,118230.0,118231.0,6610890000,6610890000,6610890000,216742,99.27,310588211,68,3fb80d6c88c30c8b24bfe312094037f925a01cd8566a2c491ae3ec0d883a37cd,915795559bed2bbd5fdd8c74f9d6037dd24da75a719628d9cb3b1d9e1ef02046
cap16-measured-14,14,measured,16,559e0bb531b3e4330c532e624d546d616c7849eb,sha256:532a8ccbe2aa5cc8d5d789fd51537f7e03d80aa07758509b75d4e14f13d76079,4c56134c8472b6e1c77b442ee5de5308cc0fa5894e194b3ba810330bec0ec478,c1d93cab6a60b7fa7b57cee4fce42e0ceada8c48c92564438cb73e4456ae708e,True,True,True,False,False,True,2ea59ac7fd28b48d598349b3c08e66b304f163209f0afaad92a580ce8157dc57,e0759cf9882445711909cd973e376147d3be47783ff6a97ffa16f012f9d6b24e,warm,116705.099317,106873.0,,False,106873.0,106873.0,6618990000,6619000000,6618990000,216884,99.21,310902784,63,3fb80d6c88c30c8b24bfe312094037f925a01cd8566a2c491ae3ec0d883a37cd,cdc28b91a2fb2f13dac6964e1d55cdf7f7746b327a85ada9950bd57c358d28fd
cap16-measured-15,15,measured,16,559e0bb531b3e4330c532e624d546d616c7849eb,sha256:532a8ccbe2aa5cc8d5d789fd51537f7e03d80aa07758509b75d4e14f13d76079,c2036f72839845f90ecc69453c1ed099c5d2c40cd84e9304c5bf36ceb98e204b,6c4e1ebdbe17d78331ce48d117c117e5f77a2b19f8d33c6d990cb439979947d4,True,True,True,False,False,True,a135aaeba6972226c1a99c7ce1437f2b39f0349d8c97e2bb0dc385d5a834a85c,530d2c7e625379efd85b147a2a156ba7055846f0935dbafce96d1c3bb9d25de2,warm,123085.686877,113255.0,,False,113254.0,113255.0,6620760000,6620760000,6620760000,216983,99.49,310588211,63,3fb80d6c88c30c8b24bfe312094037f925a01cd8566a2c491ae3ec0d883a37cd,d9e1a398b51a875f2e2ae94c3c0661f48e02296156eeb3dea73859f54da91b2f
cap16-measured-16,16,measured,16,559e0bb531b3e4330c532e624d546d616c7849eb,sha256:532a8ccbe2aa5cc8d5d789fd51537f7e03d80aa07758509b75d4e14f13d76079,6dc12b6b8f6375453e01789ed1bb28892950bb12306958b6af80dcc3fb770665,2491a0f1115fa7d9a19a57f8e51a80c6ab463164b98537fbc4220874ad11f5e7,True,True,True,False,False,True,b35e911113efe02489acb3a3f5bdffc275d88cbb53d05e0bd6df0797fefaa36c,1393ca9988a477738177baf09ab94f202d56f4e29ae2e542e50930c74b9a932c,warm,109577.747293,100189.0,,False,100189.0,100189.0,6609900000,6609910000,6609900000,216687,99.73,310693069,61,3fb80d6c88c30c8b24bfe312094037f925a01cd8566a2c491ae3ec0d883a37cd,f04d3b290b43447beefe63cf286d884a50b5c56734770c37d9c292ef9c524715
cap16-measured-17,17,measured,16,559e0bb531b3e4330c532e624d546d616c7849eb,sha256:532a8ccbe2aa5cc8d5d789fd51537f7e03d80aa07758509b75d4e14f13d76079,d50671110bbe8566680db1032bad429e4e42f1ed15785a4cba3c3415e78132dd,59f671b5beede006617c1f0aaa439325512e58dec271914c8edef72167fa3d34,True,True,True,False,False,True,e414796a17d94a095806e93720070c5f6767c2aef4e8064ad3e09c4ee5e7e21e,123ed235e9c9dfa6448966195acb3230d692c0679f331872af42117d634a357f,warm,132509.354259,120647.0,,False,120647.0,120647.0,6619980000,6619970000,6619980000,216939,100.09,415970099,69,3fb80d6c88c30c8b24bfe312094037f925a01cd8566a2c491ae3ec0d883a37cd,99b55d66dfba02c087c66a095caa927255555c9b1c1de2593327346899edb2e2
cap16-measured-18,18,measured,16,559e0bb531b3e4330c532e624d546d616c7849eb,sha256:532a8ccbe2aa5cc8d5d789fd51537f7e03d80aa07758509b75d4e14f13d76079,2b3e8ac06fe10839fc5f2a8a030500005d1c38ec0170e2ca98a13beb9aa7a8ae,ddf0e2566ac75e92989785d0898fa0c4da8aab6bfab7cd8d96bdbdaeaf167384,True,True,True,False,False,True,f850223546f17f5737b9f88fb414a0b9a723734d8dc4b4f43265854dc039f423,61b07ec97df2f887fd7c0e661d8ce83818d86ef80fddb60204304aad6d04ac07,warm,133239.715264,119254.0,,False,119253.0,119254.0,6632380000,6632380000,6632380000,217132,100.86,396781158,65,3fb80d6c88c30c8b24bfe312094037f925a01cd8566a2c491ae3ec0d883a37cd,896faf8679cf33b98c5c73db0ab1cb9670e8d674c610f2f1d6c7e6973fce0c1d
cap16-measured-19,19,measured,16,559e0bb531b3e4330c532e624d546d616c7849eb,sha256:532a8ccbe2aa5cc8d5d789fd51537f7e03d80aa07758509b75d4e14f13d76079,eea5ee5e08a0fa76082f6ab6f5e77d6dd2b2e7ee90783fb69fef741ea4654d4f,d17aac8499617ebd0add5c00148d052c3df28636009a3be9e955ad499eb8f74f,True,True,True,False,False,True,16239735862130f6d13ac7ef710a1ec3a740b8e20450e027da4169c847fd2ab5,98737f17d0561327d7a4d644a81653f6e3bfb291b608603a3871de99b38342af,warm,118130.941765,108382.0,,False,108382.0,108382.0,6655430000,6655440000,6655430000,217610,99.29,320969114,73,3fb80d6c88c30c8b24bfe312094037f925a01cd8566a2c491ae3ec0d883a37cd,387367ba1ea5c16f04011af17253959b1df5732a0b82faa0db3503b1e962689e
cap16-measured-20,20,measured,16,559e0bb531b3e4330c532e624d546d616c7849eb,sha256:532a8ccbe2aa5cc8d5d789fd51537f7e03d80aa07758509b75d4e14f13d76079,bb1f1bbfb8067ef2b9e05e8c635d140f36c952a608aca22037c1ce7068c4bd76,9e474d596f136e2f227d371e42cd750dc3d5d56704d08c4e0ba6dd5ba474a9be,True,True,True,False,False,True,9b4da052a0cf1fa916b8ba221808446e75d24deee9b4269f488b290e737e2e73,6d46fef7be868556eb376f0cc7d83969f90c6ca8d09a4ad0135f4e14a00c34a8,warm,120972.306132,110804.0,,False,110803.0,110804.0,6643240000,6643230000,6643240000,217428,99.0,310168781,58,3fb80d6c88c30c8b24bfe312094037f925a01cd8566a2c491ae3ec0d883a37cd,19445509d7f1cc2a141e29d0f93be6ce8c0b70d5c3313aaa87cea5d3f7bec648
cap16-measured-21,21,measured,16,559e0bb531b3e4330c532e624d546d616c7849eb,sha256:532a8ccbe2aa5cc8d5d789fd51537f7e03d80aa07758509b75d4e14f13d76079,b28071bb70278c19d1b3df45db138596a987563d5a009454aba4fac9661692b0,4aafc83c9aeb82b447d2e66f28233c0bd1921c3964257329734606d59cef515f,True,True,True,False,False,True,2b632fe7299aac9bd285b0c8876e8f0f5deb9c49ba1f465da9c20dd38c79547e,b9dabd3103bac8420b10651785c46cbf705655ea0df376d90d1f8f0572a05743,warm,120050.356529,110093.0,,False,110092.0,110093.0,6624210000,6624220000,6624210000,217021,99.82,310378496,61,3fb80d6c88c30c8b24bfe312094037f925a01cd8566a2c491ae3ec0d883a37cd,94876d3b93f8b1f5dff37ef8ec490cb673db9e8110f629b66f4fe4635c466a77
cap16-measured-22,22,measured,16,559e0bb531b3e4330c532e624d546d616c7849eb,sha256:532a8ccbe2aa5cc8d5d789fd51537f7e03d80aa07758509b75d4e14f13d76079,483f061543c65813743cc5d640f5d2fd4432ac207a9d3d5e92e35882ec5ac469,03ad242e2d79900e5ce3636662bc4cbf00b3873440d87bfcf4d25ba09f857ea6,True,True,True,False,False,True,8b11bacc34010200f1f620c8316163f219996feb7a305fa5d2c2c66b0ff26f47,29202b47075cf75bf4881b14c2d05f38be9ea724864a4e3cd398baeec008492e,warm,119058.686929,108922.0,,False,108922.0,108922.0,6629110000,6629110000,6629110000,217105,99.05,310168781,60,3fb80d6c88c30c8b24bfe312094037f925a01cd8566a2c491ae3ec0d883a37cd,be442c46c38ee45618f396a5d87aeb8d38f803180bc7e61bbd6082378cf51716
cap16-measured-23,23,measured,16,559e0bb531b3e4330c532e624d546d616c7849eb,sha256:532a8ccbe2aa5cc8d5d789fd51537f7e03d80aa07758509b75d4e14f13d76079,2c64d3a5689dd6b836abe5e9f5558f46f4c0150f9e3acf3f588c808263efd5fe,c4891d78d697889b9a489667611e882f88ab5c40f539d5b56654506ca8371e5c,True,True,True,False,False,True,98a561bb830d1416c94c0968cb1d0fd3d767cbff69e48ed1fecbab2b915cc41d,020c112a202258ecd8f3681c9ab184da1217bfc16d7c8633bddcf6890308c095,warm,134135.652271,123154.0,,False,123154.0,123154.0,6610110000,6610110000,6610110000,216698,99.85,312580506,66,3fb80d6c88c30c8b24bfe312094037f925a01cd8566a2c491ae3ec0d883a37cd,04a25d31de02049907642ed1ff82dcea89c67c2d0f3ba057ee414c8b9efd3777
cap16-measured-24,24,measured,16,559e0bb531b3e4330c532e624d546d616c7849eb,sha256:532a8ccbe2aa5cc8d5d789fd51537f7e03d80aa07758509b75d4e14f13d76079,a8f2cc00798adf8526e700afeb0654efe69c69c19daaaec984b8dc68300b0d95,261bee40920d74b3fc745025f1500c6c21d1880ab926090d415137daf72dc9cf,True,True,True,False,False,True,3b80bf0b922cc9683de6c86b47b0565d92317bf9431b92d55a108e6f0f0978e9,a01913d6596f8e2a890a84fa13ee7e61a276d75b6eb6eddaf62c97addb9e106a,warm,120229.716566,110093.0,,False,110092.0,110093.0,6632200000,6632190000,6632200000,217121,99.88,309854208,60,3fb80d6c88c30c8b24bfe312094037f925a01cd8566a2c491ae3ec0d883a37cd,ac5b96e1305bffed39b8652d720f905648657f34c1b3e635a31803ea4b473206
cap16-measured-25,25,measured,16,559e0bb531b3e4330c532e624d546d616c7849eb,sha256:532a8ccbe2aa5cc8d5d789fd51537f7e03d80aa07758509b75d4e14f13d76079,6aa8c601cbfaf68780dcc298b5aed68c96a47ee8417d5286d125553fe9604c01,77901ce660bd86425bb08b85f5a1c2e30069da9dcc08ae55433a8ace84b56acf,True,True,True,False,False,True,d3a18b5cc760b62eb667830b5b323eee43dc04624e4a8a7ee441090cd1d036ef,4802f154bf2373d6356ac271a7e2e17676feb58766e58d743508f4f4d0075c88,warm,121889.135073,111222.0,,False,111221.0,111222.0,6664910000,6664920000,6664910000,217829,99.47,310483354,64,3fb80d6c88c30c8b24bfe312094037f925a01cd8566a2c491ae3ec0d883a37cd,df39abc6e76f28653257240ab5503dc4620c5535210e909ff148206cd7620628
cap16-measured-26,26,measured,16,559e0bb531b3e4330c532e624d546d616c7849eb,sha256:532a8ccbe2aa5cc8d5d789fd51537f7e03d80aa07758509b75d4e14f13d76079,c7a501c46a5e2fe9a4f6cbf26455783633a1a53d3b0399f3eed665fc9edc3e6f,d832140644e91ee90093316bed479771547ee1fdd3c6c2ffc164d3f91a32068c,True,True,True,False,False,True,82e6f97edd83641c514cc531383982fb2eb690735b82866f58f7148e69e90244,375148eabcf3931844af9cfbeff20fa8174112d8bfdc99d40955e06e4987b899,warm,122282.142217,111017.0,,False,111015.0,111017.0,6638200000,6638200000,6638200000,217302,99.51,364170445,66,3fb80d6c88c30c8b24bfe312094037f925a01cd8566a2c491ae3ec0d883a37cd,a1118f36af25d782ce5e2db6408dff0ede925306228f2c58cf5804e27cc5860b
cap16-measured-27,27,measured,16,559e0bb531b3e4330c532e624d546d616c7849eb,sha256:532a8ccbe2aa5cc8d5d789fd51537f7e03d80aa07758509b75d4e14f13d76079,923935277474c2e5a36c31f1aab1d83167f7d5f974c34cd2eef14a2970de5c8c,3cf61669536fdee623654e1102d04007dbb45aa478139ffc88a912ab47172a3b,True,True,True,False,False,True,13aa45fb7776bf41bec7ad3c5b5ce6eaa64fa3bfa3ed5b77a5c87c30542a273d,c872ccdce38ba1e1ec95877254c8b81dbf55420fbc5cd1660b9631d2a367ccb1,warm,119415.081999,109444.0,,False,109442.0,109444.0,6624030000,6624030000,6624030000,217010,100.63,313314509,64,3fb80d6c88c30c8b24bfe312094037f925a01cd8566a2c491ae3ec0d883a37cd,01c0a230c1c9d8f7a6e320188781f953fb57fafda02cf1fd753002e7f78a8357
cap16-measured-28,28,measured,16,559e0bb531b3e4330c532e624d546d616c7849eb,sha256:532a8ccbe2aa5cc8d5d789fd51537f7e03d80aa07758509b75d4e14f13d76079,72dd822e64dfb5dc64a9bb14e1da51829f6fe2a0eab8306297576b443965e441,45e83df5e87f5ae6e09d070f75916a1c48b1b7b595aa4ecc753a16f74199cbb4,True,True,True,False,False,True,553bdf61db7f6dfdf403300c0e1b383b235551b56be66b0a2c79aad093ae14e3,12e1b6904f7ff223159780060cc9cf022a0cbac05f3f67b893368906a5802a0a,warm,126577.458312,115778.0,,False,115777.0,115778.0,6615540000,6615530000,6615540000,216846,100.04,423834419,62,3fb80d6c88c30c8b24bfe312094037f925a01cd8566a2c491ae3ec0d883a37cd,55a60e4be6df2e9b7e1cec264259ee3bc13ad4dc4d74450314ecb9df339c503b
cap16-measured-29,29,measured,16,559e0bb531b3e4330c532e624d546d616c7849eb,sha256:532a8ccbe2aa5cc8d5d789fd51537f7e03d80aa07758509b75d4e14f13d76079,282297659a420acd8225e0bacd21b9b1417f0cdc78f19ab7707ebc68cbc98c64,4302af80fc6d71b62f6ce5d5b42200f45f0287d4e00033ae4884c8c016abb74e,True,True,True,False,False,True,78c458c8170f765c7f018ca9c132b85067b9028f8d6e373178755c5f0060c0b5,1380d7a236753abc68cc0c5085299c2d53d425b68fb1541b5b71d11592f3d78d,warm,120256.521494,109151.0,,False,109150.0,109151.0,6651380000,6651390000,6651380000,217539,99.32,423205274,56,3fb80d6c88c30c8b24bfe312094037f925a01cd8566a2c491ae3ec0d883a37cd,3231cd7edbc56721639bc4a3251adf0c75adceeb60338989b4e3509eeabdd8e5
cap16-warmup-00,0,warmup,16,559e0bb531b3e4330c532e624d546d616c7849eb,sha256:532a8ccbe2aa5cc8d5d789fd51537f7e03d80aa07758509b75d4e14f13d76079,5a1035fa903fceedae09d098ab1c3927ff9ebe6eec71780596cc907fe94fdeeb,3ca584e3c4a6d0fa0eda62a345444685cc1c6611c3de779f6fb11296f5330eb4,True,True,True,False,False,True,3452441dca243df074b047143e41b87a65c76528e1a8a8b2f916473eb42587ac,e916607bb63a804816b4551499c30fc87a818efdeeb6fd41512e6573e1833954,cold,125227.741011,109755.0,,False,109755.0,109755.0,6633160000,6633170000,6633160000,217176,99.89,409364070,57,3fb80d6c88c30c8b24bfe312094037f925a01cd8566a2c491ae3ec0d883a37cd,65364f03b66a50537510703de383cd6960ca5a2fb06c18dd34c4f99bc3a62bc1
cap16-warmup-01,1,warmup,16,559e0bb531b3e4330c532e624d546d616c7849eb,sha256:532a8ccbe2aa5cc8d5d789fd51537f7e03d80aa07758509b75d4e14f13d76079,2e4ead12648c41ca83bf13e1c39443cba9e87a1fb11394aa0ad49e03131ac3bc,825011544bb4f9d0e28ada5a5ac1e2cc172de80265e3fb32ed6956eabfc17024,True,True,True,False,False,True,6f8d1d5c58dcd559aa0e79bc7ac5dddc6fca93b3234b4985ab1f32a88bd242a1,6f3ac385461c0b78cba94b6f4e934f9cfc625cf7f8ed724f698b04bd2a6b2f31,warm,140531.244744,129297.0,,False,129297.0,129297.0,6611070000,6611080000,6611070000,216753,101.09,310378496,66,3fb80d6c88c30c8b24bfe312094037f925a01cd8566a2c491ae3ec0d883a37cd,1b6c4c8b5fc9255245765f5da18a36d4277184571ddac03a990d67564d1d21bd
cap16-warmup-02,2,warmup,16,559e0bb531b3e4330c532e624d546d616c7849eb,sha256:532a8ccbe2aa5cc8d5d789fd51537f7e03d80aa07758509b75d4e14f13d76079,eda5c3415e77e54a283d19faf41acc41cc4f9b7c643f09fe0bc60960265b2d5f,af41a6fc7dce085b8b94d85e6d804ea9f0ee20890f4007e30e3941078deda279,True,True,True,False,False,True,84566c0f62f787d74f0be5ccf3d4ba7fa52872e2a8d77989ef3c563623733155,28a7730e46426db3b06f9cb64e285ad3e52878be45e86df98b08cdd1b99cd6ba,warm,141073.903034,128884.99999999999,,False,128883.99999999999,128884.99999999999,6651770000,6651780000,6651770000,217561,98.91,309959066,72,3fb80d6c88c30c8b24bfe312094037f925a01cd8566a2c491ae3ec0d883a37cd,5e1862c41ae014375c216c74b013da2adf7d0a39852e889c474067a49b9a9003
cap16-warmup-03,3,warmup,16,559e0bb531b3e4330c532e624d546d616c7849eb,sha256:532a8ccbe2aa5cc8d5d789fd51537f7e03d80aa07758509b75d4e14f13d76079,1a102c46d44fe21f6f668b8a1f25f3e45cbcbdf3524798d9db4b8337e2079c79,843d9c370f1a8b038b334c62f8dbefb0081c0acc8a391af142bf8325dc114b32,True,True,True,False,False,True,7c1d71098ae05a3f1094204308c392e1a85f8640453809514f2117b780516ad7,fe2be3c2e129d49d1904c10cb36545c655bf0ee37c728f1a258ce855e0b1a824,warm,145226.364456,133429.0,,False,133428.0,133429.0,6664520000,6664530000,6664520000,217807,99.6,309959066,72,3fb80d6c88c30c8b24bfe312094037f925a01cd8566a2c491ae3ec0d883a37cd,3a5821f938f35bc7059ab7d18d6ac19d5f3433689ab45d4f9c4c628fe831adbd
cap16-warmup-04,4,warmup,16,559e0bb531b3e4330c532e624d546d616c7849eb,sha256:532a8ccbe2aa5cc8d5d789fd51537f7e03d80aa07758509b75d4e14f13d76079,1c3e864931b847af794a32a05fb38009eaa60e0fbe4f0b73344167c7c579f6e6,8a90389d514812eb41b9965c6f6547dc06a386208c1b07196e74a3dc90e534e2,True,True,True,False,False,True,23650f89b74b8ebb5f9298fc56eac719e7a5925710b78412c2a1c99a794bee15,7242646fa7d28f2db69733ac009d8a4310f9a79e302293cd319ade60865a2ef6,warm,132637.584793,121467.0,,False,121466.0,121467.0,6632200000,6632190000,6632200000,217121,99.39,393530573,69,3fb80d6c88c30c8b24bfe312094037f925a01cd8566a2c491ae3ec0d883a37cd,bb1e0d99cf82017b2933aba5c30c20f9396dc837e41ebba37d4af974fc07863c
cap32-measured-00,0,measured,32,559e0bb531b3e4330c532e624d546d616c7849eb,sha256:532a8ccbe2aa5cc8d5d789fd51537f7e03d80aa07758509b75d4e14f13d76079,5f4d9159bf0180371fa1c59b873f867f8de8a2e64167f72757ada076c6204c02,a208379cdecb693e98a73141af4657335fe7ed3ccfa76122441fe55ca1880546,True,True,True,False,False,True,ad1647b97749dafffa5c21ba8e3d7f1a286da39bcff4851300ce101abc88b0a5,b598a4e14acde1529aa609433c9beab043060ea90d5ec6f235a4f3882cb08753,warm,217690.858963,208447.0,,False,208447.0,208447.0,13686390000,13686400000,13686390000,452029,99.41,316984525,108,51fefd1e5724248abe2d9581c167392ad244e54ddb704176f4a3f21b053aebee,811778219ed841d5f82ec156c46b58e7f86484f3426da7c77843d5ca420c561d
cap32-measured-01,1,measured,32,559e0bb531b3e4330c532e624d546d616c7849eb,sha256:532a8ccbe2aa5cc8d5d789fd51537f7e03d80aa07758509b75d4e14f13d76079,3ed58b64a8ff6aa2d74d03a968f959496b9f7090558d4e18c50f4a4f7d9e9f61,0269db5c93c3240547b0ab3af32fbe75b0d9772e2f83c256e965ea6dc54f0274,True,True,True,False,False,True,8c221766c9c60a6527ec684ed01b4ab2d68da12ee15b1e2dc70020ed24b07c8c,364a98132ee9903d941f410f7ab9b02e43ac5b4a58c16ad3fbcff75226923dfd,warm,224423.020358,214484.0,,False,214484.0,214484.0,13676270000,13676300000,13676270000,451808,99.3,314048512,104,51fefd1e5724248abe2d9581c167392ad244e54ddb704176f4a3f21b053aebee,603cd9871065db4e85df66b8a532b893a0591a0c3b8d6c02fa2b5820c7b5f67a
cap32-measured-02,2,measured,32,559e0bb531b3e4330c532e624d546d616c7849eb,sha256:532a8ccbe2aa5cc8d5d789fd51537f7e03d80aa07758509b75d4e14f13d76079,7e44f990eca594f7071d970495d05a92412c566c3c196bf2648d42de1ddd90d4,402590088357b78b3b3fec75bb22eb565310f2504b77d28f0e581de9eef7a100,True,True,True,False,False,True,fb0dbf2a28243e48bb9c8c92b5fffb0c2168d28250574daea5868762c5ef89a5,b65182aed706c49c126169c0c01a33bee50794df9728d8ad509db44c244d6e5f,warm,224640.216296,214090.0,,False,214082.0,214090.0,13680780000,13680800000,13680780000,451870,99.55,314677658,110,51fefd1e5724248abe2d9581c167392ad244e54ddb704176f4a3f21b053aebee,50719549b4e47f1127f1520d9cf155117571f864c499e96abda4516574baf8ee
cap32-measured-03,3,measured,32,559e0bb531b3e4330c532e624d546d616c7849eb,sha256:532a8ccbe2aa5cc8d5d789fd51537f7e03d80aa07758509b75d4e14f13d76079,b94b2e69595127394892bfe6f5e128b934d310097a90f8cfa5026b9c1625f5a3,6fd64e5647866b69345362782780b5050a05f572c404f06d38e093e9d218e840,True,True,True,False,False,True,45ac3c5d89643857622367a250afbbad03d74e4148c3181e8cffbff1e743d0ff,2dc15d8e39863acfb107f1666a26c4211315f96b0ea25794fef5c310dad2c19b,warm,208950.968477,199491.0,,False,199490.0,199491.0,13695270000,13695300000,13695270000,452215,99.52,314572800,101,51fefd1e5724248abe2d9581c167392ad244e54ddb704176f4a3f21b053aebee,0aa50398b3e9e701163035c4175ba97750ee896c7887da61d3fdaa68c8f6b4ef
cap32-measured-04,4,measured,32,559e0bb531b3e4330c532e624d546d616c7849eb,sha256:532a8ccbe2aa5cc8d5d789fd51537f7e03d80aa07758509b75d4e14f13d76079,723562684daa9066359b1e41d031b52ee8ef93bb496665415614b7652215c4cd,59ee0b28d68b0ffa5b46da18b0bf2698d756c3730cdfa361df47a61da0c56257,True,True,True,False,False,True,54b166d2012be7f529afe10fd35eae9521d8b2ab86f5dc1ca652d85a8cbb1f3e,9bb513df6bbb75f1f3b77cd9e11cca9555654726d7c71c38cbaf43c771703aa1,warm,209965.554871,200303.0,,False,200303.0,200303.0,13681560000,13681600000,13681560000,451914,99.69,317613670,108,51fefd1e5724248abe2d9581c167392ad244e54ddb704176f4a3f21b053aebee,044089f8b0557fd1b5e8073b86916f93cdb0f23ff370fe7eec29f9a1bd7cfafa
cap32-measured-05,5,measured,32,559e0bb531b3e4330c532e624d546d616c7849eb,sha256:532a8ccbe2aa5cc8d5d789fd51537f7e03d80aa07758509b75d4e14f13d76079,4e68112b52dba301aa72884d238b831309f8aeeb0f1ce790f23d5ffac9e17d2d,5fd9dfadcc60c23ae62022b7c464f5cda2eb268bdd5a1133352e5f8a4177f16b,True,True,True,False,False,True,6a8e73ac3fd890e783e9f4313013d129d0deb4b19ad3b280bfbfe995251f52c8,9cae27a749f34610ac4113988fae95e6576cd15d2fb4bea06a7e3c46f62526ad,warm,210353.065525,201314.0,,False,201314.0,201314.0,13707880000,13707900000,13707880000,452419,99.26,318662246,106,51fefd1e5724248abe2d9581c167392ad244e54ddb704176f4a3f21b053aebee,575c6339a5b7b0d9435552bbc5c2b954271861778b7cc62fa43054b41b077a54
cap32-measured-06,6,measured,32,559e0bb531b3e4330c532e624d546d616c7849eb,sha256:532a8ccbe2aa5cc8d5d789fd51537f7e03d80aa07758509b75d4e14f13d76079,cf20875837233abf5f889a00ab54d766abcd94eb05699c66b41fab5bb58b5644,0a4ff2efd057f7a8198f2043bd72a83fbd776f657910ccb56dba6ddcf26af3d0,True,True,True,False,False,True,a22771b7ee93791f3efc233a8b6def44c8cb300e70c0d5600517a1832fcb991b,6c13142e6d8314e281a5556401fe90a0062a6d7a48b9fdc2c44c21fae9d07b85,warm,209260.78179,200119.0,,False,200119.0,200119.0,13686390000,13686400000,13686390000,452029,99.26,317194240,105,51fefd1e5724248abe2d9581c167392ad244e54ddb704176f4a3f21b053aebee,a58dafaa1bb134d12ffc46d5d7aaaf92bbf74f92357719318c6204acaed5a52e
cap32-measured-07,7,measured,32,559e0bb531b3e4330c532e624d546d616c7849eb,sha256:532a8ccbe2aa5cc8d5d789fd51537f7e03d80aa07758509b75d4e14f13d76079,1cd03ae3674fcaa4f1a10c179610f66d07176ca82bbf087fbe2e416419d4454f,c11579f55567654f625ff12413b56e85f66e9134a13b90fe5f86be602083cb78,True,True,True,False,False,True,6f01f89c5736aa7284a5fe9a75aab884ac6bb3171df632631373a0799175cb00,57c3b0bd3985c35c651386f350bbc3847ffd08f0379a72a12feb73d3ea5cd393,warm,208472.018252,199569.0,,False,199568.0,199569.0,13722010000,13722000000,13722010000,452742,99.19,319291392,102,51fefd1e5724248abe2d9581c167392ad244e54ddb704176f4a3f21b053aebee,405c202c0f6719f6ba775a0865c7bdc3e5e973e1518efd8f9c2f5f4db70afded
cap32-measured-08,8,measured,32,559e0bb531b3e4330c532e624d546d616c7849eb,sha256:532a8ccbe2aa5cc8d5d789fd51537f7e03d80aa07758509b75d4e14f13d76079,f3af744c17dc07b376df154cbf50ae7b104d4db138d09e7775b09c3cb4bbd0f8,9d2a879382ff23a01ee408ba99d9129425cc59320f36cb444daf2265c3271c11,True,True,True,False,False,True,d5688305b85e5206756e1857231da4ce175187bdb70ad1cf7f93ccf4db4cd07a,d7b3b4c87e383221583233c19341f1f6d201396dc9262677ccaac45fd912f129,warm,209023.731883,199957.0,,False,199956.0,199957.0,13689870000,13689900000,13689870000,452067,99.24,314467942,111,51fefd1e5724248abe2d9581c167392ad244e54ddb704176f4a3f21b053aebee,dcb84e40ce6b4424802b20340e0ddf00ed17b5eb02c5019ef0cde452beb46e86
cap32-measured-09,9,measured,32,559e0bb531b3e4330c532e624d546d616c7849eb,sha256:532a8ccbe2aa5cc8d5d789fd51537f7e03d80aa07758509b75d4e14f13d76079,04bf894ec22e641e96788f19599d5bb376c95fb920d21bf0143ecd133e5ec599,ad7196973f01ac12ab35dc697d1fb421054c62139a20d98e855a50b519b0949a,True,True,True,False,False,True,79b1e23115d0d4f046f6bd28d73bccf1ec2c37f1382e55a426a615e4bb8f5431,26fd0be2572589c5d5b081844a8ac298ab33a7aad740cb7244657ab26224b655,warm,211570.330244,201497.0,,False,201497.0,201497.0,13695870000,13695900000,13695870000,452248,99.53,314887373,100,51fefd1e5724248abe2d9581c167392ad244e54ddb704176f4a3f21b053aebee,2477aafc73502e238079fa310b85252d9e2ef5e1eaad8f92db3126bf11bb0a4b
cap32-measured-10,10,measured,32,559e0bb531b3e4330c532e624d546d616c7849eb,sha256:532a8ccbe2aa5cc8d5d789fd51537f7e03d80aa07758509b75d4e14f13d76079,b820ad8f706c55a7fb3f9f25f97d97b442b9cc03c350619715f6f91a5e34e1f8,6f6e4f8647d5cba203bb3cb5d8f296df7233b2645cc30feaf76575305221c5a3,True,True,True,False,False,True,bf72595a85cb69b19d23df38a653a76b143cea204ac3e83de0f0273b937fdf76,ef52aab7777931667942ce8cdf3fe4211afcaa1782c3e2f0f227b86de7a1de36,warm,208975.814452,199831.0,,False,199831.0,199831.0,13672820000,13672800000,13672820000,451770,99.52,333237453,113,51fefd1e5724248abe2d9581c167392ad244e54ddb704176f4a3f21b053aebee,de4a848b289662ffed000ffbae6acc11bd649dee422033c4479f8b5aa4732e57
cap32-measured-11,11,measured,32,559e0bb531b3e4330c532e624d546d616c7849eb,sha256:532a8ccbe2aa5cc8d5d789fd51537f7e03d80aa07758509b75d4e14f13d76079,ee23213e98b0c2ba5c9164aee373f772f6689ef064b77a39aaac2df0bb4fe4b1,a7ba56d75061d05bd508237eb4f629c2625ce30a30cd1c8207ae7d1b2db042d3,True,True,True,False,False,True,ec3d9b1b9d5e881f65dc77eb668374a410b52f3a8fa9cb0c8c823212242eb150,e64b3d72d40b369db692bbe896c5127285811ec3b8f77a64ab99bfad04fdd824,warm,209923.59003,200673.0,,False,200672.0,200673.0,13673210000,13673200000,13673210000,451792,99.42,314363085,108,51fefd1e5724248abe2d9581c167392ad244e54ddb704176f4a3f21b053aebee,be84914eb095a6c9792f8fcc4d68284e3f3f86506ddc75d52a5245d1417c035b
cap32-measured-12,12,measured,32,559e0bb531b3e4330c532e624d546d616c7849eb,sha256:532a8ccbe2aa5cc8d5d789fd51537f7e03d80aa07758509b75d4e14f13d76079,a5b33b1dfae2a084e18dd1ffe88e7762b2841e859f99d4f0cffffd1124ac6ebf,51d893f58323fbb372110c223543711e7d3aa8616c91733231fcef721df6af58,True,True,True,False,False,True,67ef27cd6626efda3d713d2b940dc1b74712025608943d93aa2288b1f1fd0bfe,2becb38ae74be8c311f495e93caca9e1f92a76d44d5e49925ba02f07f56389ab,warm,211129.990269,201874.0,,False,201873.0,201874.0,13686210000,13686200000,13686210000,452018,99.59,314677658,105,51fefd1e5724248abe2d9581c167392ad244e54ddb704176f4a3f21b053aebee,4b189e3586b54dc7de7d4c86a67ee1ba12b2cd223534e25c5c9fbb9a3d734ad5
cap32-measured-13,13,measured,32,559e0bb531b3e4330c532e624d546d616c7849eb,sha256:532a8ccbe2aa5cc8d5d789fd51537f7e03d80aa07758509b75d4e14f13d76079,f246cacf0990acc8d99e39ae4c3c3c319768c1473a892b639ecdee63a7534c64,3b7bfda6270f513919ce8aca27db0fe74b4755ad9c56591693e6ac8be37c0b00,True,True,True,False,False,True,d46ab8bf28c01c248eb533ff46b84fdfe08335f4cea7c5d0e8c964674ab7b118,50cd64e53b619e1032ad1598c747ea2a29a052e1feb3a0046807523619852ae0,warm,210358.773455,200390.0,,False,200390.0,200390.0,13671440000,13671400000,13671440000,451693,99.24,314887373,113,51fefd1e5724248abe2d9581c167392ad244e54ddb704176f4a3f21b053aebee,107d9d73a6040de8a2dcb710ac747766320681a0d816d987ab041a7bf427ffc2
cap32-measured-14,14,measured,32,559e0bb531b3e4330c532e624d546d616c7849eb,sha256:532a8ccbe2aa5cc8d5d789fd51537f7e03d80aa07758509b75d4e14f13d76079,97135b1aee8f293772a4a4fe7dee05a4ad63b30ec83631df939def93a8e1261b,1603e5416ecaa3fe35aa918db11a0cfee57acdb468000d61d21618dec1550be6,True,True,True,False,False,True,42188c876b86266a7d89fe456c667a0b6a466e2d2dc7c2ba7fe094b5910839a5,649818ab36807797efd55aaac5db9c6dfd0dac743df3c2b1aab8d6c7e4c30909,warm,208729.069443,199767.0,,False,199766.0,199767.0,13685010000,13685000000,13685010000,451952,98.6,318557389,105,51fefd1e5724248abe2d9581c167392ad244e54ddb704176f4a3f21b053aebee,3a715f60717edd430c0bbc448bab50fd132a71f0be7add380efe8a2b370a8113
cap32-measured-15,15,measured,32,559e0bb531b3e4330c532e624d546d616c7849eb,sha256:532a8ccbe2aa5cc8d5d789fd51537f7e03d80aa07758509b75d4e14f13d76079,727569fd3708d1afec11b52eb220e7d0f43d08e13aaf9d73c88a990da981917a,8680d8f3d9060cdbc4ab584a2d83d09f0bad38f909c0d52c286be9574cb4a1b6,True,True,True,False,False,True,a5fff373f1086cc5c01aebce0c1c98253cc73ca14dc24e9b6d8f18bdae4b9d7c,bb1e40647a9c37e273d5bdbc6548737ac54f97d57165cf7dab41967121609992,warm,210811.672696,201804.0,,False,201804.0,201804.0,13689480000,13689500000,13689480000,452045,99.85,322751693,104,51fefd1e5724248abe2d9581c167392ad244e54ddb704176f4a3f21b053aebee,35b57f579808e2f9e705b01587bbc52279893d592514705a83a059c7a6fb71a6
cap32-measured-16,16,measured,32,559e0bb531b3e4330c532e624d546d616c7849eb,sha256:532a8ccbe2aa5cc8d5d789fd51537f7e03d80aa07758509b75d4e14f13d76079,986d24b79629a3ea743fd8497b01dec9748615733cb90ff49939bcfc87d877b2,045d0ca6449409590388a5bfe52f18a31274cb377924b22614cfe4c6c19890fc,True,True,True,False,False,True,8ef59f2532cb9b34daa9c89aac515a2383a6afb69d7224e6b1a6a1199591fe20,902a01d76b3524a7871c8da8286b7c007967c495d0cccfb74c5c7f64eac1489e,warm,212161.623175,202422.0,,False,202421.0,202422.0,13689480000,13689500000,13689480000,452045,99.28,341311488,108,51fefd1e5724248abe2d9581c167392ad244e54ddb704176f4a3f21b053aebee,b5607fe71e6db72610b80f63b0f26f2e1447106712418e2a2dd206fc1db8df57
cap32-measured-17,17,measured,32,559e0bb531b3e4330c532e624d546d616c7849eb,sha256:532a8ccbe2aa5cc8d5d789fd51537f7e03d80aa07758509b75d4e14f13d76079,78f56306dcb74d5d3ea70077a2edf692adb5b46aabde547905f2840a1c9e7c6c,9ac90af1b7f35d9f8a603708ec89a455398d3f4d1db49a59424e86601fd0b20b,True,True,True,False,False,True,a8ade0dbe7ad22299be495f75bbf69e122ba9713d2f21d7dbeffc51184161cd4,9bade85af263e1453f00f4f3a2d7c1f842edd7ad306107a0503eb908833ffa1c,warm,210660.856249,201083.0,,False,201082.0,201083.0,13740620000,13740600000,13740620000,453127,99.34,314153370,102,51fefd1e5724248abe2d9581c167392ad244e54ddb704176f4a3f21b053aebee,df4420b42567cbef44c29cfae56ffb5273a581a7ab6aa5581f02766ed51027e9
cap32-measured-18,18,measured,32,559e0bb531b3e4330c532e624d546d616c7849eb,sha256:532a8ccbe2aa5cc8d5d789fd51537f7e03d80aa07758509b75d4e14f13d76079,8042a27018eb9e44eeddf468e18e3fddf387a3bca4e53815388a9e86e1a2cc99,3b381fad43689383d6becd7387bc5ca05222b2656760be8e01c647f79491d2ac,True,True,True,False,False,True,b82a2e6660bbcffa41bc710fa2f5dedd4ece7af377702ba14ae890e0202f8a49,94d7aaa6a19bd1354ac8c10e9ecb4c1099f002a5c1e5ea8e6d36c6d1498618ad,warm,210538.983908,201316.0,,False,201316.0,201316.0,13707880000,13707900000,13707880000,452419,99.4,314048512,123,51fefd1e5724248abe2d9581c167392ad244e54ddb704176f4a3f21b053aebee,87023d788f22b7d6138ace990e0e64541c0c81bb8af647c4ce37b8608b66ce0a
cap32-measured-19,19,measured,32,559e0bb531b3e4330c532e624d546d616c7849eb,sha256:532a8ccbe2aa5cc8d5d789fd51537f7e03d80aa07758509b75d4e14f13d76079,a5fda43ee4009210e4166e1915232ac81544fe072bda4fa96f4fbc88127de4a3,b5f26f4808a587caf1877bed2b6d64a32a5d8b36b6c628313f2d445bd36678e8,True,True,True,False,False,True,29927fef7b2b90e7a8297f61ddb76e178060d046d30d604762af61e57aa07cdd,08345d839c20653f846d25f77e41dac60a5556628ec79f5321a59f8118896d89,warm,212723.760111,203609.0,,False,203608.0,203609.0,13689870000,13689900000,13689870000,452067,98.9,316565094,111,51fefd1e5724248abe2d9581c167392ad244e54ddb704176f4a3f21b053aebee,1abaa2d8d3690d19627eebbee895c1880b09f0af315a2944301baeb96b425474
cap32-measured-20,20,measured,32,559e0bb531b3e4330c532e624d546d616c7849eb,sha256:532a8ccbe2aa5cc8d5d789fd51537f7e03d80aa07758509b75d4e14f13d76079,c1ab71a7b237126f22b0901cd294c979c3531564b1ac341830827ecba64e8040,4b4feaa84b62b8503831a20f25ccbb59d46e4c3860659cef2e6c1e0825f7b596,True,True,True,False,False,True,79d6743e5b111f1d6dc76e1b01331d7fe350296dd560621460ed1813af047c2d,4791562ef7420ed6856f9a195b5263d44793fe711dc1ba36377454b23ed30842,warm,208843.626465,199612.0,,False,199612.0,199612.0,13686390000,13686400000,13686390000,452029,99.05,315411661,104,51fefd1e5724248abe2d9581c167392ad244e54ddb704176f4a3f21b053aebee,df816e2f8d87e0547e7499cf1bcd1fdbe55415a5eb8b298f1b8faa88004af8de
cap32-measured-21,21,measured,32,559e0bb531b3e4330c532e624d546d616c7849eb,sha256:532a8ccbe2aa5cc8d5d789fd51537f7e03d80aa07758509b75d4e14f13d76079,5a3f9f2134f3c19e9cd87f7130973a427d456fbe55ac841463727cda48194f33,8227a952f7d9538141681f848fd1bcffc5877bb5c87aebfc5c8e3c23027aa584,True,True,True,False,False,True,38ca1946bc24f1158b1beaf58f4d9c4e02ef462288709310fc37bc69453b71f1,ce4ce40aed6aeb299133f6a49500e31f9f2077d0a10303e86e66574f873fd709,warm,209923.448617,199981.0,,False,199981.0,199981.0,13699740000,13699700000,13699740000,452308,99.48,314048512,111,51fefd1e5724248abe2d9581c167392ad244e54ddb704176f4a3f21b053aebee,aa10d900c57632b73eeccc23d0cab7914492d7dd29007bea689644c1d53eaced
cap32-measured-22,22,measured,32,559e0bb531b3e4330c532e624d546d616c7849eb,sha256:532a8ccbe2aa5cc8d5d789fd51537f7e03d80aa07758509b75d4e14f13d76079,ebd6936aeb0f82c9e02409f35cebc266cc35eb01d4a2a9a0f5bcc92f2db3e638,42f9bd2e1f83cba214de2b6206df744c7e4b655131b49576856f02560dfd5f5f,True,True,True,False,False,True,54eea0ece9656abad4bc8fc864bf8d0c5fc9d507502368b212566858ec3c9ad4,fe547b56bb60e7ceff4c491a74ae08e4ac592820736e6df2a13d89ed41855262,warm,211488.45008,201843.0,,False,201843.0,201843.0,13703440000,13703400000,13703440000,452326,99.81,313838797,107,51fefd1e5724248abe2d9581c167392ad244e54ddb704176f4a3f21b053aebee,8a214445b8518c90b59eff995a8e12f1511c9bae0951fc77444b0837e05404ca
cap32-measured-23,23,measured,32,559e0bb531b3e4330c532e624d546d616c7849eb,sha256:532a8ccbe2aa5cc8d5d789fd51537f7e03d80aa07758509b75d4e14f13d76079,036ed3e17f4589f069a83789f29ff23b2670a44c275a8468025ff6b85a95eb93,02ae8ec1fcd27c6de88aed4e0a30d767f5a73690c991e8f2ceabab32e6fd391f,True,True,True,False,False,True,6d874291f058d5c69daaacaaaa8eda99834b8c8c324531f5ac4dc94c26ad5953,5d291548c8a389172a107921fdce23bf3dbce35fb4e3dd2caa8552b6b7f23636,warm,210771.821121,201317.0,,False,201317.0,201317.0,13667780000,13667800000,13667780000,451644,98.96,315621376,102,51fefd1e5724248abe2d9581c167392ad244e54ddb704176f4a3f21b053aebee,6d411ef0ab1ea82ffc03de33a2e1ecd6dbc977563041d092a9acc7a436043ac2
cap32-measured-24,24,measured,32,559e0bb531b3e4330c532e624d546d616c7849eb,sha256:532a8ccbe2aa5cc8d5d789fd51537f7e03d80aa07758509b75d4e14f13d76079,e51858353c74db2c21eb09e2e149b9db326a2d07f716d1c5ce80cbde27400f7d,c7d53bf3680a309096885dd286512cba2540aa82bbeefc4742f69db98ae6191c,True,True,True,False,False,True,234adc9bc7dd17bfa97c31d13bc039a6f6902465bdf4cc153c491172a6927a2a,4ef1e30a794fb68d3e13e129906d689f818ddeada67bffdec0ddcd6387c15b78,warm,209762.469977,200305.0,,False,200305.0,200305.0,13695480000,13695500000,13695480000,452226,99.01,314887373,108,51fefd1e5724248abe2d9581c167392ad244e54ddb704176f4a3f21b053aebee,45b226659c689c3da74b969d7d6d780b50fd243243c8b929f909a3c914edad93
cap32-measured-25,25,measured,32,559e0bb531b3e4330c532e624d546d616c7849eb,sha256:532a8ccbe2aa5cc8d5d789fd51537f7e03d80aa07758509b75d4e14f13d76079,71f5e4696172ed54b66bd36ec87a16ebbcbc7855f9a0e24d63a5f3edefcaaafc,7e4f8c71f0b54b4142702a946a1da66eed33528bb26d3fb6a862c69f81672fc3,True,True,True,False,False,True,9e7173aeb6f6468caa961d8c4f967a8d5debd85b4ca11d1cbdf95db7310897e5,d01e4ffe324375f60d20e1c8d4e2ceabc810f99171e81fe6f7413ae109d1cfd2,warm,210172.592739,200379.0,,False,200379.0,200379.0,13672610000,13672600000,13672610000,451759,99.91,321073971,101,51fefd1e5724248abe2d9581c167392ad244e54ddb704176f4a3f21b053aebee,1e7f44623d33a1a05cf0224f078a5d6d1152cbe7983e22e88c28476309271f33
cap32-measured-26,26,measured,32,559e0bb531b3e4330c532e624d546d616c7849eb,sha256:532a8ccbe2aa5cc8d5d789fd51537f7e03d80aa07758509b75d4e14f13d76079,e1df119674939ac762fcbc41ff8da02b8ecb28ebdcaebe12942dd89f2916acbc,cf3d7211a85ce812dbcbca21e84dd50db88b3baa32459e16b715faa53cdfb73a,True,True,True,False,False,True,217b3e461ae256318eac511badb33354c8df82b0ecf8575d0224506555cc0cb1,f70f78e9ccff864c5fe23ec91b1502aee7b14e8a49fbb5154c6d9efa92d9b358,warm,211315.282525,202172.0,,False,202170.0,202172.0,13672220000,13672200000,13672220000,451737,98.53,313524224,106,51fefd1e5724248abe2d9581c167392ad244e54ddb704176f4a3f21b053aebee,6f948927dff2c35609d5f3021f6a45ae34a0167706b21863b146647cb3a086c0
cap32-measured-27,27,measured,32,559e0bb531b3e4330c532e624d546d616c7849eb,sha256:532a8ccbe2aa5cc8d5d789fd51537f7e03d80aa07758509b75d4e14f13d76079,68b68a5aacfd3d62d9a01f03bf95f8fc8ac60e8a207c40a68f9ff5460f9b6835,5af491037e4da91797d15248ca82dede896eca66ef4436d5c773f8d4310b6cd8,True,True,True,False,False,True,1bde99493467d100986d9866ad844bb11e037548a4dcd0f7100520b2329ab527,b05f4745efcb1125f62958c9c22902da7f5a17bdbd4759b76c3c4424843b911c,warm,210030.103639,200449.0,,False,200449.0,200449.0,13666610000,13666600000,13666610000,451578,99.77,313524224,109,51fefd1e5724248abe2d9581c167392ad244e54ddb704176f4a3f21b053aebee,eefee0e3f5143574128c67d4c9e4c3e1a035c7f342811253c6b529f418def93d
cap32-measured-28,28,measured,32,559e0bb531b3e4330c532e624d546d616c7849eb,sha256:532a8ccbe2aa5cc8d5d789fd51537f7e03d80aa07758509b75d4e14f13d76079,209e7d00c27b3960c89a5be3b58d8b6046e345324251dc4e0bfd5ce1c930acf0,fbacff43b84699d5845bf24c42cdf32b977f45e8626a75cf86efa228b9d6d49b,True,True,True,False,False,True,d9a481be983a3d88c65cf3a3ba44059d7a6e1302a605306f66fe1c828882eb6d,ea9b3e3d6110fe0d739592f05bef01fbb35ae3a61ef67fc700dd1d8969916145,warm,212608.42788,203076.0,,False,203076.0,203076.0,13731530000,13731500000,13731530000,452930,98.69,313629082,110,51fefd1e5724248abe2d9581c167392ad244e54ddb704176f4a3f21b053aebee,c2af3ce7e067950df1a3894e2c38ca76cffe6ffcc2b8e6b47edc0f76bbef44fb
cap32-measured-29,29,measured,32,559e0bb531b3e4330c532e624d546d616c7849eb,sha256:532a8ccbe2aa5cc8d5d789fd51537f7e03d80aa07758509b75d4e14f13d76079,57a9f59eb4be7af4b9e952c4726579fcc62a2be67817b1cdd3f2812e76ae53b3,9e1a9d130222238450d245b2cd1e67df1a020b6b797ef01c31866b38acf552fa,True,True,True,False,False,True,db767bb5594fb0be9d3667b4d2daebfc3da997da6aa90cf857944c20c890c594,030ae5b1d708c8425f3683dc77cf212179a46f90965058a818c007795d918df0,warm,211295.755702,200889.0,,False,200889.0,200889.0,13709050000,13709100000,13709050000,452485,99.82,313524224,107,51fefd1e5724248abe2d9581c167392ad244e54ddb704176f4a3f21b053aebee,784a8c1314d74002c9a246e356f5967da07f7c0a1a7b06b43cc67274e383519b
cap32-warmup-00,0,warmup,32,559e0bb531b3e4330c532e624d546d616c7849eb,sha256:532a8ccbe2aa5cc8d5d789fd51537f7e03d80aa07758509b75d4e14f13d76079,d7c75a4967115f7cb788237434ab04e3832ce3b7809dfdad60c8ae094623a6b1,e016e6aabfb506ac7a7b907f336a2e3f767c07d648619a360ba19970cc810e63,True,True,True,False,False,True,f80e389b5b457e42a877001c25f8806ba19bfc07208996e257abd64c71b0445e,8496cf60b0c7343b05dbc1195a33f5166128aabdce8cc00326c10e0597bae9e8,cold,233949.185945,223050.0,,False,223050.0,223050.0,13695480000,13695500000,13695480000,452226,100.29,404435763,115,51fefd1e5724248abe2d9581c167392ad244e54ddb704176f4a3f21b053aebee,eea4fdf0b4989f23ff7326d16c51009f7246193c0e7d705c0e7e6163e244c16f
cap32-warmup-01,1,warmup,32,559e0bb531b3e4330c532e624d546d616c7849eb,sha256:532a8ccbe2aa5cc8d5d789fd51537f7e03d80aa07758509b75d4e14f13d76079,13ea6beaffa41b0b869a154f6dcace60e862c37476ba60563b6ec12cf20553f5,9eed65c8586531d0c3345bc86028ea50ec1f660b6596cb3cd5c11fc9b48ec86e,True,True,True,False,False,True,1f0b01ff71c78dd627b61ada2b30be423e48339592944bac000e667747efdab9,0b05118bf947dcb2103933d633c43f80ecfb17f425a044f5d15473ad51ec0826,warm,245170.864581,234800.0,,False,234798.0,234800.0,13707310000,13707300000,13707310000,452386,99.62,333237453,134,51fefd1e5724248abe2d9581c167392ad244e54ddb704176f4a3f21b053aebee,2ba641abbe2c66f63114bb3ed25ec62e61296f62c614db09152202e907794a9e
cap32-warmup-02,2,warmup,32,559e0bb531b3e4330c532e624d546d616c7849eb,sha256:532a8ccbe2aa5cc8d5d789fd51537f7e03d80aa07758509b75d4e14f13d76079,7b3f6f0bebd2d58626eefebed807dc7398e4c4e13ca17ea8ea3e607b16d96ef3,4a2b293dc874c85be802989ee36624a30a0cc054c771fed17b7b4a0648fc328e,True,True,True,False,False,True,ab7cfe717fd2d0344b660cfdc5a1652418ced50c0f0d3bec5cae56433641be4f,e3d5ed217b868588bfb51f9d762d854547478ff4a53b06ef56388b041f9ec98a,warm,251592.600456,241574.0,,False,241574.0,241574.0,13685010000,13685000000,13685010000,451952,100.38,328833434,123,51fefd1e5724248abe2d9581c167392ad244e54ddb704176f4a3f21b053aebee,b55d986fabfbdc13bbff1792730cbb1a34e8cb97d084db21a2ab7676da7c1f03
cap32-warmup-03,3,warmup,32,559e0bb531b3e4330c532e624d546d616c7849eb,sha256:532a8ccbe2aa5cc8d5d789fd51537f7e03d80aa07758509b75d4e14f13d76079,2c47f10d279eaa64b26785b626b9cc952e4829765cff29a9ea844d599982ed59,6326e6a0086e7bac31f3f24fed5e2813ddb16c0046c6041f46f1e7a0fe32776e,True,True,True,False,False,True,c0277d1fefd8f4cfc971dd8b3bfd53931908695f31ca851b299e08d826691458,58c09b8da51c9622575c70f3b8b831f136b71d088e183b48c3361b197317c45a,warm,241699.71775,228660.0,,False,228656.0,228660.0,13667960000,13668000000,13667960000,451655,99.61,336173466,127,51fefd1e5724248abe2d9581c167392ad244e54ddb704176f4a3f21b053aebee,3c166c14ca83be665b2a0fed029b43592698609ea5ac5f15092d5ddc1cc39ffa
cap32-warmup-04,4,warmup,32,559e0bb531b3e4330c532e624d546d616c7849eb,sha256:532a8ccbe2aa5cc8d5d789fd51537f7e03d80aa07758509b75d4e14f13d76079,f3d8369f69898b011474950f3b1158eead91f5cc6d9f5787f00a256e8ffb4aae,bb3403b1e5b1204170d4fc50a503b42a339e8cec86389c2b3dbd8f1c27063dd5,True,True,True,False,False,True,a700fe35dcc4fad9f8f068015aa3eea9460801bb48683493512acec19053fc8b,708d97fe1960821d90f1c468b53ce315b0700ec0fe33e811146e971c7b6e0a37,warm,228678.925379,217806.0,,False,217806.0,217806.0,13684830000,13684800000,13684830000,451941,100.29,322017690,113,51fefd1e5724248abe2d9581c167392ad244e54ddb704176f4a3f21b053aebee,41c5379a234962c97c3d4fd558df550fa0582a298724dfb4ee7700494c43e65d
