"path","bytes","sha256"
".github/workflows/saib-v2-security.yml","1397","d26407a4329de49f111cf388570b6258178d5c49d61111be0a7cd1b5508510bf"
"experiments/v2/.gitignore","19","862263fa1f46c20f0d1e4dac5ffcc75abd55c08211b2c3864c5f8764b9d87793"
"experiments/v2/configs/auth-scale.yaml","162","10ea64e77946ed71f6ee1302a0f3fba0266adaa2f32fdbf217739cf7bcb5b97f"
"experiments/v2/configs/concurrency.yaml","167","873741bda5428fbb7b0cdcbe78e0daed4af3477f0663410bf6a9e0dcd81a578a"
"experiments/v2/configs/e2e-ablation.yaml","337","abd2be19ae3911826bbfe837175167d249be011cbdc250c6280f181f0b831102"
"experiments/v2/configs/faults.yaml","308","6ed1578b3ffa0af90caed770338bd64d07d4347bd16220b746cf95bc1cd6226a"
"experiments/v2/configs/mpc-scale.yaml","224","c28b82e8505802d0e7342e96bf8af70e209abe500fce05527661ac79a071c866"
"experiments/v2/configs/s1-development.json","526","478753789b3d2a45da7b314cfdddab1cc526b26d0098493688e44aacb330cf79"
"experiments/v2/configs/storage-network.yaml","212","040c3187386fb986d8966827512867588de34c0b5931d76ba9c5c3264b644cd9"
"experiments/v2/figures/.gitkeep","1","01ba4719c80b6fe911b091a7c05124b64eeece964e09c058ef8f9805daca546b"
"experiments/v2/IMPLEMENTATION_AND_EXPERIMENT_INDEX.md","1547","86b7ee26f17333623325fff7de6043c83811729b7ac32350bda843ed6d98f75f"
"experiments/v2/manifests/expert-plan.json","342","68f01cf4e9138d8f28cfa7ea4355d8b335d3d371be2dfa81a87e906b1d626b48"
"experiments/v2/manifests/FORMAL_EXPERIMENTS_DISABLED.md","568","0ca9e08f1dd0b8976977cbd1fcbd7f08bf7048974dc402bd2f88e53cbce7d2fb"
"experiments/v2/manifests/v1-freeze/v1-freeze-metadata.json","5250","36b01eb256227dff9101bfaaf491b75523876099e4d2102686436bab485950e9"
"experiments/v2/manifests/v1-freeze/v1-publication-artifact-sha256.csv","19214","5e1a509558591158ff6de9af2277b7a34d747d25449d22eee72341b7860f8112"
"experiments/v2/manifests/v1-freeze/v1-source-sha256.csv","68115","edbb9e3fc672b2a774760796021199e4a74d038c098ab7a6f4fb42012c8862d9"
"experiments/v2/README.md","853","617322ccc8d8dc8b4f3d1fe5a406d8fcedb2c71bab174b076337125576eb4330"
"experiments/v2/runners/freeze-s1.ps1","5322","2aa9c2d19cd34f53381c19b25a46ca1439ca99bd6e133137ea5c145ba9f7f242"
"experiments/v2/runners/freeze-v1.ps1","3838","b954254bbd10f4a89c03e47666612604a3abe555960a523b58f35e34c4f4d878"
"experiments/v2/runners/require-production.sh","232","93a7a41df296c4fb115ade5a93e402dbebfe0424e642d0ed11fea994d8b2bb39"
"experiments/v2/runners/run-auth.sh","65","c70b27b3cb9f61b8a4b6506faaef72360d2714bde66eb1db4d9221ba363347e8"
"experiments/v2/runners/run-concurrency.sh","65","c70b27b3cb9f61b8a4b6506faaef72360d2714bde66eb1db4d9221ba363347e8"
"experiments/v2/runners/run-e2e.sh","65","c70b27b3cb9f61b8a4b6506faaef72360d2714bde66eb1db4d9221ba363347e8"
"experiments/v2/runners/run-faults.sh","65","c70b27b3cb9f61b8a4b6506faaef72360d2714bde66eb1db4d9221ba363347e8"
"experiments/v2/runners/run-mpc.sh","65","c70b27b3cb9f61b8a4b6506faaef72360d2714bde66eb1db4d9221ba363347e8"
"experiments/v2/runners/run-quality-gates.ps1","2450","1f105c2b0ca077871481c1a24cdfdaa7232cb0d0bed82304c948a65bf99b8cf2"
"experiments/v2/runners/run-s1-security.ps1","3528","4d12b192e985bc4b9a80ba6a4fd46ae2e466f3bcb46ecf149128803af529792b"
"experiments/v2/runners/verify-s1-freeze.ps1","1769","bd773c9b4ad8b881f55153e631ee2d69454fcec71a47b6bf36d8f30b488686dd"
"experiments/v2/runners/verify-v1-freeze.ps1","1623","c222f162ba13a4d1ac038611cd22afe902f760896ccd89c6775d1a66198cfe64"
"experiments/v2/runners/verify-v1-tests.ps1","1545","0cb4020e079a11edaf67a0f3a7ee491b594b0968a70a1fdd9da4698984400410"
"experiments/v2/statistics/test_validate_formal_input.py","1992","f6360875d42bea183e4ff2bcc18aee49be1079cbc23dd2a8090f50a55569eabb"
"experiments/v2/statistics/validate_formal_input.py","4016","ee09f85509a2116fa95d8bd4c70bb39a1bb8d629af705591eb7347be73f53745"
"experiments/v2/workloads/.gitkeep","1","01ba4719c80b6fe911b091a7c05124b64eeece964e09c058ef8f9805daca546b"
"source/v2/chaincode/privacy-state/config.go","4600","7d05cf5ffe99f6b2811153c7883b493ddbd3b9d6eeaa65bdd1b57697a2ad27ab"
"source/v2/chaincode/privacy-state/keys.go","2147","6f48506348ea98aed19409fb7f006982ef2778a2f1911ee5287d71a0645f1564"
"source/v2/chaincode/privacy-state/store.go","3830","7dc5802f7966b1b5cfc41f5e68f316b0d0a8b251ab627ab5be9976a88476b229"
"source/v2/chaincode/private-finalization/contract.go","9049","2a0adc0c06dbead466c5c80832c56b211280552548b10225e77604d22e0713f4"
"source/v2/chaincode/private-task/contract.go","8687","33219acc06f13de9a7e0af9a4a038a8584d7e72477046ab40ae917e2eb64ae66"
"source/v2/cmd/v2-static-check/main.go","4483","2b0244aa7d56a41c7da5eb6efe6438fe89670d3e09c1cab2e68ecaaca149b0d0"
"source/v2/crypto/anoncred/anoncred.go","494","21aebefbb23d24042b7b3efdb718b39fe03fcc1a6ab5f00e1418bdbe6c6f7620"
"source/v2/crypto/anoncred/mock_saib_testbuild.go","1608","89d6188031a2db8223280454b3614c1bb99327d3f0d4783577987bf5eb1a0614"
"source/v2/crypto/credit/credit.go","294","68e77f49bfb30bf2adb775e6fd99e4af2d2eb2dca3aebc68d1f39741d71eb16a"
"source/v2/crypto/credit/mock_saib_testbuild.go","1795","b3bdb642345c52d04232ed0fd0f035df761e3dea0f809f1787ab785573df3255"
"source/v2/crypto/endorsement/endorsement.go","215","652e7c328abb2b20c11f4353917681b0f8625362bd6a99ca08a2bb74ef8240fa"
"source/v2/crypto/endorsement/mock_saib_testbuild.go","1219","0c26acc17bba55d80fdb4e8954297952513bdb01d6febf469d629c0f23601939"
"source/v2/Dockerfile.ci","719","50f4dc1b6e832a1ee20a94e8b684a951e5d7700a833ce8fbe0e03e36c77d8847"
"source/v2/go.mod","64","3a8ab337e15657d1b3b1853d938707b8cbe1defe20f22f2c617faa76523d19f9"
"source/v2/mpc/adapter/adapter.go","1009","2b12118605b6d126f140613aa210254d693c41a68af61ca309352c165d8de5ca"
"source/v2/mpc/adapter/mock_saib_testbuild.go","1876","ed67d1b73ec7593bc82f7f87a1f4a5fcd0b03ea9c727effbdfc186e49cd50011"
"source/v2/protocol/binding/binding.go","7492","4e683a9417eb9cacdfead8653b111ca05bf96f8632ce57e4c7c0fb46b4259a51"
"source/v2/protocol/binding/binding_test.go","5373","5555d008fe69485fc98cbdaaf355c2772d263c200d137ea7a399dd5994c4f9bd"
"source/v2/protocol/canonical/canonical.go","3947","5ae8839227dde21fa76dae025eda728bfde7eddccccd20f67628e94285e365ac"
"source/v2/protocol/messages/messages.go","6847","e5b5970042e0a54abb5f766ff54d873c41ef6f6c16bd6185f406458180a10f3f"
"source/v2/README.md","1139","af18fcb33805fb31466fbb7ab1ab2b2ded2c822a3851d69a2a7e661d0e6cc81d"
"source/v2/runtime/trace/trace.go","2356","190368004815aa04dc612a44e3fe337baf1597e881f91e7a66abe10a704c2b27"
"source/v2/securitytests/helpers_test.go","8364","002df472428b60722493cd8feb015e0cf2859bac3ac6c2f35eec7e1f0b2996c2"
"source/v2/securitytests/x1_unlinkability_state_test.go","2114","f99bc25932ce9a1784a8f0824fc6760c38445605c93239230ea0605f1405018c"
"source/v2/securitytests/x2_mpc_view_test.go","2447","566ae7b54ef62ccfc3c37632a490a69a39b80bc5d8542484bf2743f9db90407c"
"source/v2/securitytests/x3_substitution_test.go","12093","fd4a2e0b724725e3507e5ca735973a70ff8d0a59053176ad9dda471d19195db0"
"source/v2/securitytests/x4_trace_test.go","1622","cf0aeb98161f174e6c53bc2b65a6f16b7363f7f32b780330ef5bee1984f61cec"
