user_count,operation,layer,unit,metric,n_total,n_success,n_numeric,success_rate,mean,median,sample_sd,p95_nearest_rank,mean_ci95_lower,mean_ci95_upper,t_critical_975,minimum,maximum
100,hash_to_prime,global,ms,value,30,30,30,1.000000000,2.030190000,2.001550000,1.078997060,3.858300000,1.627286326,2.433093674,2.045227358,0.517000000,5.486400000
100,hash_to_prime,regional,ms,value,30,30,30,1.000000000,2.441426667,2.008500000,1.481650239,5.649800000,1.888169993,2.994683340,2.045227358,0.503800000,7.446500000
100,member_addition,global,ms,value,30,30,30,1.000000000,1.637903333,1.515550000,0.546622443,2.509700000,1.433791386,1.842015280,2.045227358,0.530300000,2.513100000
100,member_addition,regional,ms,value,30,30,30,1.000000000,1.854623333,1.981250000,0.720612997,2.799600000,1.585542319,2.123704348,2.045227358,0.998800000,4.452800000
100,membership_claim_json_size,two_layer,bytes,value,30,30,30,1.000000000,1920.000000000,1920.000000000,0.000000000,1920.000000000,1920.000000000,1920.000000000,2.045227358,1920.000000000,1920.000000000
100,membership_verification,global,ms,value,30,30,30,1.000000000,1.749226667,1.983050000,0.485243911,2.364100000,1.568033815,1.930419518,2.045227358,0.999800000,3.023600000
100,membership_verification,regional,ms,value,30,30,30,1.000000000,1.688473333,1.560900000,0.583286769,2.501300000,1.470670717,1.906275949,2.045227358,0.519900000,2.866600000
100,public_accumulator_state_json_size,two_layer,bytes,value,30,30,30,1.000000000,11550.000000000,11550.000000000,0.000000000,11550.000000000,11550.000000000,11550.000000000,2.045227358,11550.000000000,11550.000000000
100,revocation,global,ms,value,30,30,30,1.000000000,47.947893333,45.867350000,6.915854113,62.048000000,45.365473851,50.530312816,2.045227358,38.970300000,69.809500000
100,revocation,regional,ms,value,30,30,30,1.000000000,47.638840000,47.789300000,5.821583168,59.264400000,45.465027547,49.812652453,2.045227358,39.730900000,60.074800000
100,single_witness_refresh_after_revocation,global,ms,value,30,30,30,1.000000000,45.887586667,46.558950000,4.258279538,52.620400000,44.297520731,47.477652602,2.045227358,38.657500000,57.090200000
100,single_witness_refresh_after_revocation,regional,ms,value,30,30,30,1.000000000,46.519906667,45.426500000,5.042306720,57.405300000,44.637080497,48.402732836,2.045227358,38.564200000,58.735700000
100,two_layer_claim_generation,two_layer,ms,value,30,30,30,1.000000000,96.183036667,93.893700000,8.265100155,112.770700000,93.096800995,99.269272339,2.045227358,83.826300000,114.262400000
100,two_layer_hash_to_prime,two_layer,ms,value,30,30,30,1.000000000,4.471616667,4.191800000,1.843805445,8.158300000,3.783129167,5.160104166,2.045227358,2.137000000,9.750900000
100,two_layer_member_addition,two_layer,ms,value,30,30,30,1.000000000,3.492526667,3.433650000,0.891646461,4.950400000,3.159580778,3.825472555,2.045227358,2.442500000,6.601900000
100,two_layer_membership_verification,two_layer,ms,value,30,30,30,1.000000000,3.437700000,3.519600000,0.861873537,4.968500000,3.115871491,3.759528509,2.045227358,2.002100000,5.524900000
100,two_layer_revocation,two_layer,ms,value,30,30,30,1.000000000,95.586733333,95.924650000,11.031187154,114.166600000,91.467624955,99.705841712,2.045227358,78.701200000,126.808600000
100,two_layer_single_witness_refresh_after_revocation,two_layer,ms,value,30,30,30,1.000000000,92.407493333,91.392850000,8.108530326,108.370200000,89.379721731,95.435264936,2.045227358,78.413400000,111.356100000
100,witness_generation,global,ms,value,30,30,30,1.000000000,47.718696667,46.781650000,5.813173131,58.660100000,45.548024570,49.889368763,2.045227358,38.715000000,63.811500000
100,witness_generation,regional,ms,value,30,30,30,1.000000000,48.464340000,47.426950000,4.981952309,59.682100000,46.604050513,50.324629487,2.045227358,40.641800000,60.910500000
1000,hash_to_prime,global,ms,value,30,30,30,1.000000000,1.900973333,1.378450000,1.165556541,4.021300000,1.465747854,2.336198812,2.045227358,0.505000000,4.583500000
1000,hash_to_prime,regional,ms,value,30,30,30,1.000000000,2.199180000,2.006200000,1.192060044,5.036100000,1.754057961,2.644302039,2.045227358,0.000000000,5.620500000
1000,member_addition,global,ms,value,30,30,30,1.000000000,1.510490000,1.358050000,0.668870112,2.986900000,1.260730074,1.760249926,2.045227358,0.505900000,3.018700000
1000,member_addition,regional,ms,value,30,30,30,1.000000000,1.650080000,1.510950000,0.559982500,2.587400000,1.440979332,1.859180668,2.045227358,0.996200000,2.775600000
1000,membership_claim_json_size,two_layer,bytes,value,30,30,30,1.000000000,1922.000000000,1922.000000000,0.000000000,1922.000000000,1922.000000000,1922.000000000,2.045227358,1922.000000000,1922.000000000
1000,membership_verification,global,ms,value,30,30,30,1.000000000,1.587236667,1.475900000,0.617328868,2.586700000,1.356722537,1.817750797,2.045227358,0.999500000,3.617200000
1000,membership_verification,regional,ms,value,30,30,30,1.000000000,1.646856667,1.735800000,0.710924099,2.849600000,1.381393542,1.912319792,2.045227358,0.000000000,3.111800000
1000,public_accumulator_state_json_size,two_layer,bytes,value,30,30,30,1.000000000,94352.000000000,94352.000000000,0.000000000,94352.000000000,94352.000000000,94352.000000000,2.045227358,94352.000000000,94352.000000000
1000,revocation,global,ms,value,30,30,30,1.000000000,422.338210000,416.478900000,20.530180769,465.877000000,414.672123074,430.004296926,2.045227358,399.902200000,482.144300000
1000,revocation,regional,ms,value,30,30,30,1.000000000,421.991706667,416.874050000,19.953396066,471.400000000,414.540994448,429.442418886,2.045227358,400.969200000,473.183400000
1000,single_witness_refresh_after_revocation,global,ms,value,30,30,30,1.000000000,425.222710000,416.870200000,28.140008144,476.129000000,414.715070006,435.730349994,2.045227358,391.833600000,512.136200000
1000,single_witness_refresh_after_revocation,regional,ms,value,30,30,30,1.000000000,420.605890000,417.443500000,28.110323689,463.067500000,410.109334351,431.102445649,2.045227358,394.471900000,552.162800000
1000,two_layer_claim_generation,two_layer,ms,value,30,30,30,1.000000000,839.448826667,833.361750000,22.399827580,877.455700000,831.084602927,847.813050406,2.045227358,810.024200000,884.448800000
1000,two_layer_hash_to_prime,two_layer,ms,value,30,30,30,1.000000000,4.100153333,4.066650000,1.382742922,7.009500000,3.583829217,4.616477449,2.045227358,2.017400000,7.029200000
1000,two_layer_member_addition,two_layer,ms,value,30,30,30,1.000000000,3.160570000,3.045500000,0.781980397,4.143700000,2.868574047,3.452565953,2.045227358,1.996100000,5.606100000
1000,two_layer_membership_verification,two_layer,ms,value,30,30,30,1.000000000,3.234093333,3.019800000,0.889858408,4.758000000,2.901815114,3.566371553,2.045227358,1.998700000,5.378000000
1000,two_layer_revocation,two_layer,ms,value,30,30,30,1.000000000,844.329916667,835.837200000,34.317732854,923.870700000,831.515478931,857.144354402,2.045227358,808.245400000,953.544300000
1000,two_layer_single_witness_refresh_after_revocation,two_layer,ms,value,30,30,30,1.000000000,845.828600000,836.015550000,49.601169482,911.359300000,827.307239610,864.349960390,2.045227358,791.182000000,1064.299000000
1000,witness_generation,global,ms,value,30,30,30,1.000000000,418.511136667,414.806350000,14.862593731,447.761200000,412.961359158,424.060914176,2.045227358,402.358200000,457.156400000
1000,witness_generation,regional,ms,value,30,30,30,1.000000000,420.937690000,415.253200000,17.845651445,456.944600000,414.274021678,427.601358322,2.045227358,394.993500000,469.243400000
500,hash_to_prime,global,ms,value,30,30,30,1.000000000,2.105336667,1.998000000,1.183828328,4.142000000,1.663288398,2.547384935,2.045227358,0.997000000,6.072900000
500,hash_to_prime,regional,ms,value,30,30,30,1.000000000,2.008020000,1.999600000,0.697670998,3.010400000,1.747505659,2.268534341,2.045227358,0.996300000,3.522900000
500,member_addition,global,ms,value,30,30,30,1.000000000,1.849776667,1.775400000,0.713961271,3.297300000,1.583179444,2.116373889,2.045227358,0.998400000,3.519000000
500,member_addition,regional,ms,value,30,30,30,1.000000000,1.914003333,2.004300000,0.663317360,3.353700000,1.666316837,2.161689830,2.045227358,0.998900000,3.469500000
500,membership_claim_json_size,two_layer,bytes,value,30,30,30,1.000000000,1920.000000000,1920.000000000,0.000000000,1920.000000000,1920.000000000,1920.000000000,2.045227358,1920.000000000,1920.000000000
500,membership_verification,global,ms,value,30,30,30,1.000000000,1.692560000,1.641850000,0.550668896,2.531400000,1.486937084,1.898182916,2.045227358,0.995900000,3.000100000
500,membership_verification,regional,ms,value,30,30,30,1.000000000,1.796116667,1.921750000,0.641394531,2.631500000,1.556616280,2.035617053,2.045227358,0.507900000,3.328700000
500,public_accumulator_state_json_size,two_layer,bytes,value,30,30,30,1.000000000,48350.000000000,48350.000000000,0.000000000,48350.000000000,48350.000000000,48350.000000000,2.045227358,48350.000000000,48350.000000000
500,revocation,global,ms,value,30,30,30,1.000000000,235.624886667,232.594050000,20.456398424,287.809600000,227.986350490,243.263422843,2.045227358,207.851700000,301.437700000
500,revocation,regional,ms,value,30,30,30,1.000000000,232.528660000,233.271700000,13.227992149,254.592800000,227.589252071,237.468067929,2.045227358,211.264600000,259.013900000
500,single_witness_refresh_after_revocation,global,ms,value,30,30,30,1.000000000,230.333770000,227.894100000,16.585684814,268.607700000,224.140580425,236.526959575,2.045227358,203.356200000,279.245500000
500,single_witness_refresh_after_revocation,regional,ms,value,30,30,30,1.000000000,225.514336667,224.175250000,13.463962100,245.069000000,220.486816209,230.541857125,2.045227358,198.566400000,266.986100000
500,two_layer_claim_generation,two_layer,ms,value,30,30,30,1.000000000,473.466436667,466.112450000,25.371058212,527.232800000,463.992738415,482.940134918,2.045227358,437.161900000,540.072100000
500,two_layer_hash_to_prime,two_layer,ms,value,30,30,30,1.000000000,4.113356667,4.052000000,1.282224417,6.356900000,3.634566735,4.592146598,2.045227358,1.998500000,7.085100000
500,two_layer_member_addition,two_layer,ms,value,30,30,30,1.000000000,3.763780000,3.512400000,0.916258881,5.825100000,3.421643693,4.105916307,2.045227358,2.233800000,6.000800000
500,two_layer_membership_verification,two_layer,ms,value,30,30,30,1.000000000,3.488676667,3.486900000,0.630539587,4.376000000,3.253229578,3.724123755,2.045227358,1.996800000,4.836100000
500,two_layer_revocation,two_layer,ms,value,30,30,30,1.000000000,468.153546667,463.810100000,23.175850044,515.968100000,459.499551701,476.807541633,2.045227358,430.250600000,542.402400000
500,two_layer_single_witness_refresh_after_revocation,two_layer,ms,value,30,30,30,1.000000000,455.848106667,450.750750000,23.629081603,509.321400000,447.024872444,464.671340889,2.045227358,414.880100000,535.593800000
500,witness_generation,global,ms,value,30,30,30,1.000000000,234.358306667,230.333700000,20.839290279,276.282900000,226.576796481,242.139816852,2.045227358,202.048400000,290.247600000
500,witness_generation,regional,ms,value,30,30,30,1.000000000,239.108130000,236.286450000,14.851879854,267.638700000,233.562353114,244.653906886,2.045227358,219.343900000,270.026700000
5000,hash_to_prime,global,ms,value,30,30,30,1.000000000,2.447550000,2.091150000,1.276639506,4.931000000,1.970845507,2.924254493,2.045227358,0.994000000,5.031200000
5000,hash_to_prime,regional,ms,value,30,30,30,1.000000000,1.926373333,1.998050000,1.050025251,5.018100000,1.534287899,2.318458768,2.045227358,0.999600000,5.060700000
5000,member_addition,global,ms,value,30,30,30,1.000000000,1.682176667,1.646750000,0.689836987,3.022100000,1.424587590,1.939765743,2.045227358,0.000000000,3.035800000
5000,member_addition,regional,ms,value,30,30,30,1.000000000,1.640160000,1.514750000,0.717899834,2.996700000,1.372092096,1.908227904,2.045227358,0.000000000,3.070900000
5000,membership_claim_json_size,two_layer,bytes,value,30,30,30,1.000000000,1922.000000000,1922.000000000,0.000000000,1922.000000000,1922.000000000,1922.000000000,2.045227358,1922.000000000,1922.000000000
5000,membership_verification,global,ms,value,30,30,30,1.000000000,1.261276667,1.007200000,0.528068884,2.480300000,1.064092725,1.458460608,2.045227358,0.000000000,2.514600000
5000,membership_verification,regional,ms,value,30,30,30,1.000000000,1.634446667,1.505850000,0.770456971,2.587600000,1.346753627,1.922139707,2.045227358,0.996900000,4.540000000
5000,public_accumulator_state_json_size,two_layer,bytes,value,30,30,30,1.000000000,462352.000000000,462352.000000000,0.000000000,462352.000000000,462352.000000000,462352.000000000,2.045227358,462352.000000000,462352.000000000
5000,revocation,global,ms,value,30,30,30,1.000000000,2046.585826667,2050.454750000,55.023570538,2127.150100000,2026.039710708,2067.131942625,2.045227358,1957.726700000,2187.013900000
5000,revocation,regional,ms,value,30,30,30,1.000000000,2071.902390000,2069.045600000,73.461350361,2226.003700000,2044.471501597,2099.333278403,2.045227358,1941.973000000,2228.136200000
5000,single_witness_refresh_after_revocation,global,ms,value,30,30,30,1.000000000,2086.472260000,2081.265900000,102.085939138,2263.727900000,2048.352786422,2124.591733578,2.045227358,1945.015100000,2305.241200000
5000,single_witness_refresh_after_revocation,regional,ms,value,30,30,30,1.000000000,2058.803866667,2061.956450000,72.664507941,2190.031800000,2031.670523781,2085.937209553,2.045227358,1936.771400000,2193.656700000
5000,two_layer_claim_generation,two_layer,ms,value,30,30,30,1.000000000,4134.600716667,4095.429500000,181.112484444,4512.237000000,4066.972279061,4202.229154272,2.045227358,3906.538000000,4635.283300000
5000,two_layer_hash_to_prime,two_layer,ms,value,30,30,30,1.000000000,4.373923333,4.173300000,1.580701651,7.006100000,3.783680296,4.964166371,2.045227358,2.001400000,8.108300000
5000,two_layer_member_addition,two_layer,ms,value,30,30,30,1.000000000,3.322336667,3.054800000,1.059900804,6.004100000,2.926563644,3.718109689,2.045227358,2.000000000,6.093000000
5000,two_layer_membership_verification,two_layer,ms,value,30,30,30,1.000000000,2.895723333,2.683950000,0.797088790,4.075100000,2.598085820,3.193360846,2.045227358,1.998400000,5.538200000
5000,two_layer_revocation,two_layer,ms,value,30,30,30,1.000000000,4118.488216667,4110.216600000,110.272611630,4284.909300000,4077.311792755,4159.664640578,2.045227358,3916.509600000,4333.006600000
5000,two_layer_single_witness_refresh_after_revocation,two_layer,ms,value,30,30,30,1.000000000,4145.276126667,4165.024650000,153.310257648,4354.125200000,4088.029199568,4202.523053765,2.045227358,3899.492300000,4491.418700000
5000,witness_generation,global,ms,value,30,30,30,1.000000000,2056.607393333,2051.870450000,78.225861923,2200.287600000,2027.397409061,2085.817377606,2.045227358,1936.352200000,2243.335000000
5000,witness_generation,regional,ms,value,30,30,30,1.000000000,2077.993323333,2054.065200000,119.637170798,2317.344500000,2033.320119466,2122.666527201,2.045227358,1939.260900000,2488.620200000
